date,caudal_aguas_calientes_m3_s,volumen_aguas_calientes_mmc
1950-01-01,0.79,2.1159
1950-02-01,0.83,2.0079
1950-03-01,1.08,2.8927
1950-04-01,0.79,2.0477
1950-05-01,0.83,2.2231
1950-06-01,0.95,2.4624
1950-07-01,0.79,2.1159
1950-08-01,0.72,1.9284
1950-09-01,0.5,1.296
1950-10-01,0.54,1.4463
1950-11-01,0.62,1.607
1950-12-01,0.66,1.7677
1951-01-01,1.31,3.5087
1951-02-01,1.74,4.2094
1951-03-01,1.9,5.089
1951-04-01,0.63,1.633
1951-05-01,0.61,1.6338
1951-06-01,0.52,1.3478
1951-07-01,0.48,1.2856
1951-08-01,0.5,1.3392
1951-09-01,0.51,1.3219
1952-01-01,3.06,8.1959
1952-02-01,1.7,4.2595
1952-03-01,0.9,2.4106
1952-04-01,0.8,2.0736
1952-05-01,0.82,2.1963
1952-06-01,0.77,1.9958
1952-07-01,0.73,1.9552
1952-08-01,0.72,1.9284
1952-09-01,0.95,2.4624
1952-10-01,0.71,1.9017
1952-11-01,0.74,1.9181
1952-12-01,0.72,1.9284
1953-01-01,1.05,2.8123
1953-02-01,2.87,6.9431
1953-03-01,3.95,10.5797
1953-04-01,0.85,2.2032
1953-05-01,0.79,2.1159
1953-06-01,0.72,1.8662
1953-07-01,0.72,1.9284
1953-08-01,0.67,1.7945
1953-09-01,0.67,1.7366
1953-10-01,0.73,1.9552
1953-11-01,0.74,1.9181
1953-12-01,0.67,1.7945
1954-01-01,0.8,2.1427
1954-02-01,4.76,11.5154
1954-03-01,2.06,5.5175
1954-04-01,1.12,2.903
1954-05-01,1.04,2.7855
1954-06-01,0.92,2.3846
1954-07-01,0.84,2.2499
1954-08-01,0.83,2.2231
1954-09-01,0.77,1.9958
1954-10-01,0.7,1.8749
1954-11-01,0.83,2.1514
1954-12-01,0.85,2.2766
1955-01-01,2.04,5.4639
1955-02-01,2.09,5.0561
1955-03-01,2.33,6.2407
1955-04-01,0.96,2.4883
1955-05-01,1.0,2.6784
1955-06-01,0.84,2.1773
1955-07-01,0.79,2.1159
1955-08-01,0.76,2.0356
1955-09-01,0.67,1.7366
1955-10-01,0.66,1.7677
1955-11-01,0.78,2.0218
1956-01-01,0.78,2.0892
1956-02-01,0.95,2.3803
1956-03-01,0.79,2.1159
1956-04-01,0.72,1.8662
1956-05-01,0.65,1.741
1956-06-01,0.64,1.6589
1956-07-01,0.61,1.6338
1956-08-01,0.61,1.6338
1956-09-01,0.61,1.5811
1956-10-01,0.61,1.6338
1956-11-01,0.66,1.7107
1956-12-01,0.72,1.9284
1957-01-01,0.69,1.8481
1957-02-01,0.8,1.9354
1957-03-01,0.89,2.3838
1957-04-01,0.48,1.2442
1957-05-01,0.67,1.7945
1957-06-01,0.69,1.7885
1957-07-01,0.64,1.7142
1957-08-01,0.63,1.6874
1957-09-01,0.72,1.8662
1957-10-01,0.61,1.6338
1957-11-01,0.67,1.7366
1957-12-01,0.99,2.6516
1958-01-01,1.31,3.5087
1958-02-01,1.06,2.5644
1958-03-01,1.49,3.9908
1958-04-01,0.79,2.0477
1958-05-01,0.63,1.6874
1958-06-01,0.62,1.607
1958-07-01,0.63,1.6874
1958-08-01,0.61,1.6338
1958-09-01,0.62,1.607
1958-10-01,0.66,1.7677
1958-11-01,0.61,1.5811
1958-12-01,0.62,1.6606
1959-01-01,0.71,1.9017
1959-02-01,1.06,2.5644
1959-03-01,1.49,3.9908
1959-04-01,0.79,2.0477
1959-05-01,0.63,1.6874
1959-06-01,0.62,1.607
1959-07-01,0.63,1.6874
1959-08-01,0.6,1.607
1959-09-01,0.6,1.5552
1959-10-01,0.6,1.607
1959-11-01,0.61,1.5811
1959-12-01,0.67,1.7945
1960-01-01,0.71,1.9017
1960-02-01,0.85,2.1298
1960-03-01,0.73,1.9552
1960-04-01,0.73,1.8922
1960-05-01,0.6,1.607
1960-06-01,0.61,1.5811
1960-07-01,0.61,1.6338
1960-08-01,0.61,1.6338
1960-09-01,0.55,1.4256
1960-10-01,0.51,1.366
1960-11-01,0.53,1.3738
1960-12-01,0.73,1.9552
1961-01-01,1.55,4.1515
1961-02-01,2.13,5.1529
1961-03-01,1.04,2.7855
1961-04-01,0.65,1.6848
1961-05-01,0.6,1.607
1961-06-01,0.57,1.4774
1961-07-01,0.55,1.4731
1961-08-01,0.51,1.366
1961-09-01,0.53,1.3738
1962-01-01,1.02,2.732
1962-02-01,1.29,3.1208
1962-03-01,0.75,2.0088
1962-04-01,0.76,1.9699
1962-05-01,0.53,1.4196
1962-06-01,0.5,1.296
1962-07-01,0.52,1.3928
1962-08-01,0.5,1.3392
1962-09-01,0.55,1.4256
1962-10-01,0.53,1.4196
1962-11-01,0.56,1.4515
1962-12-01,0.59,1.5803
1963-01-01,0.77,2.0624
1963-02-01,1.84,4.4513
1963-03-01,2.07,5.5443
1963-04-01,0.76,1.9699
1963-05-01,0.63,1.6874
1963-06-01,0.6,1.5552
1963-07-01,0.54,1.4463
1963-08-01,0.58,1.5535
1963-09-01,0.54,1.3997
1963-10-01,0.6,1.607
1963-11-01,0.62,1.607
1963-12-01,0.65,1.741
1964-01-01,0.49,1.3124
1964-02-01,0.78,1.9544
1964-03-01,1.05,2.8123
1964-04-01,0.96,2.4883
1964-05-01,0.81,2.1695
1964-06-01,0.79,2.0477
1964-07-01,0.83,2.2231
1964-08-01,0.73,1.9552
1964-09-01,0.58,1.5034
1964-10-01,0.6,1.607
1964-11-01,0.6,1.5552
1964-12-01,0.62,1.6606
1965-01-01,0.61,1.6338
1965-02-01,1.01,2.4434
1965-03-01,0.69,1.8481
1965-04-01,0.59,1.5293
1965-05-01,0.69,1.8481
1965-06-01,0.62,1.607
1965-07-01,0.63,1.6874
1965-08-01,0.53,1.4196
1965-09-01,0.55,1.4256
1965-10-01,0.52,1.3928
1965-11-01,0.44,1.1405
1965-12-01,0.47,1.2588
1966-01-01,0.54,1.4463
1966-02-01,0.73,1.766
1966-03-01,0.7,1.8749
1966-04-01,0.57,1.4774
1966-05-01,0.54,1.4463
1966-06-01,0.53,1.3738
1966-07-01,0.55,1.4731
1966-08-01,0.56,1.4999
1966-09-01,0.54,1.3997
1966-10-01,0.52,1.3928
1966-11-01,0.56,1.4515
1966-12-01,0.61,1.6338
1967-01-01,0.49,1.3124
1967-02-01,0.78,1.887
1967-03-01,1.01,2.7052
1967-04-01,0.53,1.3738
1967-05-01,0.7,1.8749
1967-06-01,0.65,1.6848
1967-07-01,0.73,1.9552
1967-08-01,0.72,1.9284
1967-09-01,0.71,1.8403
1967-10-01,0.68,1.8213
1967-11-01,0.64,1.6589
1967-12-01,0.65,1.741
1968-01-01,0.92,2.4641
1968-02-01,1.55,3.8837
1968-03-01,1.66,4.4461
1968-04-01,0.99,2.5661
1968-05-01,0.96,2.5713
1968-06-01,0.94,2.4365
1968-07-01,0.79,2.1159
1968-08-01,0.66,1.7677
1968-09-01,0.62,1.607
1968-10-01,0.59,1.5803
1968-11-01,0.56,1.4515
1968-12-01,0.6,1.607
1969-01-01,1.83,4.9015
1969-02-01,3.86,9.3381
1969-03-01,1.38,3.6962
1969-04-01,0.76,1.9699
1969-05-01,0.7,1.8749
1969-06-01,0.77,1.9958
1969-07-01,0.78,2.0892
1969-08-01,0.75,2.0088
1969-09-01,0.61,1.5811
1969-10-01,0.59,1.5803
1969-11-01,0.56,1.4515
1969-12-01,0.57,1.5267
1970-01-01,0.75,2.0088
1970-02-01,0.85,2.0563
1970-03-01,0.71,1.9017
1970-04-01,0.56,1.4515
1970-05-01,0.53,1.4196
1970-06-01,0.52,1.3478
1970-07-01,0.55,1.4731
1970-08-01,0.56,1.4999
1970-09-01,0.57,1.4774
1970-10-01,0.56,1.4999
1970-11-01,0.57,1.4774
1970-12-01,0.65,1.741
1971-01-01,0.77,2.0624
1971-02-01,1.6,3.8707
1971-03-01,0.87,2.3302
1971-04-01,0.56,1.4515
1971-05-01,0.54,1.4463
1971-06-01,0.57,1.4774
1971-07-01,0.55,1.4731
1971-08-01,0.51,1.366
1971-09-01,0.53,1.3738
1971-10-01,0.44,1.1785
1971-11-01,0.44,1.1405
1971-12-01,0.47,1.2588
1972-01-01,1.71,4.5801
1972-02-01,3.05,7.6421
1972-03-01,2.92,7.8209
1972-04-01,1.06,2.7475
1972-05-01,0.68,1.8213
1972-06-01,0.59,1.5293
1972-07-01,0.57,1.5267
1972-08-01,0.51,1.366
1972-09-01,0.53,1.3738
1972-10-01,0.44,1.1785
1972-11-01,0.44,1.1405
1972-12-01,0.47,1.2588
1973-01-01,1.13,3.0266
1973-02-01,2.61,6.3141
1973-03-01,2.06,5.5175
1973-04-01,0.87,2.255
1973-05-01,0.76,2.0356
1973-06-01,0.69,1.7885
1973-07-01,0.69,1.8481
1973-08-01,0.58,1.5535
1973-09-01,0.56,1.4515
1973-10-01,0.51,1.366
1973-11-01,0.51,1.3219
1973-12-01,0.51,1.366
1974-01-01,1.48,3.964
1974-02-01,2.27,5.4916
1974-03-01,2.62,7.0174
1974-04-01,0.72,1.8662
1974-05-01,0.74,1.982
1974-06-01,0.66,1.7107
1974-07-01,0.74,1.982
1974-08-01,0.7,1.8749
1974-09-01,0.59,1.5293
1974-10-01,0.61,1.6338
1974-11-01,0.65,1.6848
1974-12-01,0.56,1.4999
1975-01-01,1.31,3.5087
1975-02-01,2.46,5.9512
1975-03-01,2.87,7.687
1975-04-01,1.02,2.6438
1975-05-01,0.82,2.1963
1975-06-01,0.72,1.8662
1975-07-01,0.71,1.9017
1975-08-01,0.64,1.7142
1975-09-01,0.62,1.607
1975-10-01,0.59,1.5803
1975-11-01,0.91,2.3587
1976-01-01,1.14,3.0534
1976-02-01,3.26,8.1683
1976-03-01,3.89,10.419
1976-04-01,0.99,2.5661
1976-05-01,0.88,2.357
1976-06-01,0.82,2.1254
1976-07-01,0.76,2.0356
1976-08-01,0.74,1.982
1976-09-01,0.66,1.7107
1976-10-01,0.62,1.6606
1976-11-01,0.65,1.6848
1976-12-01,0.62,1.6606
1977-01-01,0.97,2.598
1977-02-01,2.68,6.4835
1977-03-01,3.89,10.419
1977-04-01,0.99,2.5661
1977-05-01,0.88,2.357
1977-06-01,0.82,2.1254
1977-07-01,0.76,2.0356
1977-08-01,0.79,2.1159
1977-09-01,0.67,1.7366
1977-10-01,0.66,1.7677
1977-11-01,0.64,1.6589
1977-12-01,0.62,1.6606
1978-01-01,0.97,2.598
1978-02-01,1.7,4.1126
1978-03-01,0.7,1.8749
1978-04-01,0.67,1.7366
1978-05-01,0.63,1.6874
1978-06-01,0.67,1.7366
1978-07-01,0.62,1.6606
1978-08-01,0.6,1.607
1978-09-01,0.57,1.4774
1978-10-01,0.54,1.4463
1978-11-01,0.54,1.3997
1978-12-01,0.57,1.5267
1979-01-01,0.68,1.8213
1979-02-01,0.56,1.3548
1979-03-01,1.18,3.1605
1979-04-01,0.67,1.7366
1979-05-01,0.63,1.6874
1979-06-01,0.63,1.633
1979-07-01,0.63,1.6874
1979-08-01,0.59,1.5803
1979-09-01,0.57,1.4774
1979-10-01,0.53,1.4196
1979-11-01,0.49,1.2701
1979-12-01,0.57,1.5267
1980-01-01,0.58,1.5535
1980-02-01,0.53,1.328
1980-03-01,0.8,2.1427
1980-04-01,0.58,1.5034
1980-05-01,0.56,1.4999
1980-06-01,0.55,1.4256
1980-07-01,0.56,1.4999
1980-08-01,0.53,1.4196
1980-09-01,0.5,1.296
1980-10-01,0.52,1.3928
1980-11-01,0.46,1.1923
1980-12-01,0.44,1.1785
1981-01-01,0.57,1.5267
1981-02-01,1.34,3.2417
1981-03-01,1.1,2.9462
1981-04-01,0.71,1.8403
1981-05-01,0.6,1.607
1981-06-01,0.59,1.5293
1981-07-01,0.57,1.5267
1981-08-01,0.56,1.4999
1981-11-01,0.49,1.2701
1982-01-01,0.62,1.6606
1982-02-01,0.72,1.7418
1982-03-01,0.65,1.741
1982-04-01,0.56,1.4515
1982-05-01,0.55,1.4731
1982-06-01,0.6,1.5552
1982-07-01,0.59,1.5803
1982-08-01,0.54,1.4463
1982-09-01,0.5,1.296
1982-10-01,0.5,1.3392
1982-11-01,0.48,1.2442
1982-12-01,0.52,1.3928
1983-01-01,0.43,1.1517
1983-02-01,0.38,0.9193
1983-03-01,0.43,1.1517
1983-04-01,0.44,1.1405
1983-05-01,0.48,1.2856
1983-06-01,0.49,1.2701
1983-07-01,0.45,1.2053
1983-08-01,0.45,1.2053
1983-09-01,0.39,1.0109
1983-10-01,0.42,1.1249
1983-11-01,0.39,1.0109
1983-12-01,0.41,1.0981
1984-01-01,0.81,2.1695
1984-02-01,1.89,4.7356
1984-03-01,1.49,3.9908
1984-04-01,0.78,2.0218
1984-05-01,0.57,1.5267
1984-06-01,0.59,1.5293
1984-07-01,0.58,1.5535
1986-01-01,1.68,4.4997
1986-02-01,2.85,6.8947
1986-03-01,1.72,4.6068
1986-04-01,1.03,2.6698
1986-05-01,0.8,2.1427
1986-06-01,0.74,1.9181
1986-08-01,0.68,1.8213
1986-09-01,0.6,1.5552
1986-10-01,0.55,1.4731
1986-11-01,0.55,1.4256
1986-12-01,0.7,1.8749
1987-01-01,2.33,6.2407
1987-02-01,1.22,2.9514
1987-03-01,0.79,2.1159
1987-04-01,0.68,1.7626
1987-05-01,0.67,1.7945
1987-06-01,0.75,1.944
1987-07-01,0.64,1.7142
1987-08-01,0.57,1.5267
1987-09-01,0.54,1.3997
1987-10-01,0.52,1.3928
1987-11-01,0.5,1.296
1988-01-01,0.9,2.4106
1988-02-01,0.94,2.3553
1988-03-01,1.05,2.8123
1988-04-01,0.89,2.3069
1988-05-01,0.67,1.7945
1989-01-01,0.62,1.6606
1989-02-01,3.84,9.2897
1989-03-01,0.93,2.4909
1989-04-01,0.84,2.1773
1989-05-01,0.7,1.8749
1989-06-01,0.62,1.607
1989-07-01,0.59,1.5803
1989-08-01,0.51,1.366
1989-09-01,0.52,1.3478
1989-10-01,0.49,1.3124
1989-11-01,0.45,1.1664
1989-12-01,0.4,1.0714
