date,caudal_santodomingo_hc_m3s,volumen_santodomingo_hc_mmc
1960-01-01,25.921,69.43
1960-02-01,30.995,77.66
1960-03-01,34.65,92.81
1960-04-01,13.477,34.93
1960-05-01,6.92,18.53
1960-06-01,4.818,12.49
1960-07-01,4.436,11.88
1960-08-01,4.361,11.68
1960-09-01,4.539,11.77
1960-10-01,5.092,13.64
1960-11-01,6.114,15.85
1960-12-01,5.923,15.86
1961-01-01,21.989,58.9
1961-02-01,56.822,137.46
1961-03-01,39.5,105.8
1961-04-01,47.783,123.85
1961-05-01,11.549,30.93
1961-06-01,5.228,13.55
1961-07-01,5.134,13.75
1961-08-01,4.901,13.13
1961-09-01,4.713,12.22
1961-10-01,4.834,12.95
1961-11-01,11.485,29.77
1961-12-01,40.326,108.01
1962-01-01,35.551,95.22
1962-02-01,31.85,77.05
1962-03-01,59.063,158.19
1962-04-01,26.903,69.73
1962-05-01,11.274,30.2
1962-06-01,6.376,16.53
1962-07-01,5.583,14.95
1962-08-01,5.123,13.72
1962-09-01,4.815,12.48
1962-10-01,5.144,13.78
1962-11-01,5.913,15.33
1962-12-01,6.673,17.87
1963-01-01,24.779,66.37
1963-02-01,53.457,129.32
1963-03-01,82.614,221.27
1963-04-01,32.618,84.55
1963-05-01,9.755,26.13
1963-06-01,5.925,15.36
1963-07-01,6.758,18.1
1963-08-01,5.434,14.55
1963-09-01,5.068,13.14
1963-10-01,5.16,13.82
1963-11-01,10.207,26.46
1963-12-01,23.995,64.27
1964-01-01,11.116,29.77
1964-02-01,36.754,92.09
1964-03-01,69.567,186.33
1964-04-01,41.685,108.05
1964-05-01,12.977,34.76
1964-06-01,7.893,20.46
1964-07-01,5.776,15.47
1964-08-01,5.933,15.89
1964-09-01,5.407,14.01
1964-10-01,6.26,16.77
1964-11-01,8.022,20.79
1964-12-01,6.871,18.4
1965-01-01,13.402,35.9
1965-02-01,37.006,89.52
1965-03-01,97.351,260.74
1965-04-01,19.952,51.72
1965-05-01,8.71,23.33
1965-06-01,6.535,16.94
1965-07-01,5.545,14.85
1965-08-01,5.204,13.94
1965-09-01,4.723,12.24
1965-10-01,4.807,12.88
1965-11-01,5.846,15.15
1965-12-01,7.573,20.28
1966-01-01,16.599,44.46
1966-02-01,13.929,33.7
1966-03-01,24.506,65.64
1966-04-01,10.705,27.75
1966-05-01,6.451,17.28
1966-06-01,4.969,12.88
1966-07-01,4.048,10.84
1966-08-01,3.464,9.28
1966-09-01,3.175,8.23
1966-10-01,8.92,23.89
1966-11-01,9.503,24.63
1966-12-01,19.484,52.19
1967-01-01,34.426,92.21
1967-02-01,135.475,327.74
1967-03-01,113.572,304.19
1967-04-01,20.757,53.8
1967-05-01,10.979,29.41
1967-06-01,7.069,18.32
1967-07-01,5.915,15.84
1967-08-01,5.509,14.76
1967-09-01,5.298,13.73
1967-10-01,7.768,20.81
1967-11-01,6.769,17.55
1967-12-01,7.743,20.74
1968-01-01,12.88,34.5
1968-02-01,11.044,27.67
1968-03-01,22.374,59.93
1968-04-01,12.006,31.12
1968-05-01,4.505,12.07
1968-06-01,4.157,10.77
1968-07-01,4.144,11.1
1968-08-01,4.024,10.78
1968-09-01,3.743,9.7
1968-10-01,5.132,13.75
1968-11-01,7.657,19.85
1968-12-01,7.321,19.61
1969-01-01,6.923,18.54
1969-02-01,12.112,29.3
1969-03-01,52.285,140.04
1969-04-01,28.287,73.32
1969-05-01,6.105,16.35
1969-06-01,4.301,11.15
1969-07-01,3.879,10.39
1969-08-01,3.702,9.92
1969-09-01,3.356,8.7
1969-10-01,4.397,11.78
1969-11-01,4.361,11.3
1969-12-01,33.986,91.03
1970-01-01,85.506,229.02
1970-02-01,26.894,65.06
1970-03-01,23.886,63.98
1970-04-01,17.836,46.23
1970-05-01,12.505,33.49
1970-06-01,8.835,22.9
1970-07-01,5.787,15.5
1970-08-01,4.688,12.56
1970-09-01,7.183,18.62
1970-10-01,5.525,14.8
1970-11-01,7.015,18.18
1970-12-01,13.693,36.68
1971-01-01,25.939,69.48
1971-02-01,36.55,88.42
1971-03-01,50.191,134.43
1971-04-01,25.75,66.74
1971-05-01,8.302,22.24
1971-06-01,6.954,18.02
1971-07-01,5.954,15.95
1971-08-01,5.57,14.92
1971-09-01,5.167,13.39
1971-10-01,4.986,13.35
1971-11-01,5.896,15.28
1971-12-01,9.962,26.68
1972-01-01,31.217,83.61
1972-02-01,36.667,91.87
1972-03-01,219.398,587.64
1972-04-01,39.674,102.84
1972-05-01,15.436,41.34
1972-06-01,10.325,26.76
1972-07-01,7.187,19.25
1972-08-01,6.888,18.45
1972-09-01,6.114,15.85
1972-10-01,6.013,16.11
1972-11-01,6.457,16.74
1972-12-01,16.384,43.88
1973-01-01,45.165,120.97
1973-02-01,47.643,115.26
1973-03-01,72.174,193.31
1973-04-01,43.728,113.34
1973-05-01,17.917,47.99
1973-06-01,10.169,26.36
1973-07-01,7.313,19.59
1973-08-01,6.798,18.21
1973-09-01,7.6,19.7
1973-10-01,9.163,24.54
1973-11-01,9.047,23.45
1973-12-01,24.896,66.68
1974-01-01,39.763,106.5
1974-02-01,58.194,140.78
1974-03-01,61.669,165.17
1974-04-01,24.918,64.59
1974-05-01,12.588,33.72
1974-06-01,9.462,24.53
1974-07-01,7.744,20.74
1974-08-01,7.313,19.59
1974-09-01,5.985,15.51
1974-10-01,5.019,13.44
1974-11-01,5.567,14.43
1974-12-01,5.633,15.09
1975-01-01,15.167,40.62
1975-02-01,16.218,39.23
1975-03-01,60.068,160.89
1975-04-01,18.395,47.68
1975-05-01,10.143,27.17
1975-06-01,7.332,19.0
1975-07-01,5.556,14.88
1975-08-01,5.456,14.61
1975-09-01,5.461,14.15
1975-10-01,5.725,15.33
1975-11-01,6.128,15.88
1975-12-01,7.944,21.28
1976-01-01,22.982,61.55
1976-02-01,47.141,118.12
1976-03-01,43.0,115.17
1976-04-01,20.66,53.55
1976-05-01,9.561,25.61
1976-06-01,7.419,19.23
1976-07-01,6.191,16.58
1976-08-01,5.622,15.06
1976-09-01,5.976,15.49
1976-10-01,4.968,13.31
1976-11-01,4.91,12.73
1976-12-01,6.558,17.56
1977-01-01,11.036,29.56
1977-02-01,51.774,125.25
1977-03-01,45.485,121.83
1977-04-01,19.713,51.1
1977-05-01,8.839,23.67
1977-06-01,6.279,16.28
1977-07-01,5.472,14.66
1977-08-01,4.845,12.98
1977-09-01,4.326,11.21
1977-10-01,4.396,11.77
1977-11-01,10.381,26.91
1977-12-01,10.754,28.8
1978-01-01,10.031,26.87
1978-02-01,31.557,76.34
1978-03-01,20.857,55.86
1978-04-01,13.294,34.46
1978-05-01,6.388,17.11
1978-06-01,5.398,13.99
1978-07-01,4.407,11.8
1978-08-01,4.342,11.63
1978-09-01,4.94,12.8
1978-10-01,4.581,12.27
1978-11-01,6.47,16.77
1978-12-01,8.047,21.55
1979-01-01,6.631,17.76
1979-02-01,26.25,63.5
1979-03-01,51.204,137.14
1979-04-01,13.295,34.46
1979-05-01,6.193,16.59
1979-06-01,6.126,15.88
1979-07-01,4.821,12.91
1979-08-01,4.768,12.77
1979-09-01,3.888,10.08
1979-10-01,3.756,10.06
1979-11-01,4.002,10.37
1979-12-01,4.606,12.34
1980-01-01,18.908,50.64
1980-02-01,9.894,24.79
1980-03-01,19.854,53.18
1980-04-01,14.766,38.27
1980-05-01,6.52,17.46
1980-06-01,6.189,16.04
1980-07-01,4.126,11.05
1980-08-01,3.903,10.45
1980-09-01,3.894,10.09
1980-10-01,6.619,17.73
1980-11-01,6.627,17.18
1980-12-01,12.446,33.34
1981-01-01,15.639,41.89
1981-02-01,65.193,157.71
1981-03-01,68.987,184.77
1981-04-01,25.927,67.2
1981-05-01,7.964,21.33
1981-06-01,6.948,18.01
1981-07-01,5.655,15.15
1981-08-01,5.121,13.72
1981-09-01,5.255,13.62
1981-10-01,5.941,15.91
1981-11-01,8.004,20.75
1981-12-01,11.573,31.0
1982-01-01,14.634,39.2
1982-02-01,48.401,117.09
1982-03-01,22.939,61.44
1982-04-01,18.488,47.92
1982-05-01,8.797,23.56
1982-06-01,6.625,17.17
1982-07-01,5.628,15.07
1982-08-01,5.685,15.23
1982-09-01,5.243,13.59
1982-10-01,5.469,14.65
1982-11-01,16.964,43.97
1982-12-01,15.522,41.57
1983-01-01,26.945,72.17
1983-02-01,51.894,125.54
1983-03-01,47.036,125.98
1983-04-01,39.019,101.14
1983-05-01,9.266,24.82
1983-06-01,5.251,13.61
1983-07-01,4.835,12.95
1983-08-01,4.513,12.09
1983-09-01,4.204,10.9
1983-10-01,4.917,13.17
1983-11-01,4.961,12.86
1983-12-01,11.476,30.74
1984-01-01,13.086,35.05
1984-02-01,62.945,157.71
1984-03-01,48.904,130.98
1984-04-01,22.615,58.62
1984-05-01,12.584,33.7
1984-06-01,9.271,24.03
1984-07-01,6.557,17.56
1984-08-01,5.814,15.57
1984-09-01,5.313,13.77
1984-10-01,6.59,17.65
1984-11-01,7.563,19.6
1984-12-01,13.628,36.5
1985-01-01,9.199,24.64
1985-02-01,18.091,43.77
1985-03-01,39.059,104.62
1985-04-01,20.077,52.04
1985-05-01,12.578,33.69
1985-06-01,8.462,21.93
1985-07-01,6.575,17.61
1985-08-01,5.913,15.84
1985-09-01,5.909,15.32
1985-10-01,6.616,17.72
1985-11-01,5.396,13.99
1985-12-01,11.407,30.55
1986-01-01,30.152,80.76
1986-02-01,35.675,86.3
1986-03-01,46.922,125.68
1986-04-01,35.338,91.6
1986-05-01,19.197,51.42
1986-06-01,9.225,23.91
1986-07-01,6.471,17.33
1986-08-01,5.699,15.26
1986-09-01,5.679,14.72
1986-10-01,5.404,14.47
1986-11-01,5.786,15.0
1986-12-01,15.371,41.17
1987-01-01,46.064,123.38
1987-02-01,77.763,188.12
1987-03-01,27.416,73.43
1987-04-01,15.508,40.2
1987-05-01,12.121,32.46
1987-06-01,4.567,11.84
1987-07-01,4.518,12.1
1987-08-01,5.255,14.07
1987-09-01,4.723,12.24
1987-10-01,4.935,13.22
1987-11-01,5.573,14.45
1987-12-01,10.588,28.36
1988-01-01,12.074,32.34
1988-02-01,27.565,69.07
1988-03-01,23.676,63.41
1988-04-01,10.904,28.26
1988-05-01,7.371,19.74
1988-06-01,6.199,16.07
1988-07-01,5.466,14.64
1988-08-01,4.85,12.99
1988-09-01,5.514,14.29
1988-10-01,4.6,12.32
1988-11-01,4.199,10.88
1988-12-01,5.064,13.56
1989-01-01,27.77,74.38
1989-02-01,48.104,116.37
1989-03-01,36.635,98.12
1989-04-01,28.563,74.04
1989-05-01,13.419,35.94
1989-06-01,9.944,25.77
1989-07-01,6.805,18.23
1989-08-01,3.686,9.87
1989-09-01,3.616,9.37
1989-10-01,8.365,22.4
1989-11-01,4.172,10.81
1989-12-01,3.547,9.5
1990-01-01,17.0,45.53
1990-02-01,7.848,18.99
1990-03-01,12.419,33.26
1990-04-01,5.068,13.14
1990-05-01,4.15,11.12
1990-06-01,4.469,11.58
1990-07-01,3.891,10.42
1990-08-01,2.923,7.83
1990-09-01,3.806,9.87
1990-10-01,7.062,18.91
1990-11-01,17.832,46.22
1990-12-01,11.701,31.34
1991-01-01,19.272,51.62
1991-02-01,17.414,42.13
1991-03-01,36.335,97.32
1991-04-01,9.095,23.57
1991-05-01,7.398,19.81
1991-06-01,5.382,13.95
1991-07-01,4.781,12.81
1991-08-01,4.136,11.08
1991-09-01,4.0,10.37
1991-10-01,4.857,13.01
1991-11-01,7.0,18.14
1991-12-01,10.0,26.78
1992-01-01,5.69,15.24
1992-02-01,6.0,15.03
1992-03-01,9.7,25.98
1992-04-01,7.757,20.11
1992-05-01,4.353,11.66
1992-06-01,3.001,7.78
1992-07-01,2.918,7.82
1992-08-01,2.346,6.28
1992-09-01,2.747,7.12
1992-10-01,4.469,11.97
1992-11-01,3.336,8.65
1992-12-01,3.641,9.75
1993-01-01,8.65,23.17
1993-02-01,26.277,63.57
1993-03-01,28.695,76.86
1993-04-01,18.561,48.11
1993-05-01,11.388,30.5
1993-06-01,5.984,15.51
1993-07-01,4.324,11.58
1993-08-01,3.359,9.0
1993-09-01,3.904,10.12
1993-10-01,4.67,12.51
1993-11-01,16.262,42.15
1993-12-01,23.094,61.85
1994-01-01,20.322,54.43
1994-02-01,35.944,86.96
1994-03-01,65.914,176.54
1994-04-01,50.93,132.01
1994-05-01,19.646,52.62
1994-06-01,9.3,24.11
1994-07-01,5.67,15.19
1994-08-01,4.943,13.24
1994-09-01,4.495,11.65
1994-10-01,6.205,16.62
1994-11-01,5.776,14.97
1994-12-01,5.658,15.15
1995-01-01,13.141,35.2
1995-02-01,9.377,22.68
1995-03-01,15.995,42.84
1995-04-01,15.453,40.05
1995-05-01,6.196,16.6
1995-06-01,4.601,11.93
1995-07-01,4.901,13.13
1995-08-01,4.082,10.93
1995-09-01,2.88,7.46
1995-10-01,3.859,10.34
1995-11-01,6.072,15.74
1995-12-01,10.208,27.34
1996-01-01,20.356,54.52
1996-02-01,57.439,143.92
1996-03-01,59.591,159.61
1996-04-01,38.134,98.84
1996-05-01,9.765,26.15
1996-06-01,5.133,13.3
1996-07-01,4.435,11.88
1996-08-01,4.917,13.17
1996-09-01,4.547,11.79
1996-10-01,4.85,12.99
1996-11-01,4.112,10.66
1996-12-01,7.388,19.79
1997-01-01,15.584,41.74
1997-02-01,39.115,94.63
1997-03-01,24.261,64.98
1997-04-01,6.15,15.94
1997-05-01,4.385,11.74
1997-06-01,4.092,10.61
1997-07-01,3.894,10.43
1997-08-01,3.576,9.58
1997-09-01,3.98,10.32
1997-10-01,3.676,9.85
1997-11-01,7.734,20.05
1997-12-01,33.966,90.97
1998-01-01,66.38,177.79
1998-02-01,69.263,167.56
1998-03-01,74.166,198.65
1998-04-01,32.779,84.96
1998-05-01,8.404,22.51
1998-06-01,4.83,12.52
1998-07-01,4.415,11.83
1998-08-01,4.517,12.1
1998-09-01,4.294,11.13
1998-10-01,7.727,20.7
1998-11-01,6.986,18.11
1998-12-01,6.511,17.44
1999-01-01,10.307,27.61
1999-02-01,46.673,112.91
1999-03-01,43.775,117.25
1999-04-01,43.073,111.65
1999-05-01,11.09,29.7
1999-06-01,6.929,17.96
1999-07-01,4.728,12.66
1999-08-01,3.431,9.19
1999-09-01,4.344,11.26
1999-10-01,5.363,14.36
1999-11-01,4.571,11.85
1999-12-01,10.875,29.13
