date,caudal_condorcerro_m3s,caudal_condorcerro_mmc
1956-08-01,45.89,122.912
1956-09-01,46.05,119.362
1956-10-01,71.51,191.532
1956-11-01,66.87,173.327
1956-12-01,74.62,199.862
1957-01-01,116.7,312.569
1957-02-01,139.54,337.575
1957-03-01,295.32,790.985
1957-04-01,538.8,1396.57
1957-05-01,135.05,361.718
1957-06-01,95.92,248.625
1957-07-01,59.84,160.275
1957-08-01,53.48,143.241
1957-09-01,62.97,163.218
1957-10-01,86.95,232.887
1957-11-01,66.9,173.405
1957-12-01,119.73,320.685
1958-01-01,136.98,366.887
1958-02-01,195.25,472.349
1958-03-01,289.98,776.682
1958-04-01,239.88,621.769
1958-05-01,80.68,216.093
1958-06-01,58.29,151.088
1958-07-01,47.86,128.188
1958-08-01,48.42,129.688
1958-09-01,76.01,197.018
1958-10-01,95.97,257.046
1958-11-01,108.91,282.295
1958-12-01,124.39,333.166
1959-01-01,132.2,354.084
1959-02-01,137.19,331.89
1959-03-01,336.41,901.041
1959-04-01,252.82,655.309
1959-05-01,83.56,223.807
1959-06-01,61.95,160.574
1959-07-01,48.56,130.063
1959-08-01,50.61,135.554
1959-09-01,50.68,131.363
1959-10-01,91.6,245.341
1959-11-01,95.14,246.603
1959-12-01,191.83,513.797
1960-01-01,194.27,520.333
1960-02-01,243.15,609.237
1960-03-01,318.96,854.302
1960-04-01,314.97,816.402
1960-05-01,117.8,315.516
1960-06-01,68.13,176.593
1960-07-01,49.56,132.742
1960-08-01,48.96,131.134
1960-09-01,48.34,125.297
1960-10-01,61.19,163.891
1960-11-01,97.18,251.891
1960-12-01,102.39,274.241
1961-01-01,233.18,624.549
1961-02-01,197.44,477.647
1961-03-01,390.16,1045.005
1961-04-01,313.06,811.452
1961-05-01,114.72,307.266
1961-06-01,82.06,212.7
1961-07-01,42.04,112.6
1961-08-01,39.97,107.056
1961-09-01,55.8,144.634
1961-10-01,61.09,163.623
1961-11-01,166.9,432.605
1961-12-01,288.0,771.379
1962-01-01,253.58,679.189
1962-02-01,241.34,583.85
1962-03-01,515.44,1380.554
1962-04-01,370.23,959.636
1962-05-01,106.29,284.687
1962-06-01,72.56,188.076
1962-07-01,56.26,150.687
1962-08-01,53.9,144.366
1962-09-01,67.71,175.504
1962-10-01,59.68,159.847
1962-11-01,81.4,210.989
1962-12-01,87.4,234.092
1963-01-01,153.96,412.366
1963-02-01,291.65,705.56
1963-03-01,471.65,1263.267
1963-04-01,290.62,753.287
1963-05-01,100.77,269.902
1963-06-01,53.49,138.646
1963-07-01,42.3,113.296
1963-08-01,42.02,112.546
1963-09-01,48.79,126.464
1963-10-01,63.55,170.212
1963-11-01,130.15,337.349
1963-12-01,237.5,636.12
1964-01-01,196.47,526.225
1964-02-01,252.72,633.215
1964-03-01,312.22,836.25
1964-04-01,277.68,719.747
1964-05-01,118.79,318.167
1964-06-01,61.56,159.564
1964-07-01,65.41,175.194
1964-08-01,47.68,127.706
1964-09-01,44.35,114.955
1964-10-01,73.94,198.041
1964-11-01,103.64,268.635
1964-12-01,144.05,385.824
1965-01-01,115.43,309.168
1965-02-01,126.65,306.392
1965-03-01,415.48,1112.822
1965-04-01,223.6,579.571
1965-05-01,97.23,260.421
1965-06-01,50.33,130.455
1965-07-01,42.13,112.841
1965-08-01,44.83,120.073
1965-09-01,34.17,88.569
1965-10-01,95.04,254.555
1965-11-01,99.02,256.66
1965-12-01,139.99,374.949
1966-01-01,235.32,630.281
1966-02-01,208.38,504.113
1966-03-01,176.72,473.327
1966-04-01,124.52,322.756
1966-05-01,89.98,241.002
1966-06-01,57.39,148.755
1966-07-01,53.54,143.402
1966-08-01,52.04,139.384
1966-09-01,57.34,148.625
1966-10-01,115.66,309.784
1966-11-01,125.78,326.022
1966-12-01,124.4,333.193
1967-01-01,185.49,496.816
1967-02-01,168.32,407.2
1967-03-01,449.4,1203.673
1967-04-01,173.27,449.116
1967-05-01,96.04,257.234
1967-06-01,60.46,156.712
1967-07-01,49.75,133.25
1967-08-01,47.53,127.304
1967-09-01,49.31,127.812
1967-10-01,116.63,312.382
1967-11-01,102.37,265.343
1967-12-01,110.08,294.838
1968-01-01,136.71,366.164
1968-02-01,143.39,359.278
1968-03-01,180.28,482.862
1968-04-01,109.03,282.606
1968-05-01,63.14,169.114
1968-06-01,46.61,120.813
1968-07-01,33.23,89.003
1968-08-01,37.39,100.145
1968-09-01,50.32,130.429
1968-10-01,82.44,220.807
1968-11-01,94.76,245.618
1968-12-01,100.0,267.84
1969-01-01,111.05,297.436
1969-02-01,137.76,333.269
1969-03-01,212.72,569.749
1969-04-01,216.16,560.287
1969-05-01,100.0,267.84
1969-06-01,68.58,177.759
1969-07-01,51.74,138.58
1969-08-01,49.53,132.661
1969-09-01,53.21,137.92
1969-10-01,85.85,229.941
1969-11-01,106.32,275.581
1969-12-01,150.51,403.126
1970-01-01,254.79,682.43
1970-02-01,171.61,415.159
1970-03-01,184.54,494.272
1970-04-01,224.46,581.8
1970-05-01,77.51,207.603
1970-06-01,59.45,154.094
1970-07-01,48.1,128.831
1970-08-01,52.77,141.339
1970-09-01,66.25,171.72
1970-10-01,104.42,279.679
1970-11-01,164.89,427.395
1970-12-01,285.66,765.112
1971-01-01,344.96,923.941
1971-02-01,294.38,712.164
1971-03-01,811.19,2172.691
1971-04-01,483.22,1252.506
1971-05-01,126.06,337.639
1971-06-01,89.69,232.476
1971-07-01,59.74,160.008
1971-08-01,53.35,142.893
1971-09-01,60.95,157.982
1971-10-01,84.59,226.566
1971-11-01,66.87,173.327
1971-12-01,64.8,173.56
1972-01-01,172.49,461.997
1972-02-01,262.41,657.494
1972-03-01,511.84,1370.912
1972-04-01,548.07,1420.597
1972-05-01,96.54,258.573
1972-06-01,51.74,134.11
1972-07-01,67.83,181.676
1972-08-01,60.17,161.159
1972-09-01,60.55,156.946
1972-10-01,70.78,189.577
1972-11-01,93.52,242.404
1972-12-01,134.58,360.459
1973-01-01,220.6,590.855
1973-02-01,295.85,715.72
1973-03-01,403.18,1079.877
1973-04-01,415.39,1076.691
1973-05-01,158.92,425.651
1973-06-01,84.48,218.972
1973-07-01,68.97,184.729
1973-08-01,61.3,164.186
1973-09-01,72.04,186.728
1973-10-01,131.7,352.745
1973-11-01,164.83,427.239
1973-12-01,233.0,624.067
1974-01-01,298.89,800.547
1974-02-01,224.81,543.86
1974-03-01,412.72,1105.429
1974-04-01,253.96,658.264
1974-05-01,99.98,267.786
1974-06-01,76.4,198.029
1974-07-01,57.87,154.999
1974-08-01,52.44,140.455
1974-09-01,68.24,176.878
1974-10-01,98.04,262.59
1974-11-01,229.84,595.745
1974-12-01,431.27,1155.114
1975-01-01,228.83,612.898
1975-02-01,235.39,569.455
1975-03-01,377.61,1011.391
1975-04-01,324.59,841.337
1975-05-01,97.71,261.706
1975-06-01,71.66,185.743
1975-07-01,52.5,140.616
1975-08-01,51.89,138.982
1975-09-01,66.77,173.068
1975-10-01,95.04,254.555
1975-11-01,160.97,417.234
1975-12-01,276.75,741.247
1976-01-01,232.62,623.049
1976-02-01,304.99,764.183
1976-03-01,352.13,943.145
1976-04-01,166.25,430.92
1976-05-01,73.89,197.907
1976-06-01,63.33,164.151
1976-07-01,48.43,129.715
1976-08-01,43.71,117.073
1976-09-01,46.24,119.854
1976-10-01,68.22,182.72
1976-11-01,75.53,195.774
1976-12-01,85.92,230.128
1977-01-01,159.71,427.767
1977-02-01,424.44,1026.805
1977-03-01,297.8,797.628
1977-04-01,186.69,483.9
1977-05-01,93.76,251.127
1977-06-01,68.68,178.019
1977-07-01,52.04,139.384
1977-08-01,53.24,142.598
1977-09-01,53.86,139.605
1977-10-01,66.73,178.73
1977-11-01,113.72,294.762
1977-12-01,127.0,340.157
1978-01-01,111.81,299.472
1978-02-01,192.81,466.446
1978-03-01,152.44,408.295
1978-04-01,124.32,322.237
1978-05-01,85.03,227.744
1978-06-01,57.77,149.74
1978-07-01,53.43,143.107
1978-08-01,45.4,121.599
1978-09-01,63.55,164.722
1978-10-01,64.78,173.507
1978-11-01,93.34,241.937
1978-12-01,108.76,291.303
1979-01-01,128.86,345.139
1979-02-01,226.86,548.82
1979-03-01,386.26,1034.559
1979-04-01,195.24,506.062
1979-05-01,96.44,258.305
1979-06-01,61.64,159.771
1979-07-01,50.42,135.045
1979-08-01,49.55,132.715
1979-09-01,57.59,149.273
1979-10-01,68.66,183.899
1979-11-01,93.77,243.052
1979-12-01,104.39,279.598
1980-01-01,117.39,314.417
1980-02-01,128.93,323.047
1980-03-01,118.26,316.748
1980-04-01,117.67,305.001
1980-05-01,53.66,143.723
1980-06-01,48.26,125.09
1980-07-01,37.0,99.101
1980-08-01,39.29,105.234
1980-09-01,67.51,174.986
1980-10-01,102.68,275.018
1980-11-01,128.33,332.631
1980-12-01,221.14,592.301
1981-01-01,159.38,426.883
1981-02-01,477.12,1154.249
1981-03-01,394.02,1055.343
1981-04-01,177.74,460.702
1981-05-01,86.75,232.351
1981-06-01,66.86,173.301
1981-07-01,54.73,146.589
1981-08-01,47.59,127.465
1981-09-01,44.09,114.281
1981-10-01,89.26,239.074
1981-11-01,171.02,443.284
1981-12-01,195.03,522.368
1982-01-01,175.78,470.809
1982-02-01,316.33,765.266
1982-03-01,190.04,509.003
1982-04-01,192.78,499.686
1982-05-01,97.74,261.787
1982-06-01,65.56,169.932
1982-07-01,48.87,130.893
1982-08-01,43.04,115.278
1982-09-01,48.69,126.204
1982-10-01,107.13,286.937
1982-11-01,181.83,471.303
1982-12-01,257.07,688.536
1983-01-01,338.18,905.781
1983-02-01,202.61,490.154
1983-03-01,386.13,1034.211
1983-04-01,330.83,857.511
1983-05-01,153.5,411.134
1983-06-01,89.48,231.932
1983-07-01,63.78,170.828
1983-08-01,53.36,142.919
1983-09-01,53.96,139.864
1983-10-01,70.46,188.72
1983-11-01,94.29,244.4
1983-12-01,176.88,473.755
1984-01-01,137.39,367.985
1984-02-01,711.05,1781.607
1984-03-01,599.96,1606.933
1984-04-01,346.45,897.998
1984-05-01,171.98,460.631
1984-06-01,93.5,242.352
1984-07-01,58.63,157.035
1984-08-01,45.04,120.635
1984-09-01,45.14,117.003
1984-10-01,106.68,285.732
1984-11-01,78.79,204.224
1984-12-01,144.01,385.716
1985-01-01,142.56,381.833
1985-02-01,158.51,383.467
1985-03-01,172.45,461.89
1985-04-01,174.42,452.097
1985-05-01,83.5,223.646
1985-06-01,46.65,120.917
1985-07-01,35.26,94.44
1985-08-01,34.4,92.137
1985-09-01,52.22,135.354
1985-10-01,53.21,142.518
1985-11-01,63.0,163.296
1985-12-01,89.88,240.735
1986-01-01,169.67,454.444
1986-02-01,165.61,400.644
1986-03-01,198.15,530.725
1986-04-01,269.23,697.844
1986-05-01,105.86,283.535
1986-06-01,52.48,136.028
1986-07-01,40.77,109.198
1986-08-01,38.22,102.368
1986-09-01,39.74,103.006
1986-10-01,57.01,152.696
1986-11-01,82.96,215.032
1986-12-01,132.62,355.209
1987-01-01,301.59,807.779
1987-02-01,292.71,708.124
1987-03-01,215.41,576.954
1987-04-01,159.07,412.309
1987-05-01,113.71,304.561
1987-06-01,55.17,143.001
1987-07-01,46.3,124.01
1987-08-01,41.37,110.805
1987-09-01,48.88,126.697
1987-10-01,62.4,167.132
1987-11-01,114.26,296.162
1987-12-01,173.58,464.917
1988-01-01,254.42,681.439
1988-02-01,314.4,787.761
1988-03-01,191.03,511.655
1988-04-01,243.25,630.504
1988-05-01,124.02,332.175
1988-06-01,62.16,161.119
1988-07-01,46.13,123.555
1988-08-01,41.38,110.832
1988-09-01,31.38,81.337
1988-10-01,48.48,129.849
1988-11-01,61.81,160.212
1988-12-01,85.66,229.432
1989-01-01,203.24,544.358
1989-02-01,339.42,821.125
1989-03-01,345.22,924.637
1989-04-01,312.69,810.492
1989-05-01,106.01,283.937
1989-06-01,61.29,158.864
1989-07-01,39.88,106.815
1989-08-01,33.78,90.476
1989-09-01,37.45,97.07
1989-10-01,100.53,269.26
1989-11-01,90.54,234.68
1989-12-01,67.33,180.337
1990-01-01,133.24,356.87
1990-02-01,131.26,317.544
1990-03-01,116.6,312.301
1990-04-01,88.7,229.91
1990-05-01,52.02,139.33
1990-06-01,47.96,124.312
1990-07-01,38.8,103.922
1990-08-01,38.36,102.743
1990-09-01,37.77,97.9
1990-10-01,84.72,226.914
1990-11-01,144.04,373.352
1990-12-01,109.44,293.124
1991-01-01,120.5,322.747
1991-02-01,134.77,326.036
1991-03-01,355.97,953.43
1991-04-01,134.75,349.272
1991-05-01,89.98,241.002
1991-06-01,49.21,127.552
1991-07-01,38.8,103.922
1991-08-01,38.48,103.065
1991-09-01,39.34,101.969
1991-10-01,54.2,145.169
1991-11-01,61.61,159.693
1991-12-01,85.25,228.334
1992-01-01,133.24,356.87
1992-02-01,131.26,328.885
1992-03-01,116.6,312.301
1992-04-01,88.7,229.91
1992-05-01,52.02,139.33
1992-06-01,47.96,124.312
1992-07-01,38.8,103.922
1992-08-01,38.36,102.743
1992-09-01,37.77,97.9
1992-10-01,84.72,226.914
1992-11-01,144.04,373.352
1992-12-01,109.44,293.124
1993-01-01,104.79,280.67
1993-02-01,324.14,784.159
1993-03-01,724.26,1939.858
1993-04-01,616.7,1598.486
1993-05-01,169.7,454.524
1993-06-01,60.1,155.779
1993-07-01,45.38,121.546
1993-08-01,38.81,103.949
1993-09-01,57.65,149.429
1993-10-01,95.52,255.841
1993-11-01,193.34,501.137
1993-12-01,277.41,743.015
1994-01-01,369.2,988.865
1994-02-01,471.45,1140.532
1994-03-01,390.88,1046.933
1994-04-01,262.42,680.193
1994-05-01,46.03,123.287
1994-06-01,41.42,107.361
1994-07-01,47.85,128.161
1994-08-01,40.63,108.823
1994-09-01,37.61,97.485
1994-10-01,41.35,110.752
1994-11-01,70.27,182.14
1994-12-01,92.57,247.939
1995-01-01,141.88,380.011
1995-02-01,151.9,367.476
1995-03-01,227.95,610.541
1995-04-01,230.1,596.419
1995-05-01,77.82,208.433
1995-06-01,46.7,121.046
1995-07-01,38.65,103.52
1995-08-01,41.12,110.136
1995-09-01,43.0,111.456
1995-10-01,47.31,126.715
1995-11-01,94.78,245.67
1995-12-01,114.4,306.409
1996-01-01,219.99,589.221
1996-02-01,309.73,776.059
1996-03-01,257.57,689.875
1996-04-01,318.3,825.034
1996-05-01,103.22,276.464
1996-06-01,54.47,141.186
1996-07-01,42.65,114.234
1996-08-01,41.82,112.011
1996-09-01,41.21,106.816
1996-10-01,63.55,170.212
1996-11-01,73.22,189.786
1996-12-01,69.69,186.658
1997-01-01,103.6,277.482
1997-02-01,192.15,464.849
1997-03-01,135.58,363.137
1997-04-01,73.21,189.76
1997-05-01,57.95,155.213
1997-06-01,39.4,102.125
1997-07-01,37.55,100.574
1997-08-01,37.57,100.627
1997-09-01,48.52,125.764
1997-10-01,52.47,140.536
1997-11-01,112.27,291.004
1997-12-01,279.13,747.622
1998-01-01,390.38,1045.594
1998-02-01,522.25,1263.427
1998-03-01,617.25,1653.242
1998-04-01,341.27,884.572
1998-05-01,142.2,380.868
1998-06-01,70.05,181.57
1998-07-01,52.34,140.187
1998-08-01,50.44,135.098
1998-09-01,50.21,130.144
1998-10-01,97.77,261.867
1998-11-01,106.32,275.581
1998-12-01,83.29,223.084
1999-01-01,163.15,436.981
1999-02-01,508.92,1231.179
1999-03-01,315.5,845.035
1999-04-01,209.68,543.491
1999-05-01,118.99,318.703
1999-06-01,63.02,163.348
1999-07-01,44.98,120.474
1999-08-01,43.57,116.698
1999-09-01,55.9,144.893
1999-10-01,60.17,161.159
1999-11-01,66.31,171.876
1999-12-01,148.45,397.608
2000-01-01,110.13,294.972
2000-02-01,332.25,832.486
2000-03-01,333.37,892.898
2000-04-01,231.63,600.385
2000-05-01,145.97,390.966
2000-06-01,63.3,164.074
2000-07-01,43.83,117.394
2000-08-01,43.84,117.421
2000-09-01,45.52,117.988
2000-10-01,53.09,142.196
2000-11-01,61.25,158.76
2000-12-01,93.73,251.046
2001-01-01,367.91,985.41
2001-02-01,307.281,743.374
2001-03-01,500.886,1341.573
2001-04-01,227.114,588.679
2001-05-01,77.959,208.805
2001-06-01,56.627,146.777
2001-07-01,47.839,128.132
2001-08-01,44.469,119.106
2001-09-01,49.758,128.973
2001-10-01,57.372,153.665
2001-11-01,172.958,448.307
2001-12-01,180.729,484.065
2002-01-01,154.346,413.4
2002-02-01,202.809,490.636
2002-03-01,383.796,1027.959
2002-04-01,283.621,735.146
2002-05-01,95.01,254.475
2002-06-01,55.493,143.838
2002-07-01,50.968,136.513
2002-08-01,41.155,110.23
2002-09-01,41.916,108.646
2002-10-01,73.746,197.521
2002-11-01,166.597,431.819
2002-12-01,185.111,495.801
2003-01-01,165.07,442.123
2003-02-01,221.186,535.093
2003-03-01,258.158,691.45
2003-04-01,190.291,493.234
2003-05-01,85.06,227.825
2003-06-01,56.343,146.041
2003-07-01,46.922,125.676
2003-08-01,44.252,118.525
2003-09-01,42.515,110.199
2003-10-01,63.103,169.015
2003-11-01,60.805,157.607
2003-12-01,135.421,362.712
2004-01-01,104.534,279.985
2004-02-01,167.166,418.85
2004-03-01,137.962,369.516
2004-04-01,123.908,321.169
2004-05-01,66.441,177.956
2004-06-01,44.812,116.153
2004-07-01,36.429,97.571
