date,asuncion,callancas,campoden,capachique,casa_grande,cascas,coina,contumaza,cospan,otuzco,san_benito,sinsicap,sunchubamba,tambo
1900-01-01,120.0,41.0,75.0,32.0,0.0,10.0,94.0,24.0,80.0,52.0,15.0,36.0,142.0,3.0
1900-02-01,343.0,141.0,453.0,66.0,2.0,107.0,369.0,216.0,256.0,153.0,373.0,134.0,142.0,97.0
1900-03-01,332.0,162.0,168.0,226.0,3.0,161.0,232.0,378.0,203.0,107.0,27.0,133.0,126.0,19.0
1900-04-01,139.0,121.0,103.0,134.0,3.0,60.0,152.0,146.0,114.0,42.0,106.0,89.0,53.0,57.0
1900-05-01,74.0,62.0,28.0,159.0,11.0,9.0,4.0,65.0,63.0,13.0,19.0,44.0,24.0,42.0
1900-06-01,26.0,5.0,7.0,1.0,1.0,0.0,3.0,8.0,15.0,0.0,0.0,0.0,10.0,0.0
1900-07-01,1.0,0.0,0.0,4.0,1.0,3.0,0.0,0.0,1.0,0.0,6.0,0.0,0.0,0.0
1970-08-01,0.0,1.0,8.0,21.0,0.0,0.0,9.0,6.0,0.0,25.0,4.0,2.0,10.0,1.0
1970-09-01,7.0,10.0,32.0,75.0,1.0,4.0,3.0,15.0,30.0,11.0,9.0,6.0,35.0,1.0
1970-10-01,84.0,8.0,94.0,188.0,1.0,29.0,236.0,69.0,68.0,68.0,47.0,33.0,130.0,33.0
1970-11-01,45.0,26.0,16.0,98.0,0.0,2.0,23.0,15.0,28.0,18.0,5.0,5.0,69.0,0.0
1970-12-01,110.0,51.0,40.0,165.0,0.0,10.0,167.0,17.0,37.0,26.0,6.0,13.0,86.0,7.0
1971-01-01,49.0,135.0,45.0,88.0,9.0,7.0,31.0,23.0,35.0,29.0,19.0,25.0,74.0,101.0
1971-02-01,171.0,107.0,99.0,267.0,1.0,31.0,374.0,75.0,9.0,90.0,53.0,57.0,119.0,32.0
1971-03-01,115.0,108.0,176.0,337.0,4.0,153.0,184.0,293.0,369.0,159.0,248.0,170.0,86.0,30.0
1971-04-01,45.0,74.0,64.0,234.0,1.0,31.0,92.0,61.0,15.0,78.0,23.0,17.0,64.0,25.0
1971-05-01,5.0,0.0,1.0,19.0,0.0,3.0,61.0,4.0,0.0,6.0,1.0,1.0,14.0,1.0
1971-06-01,17.0,5.0,3.0,47.0,0.0,1.0,1.0,0.0,17.0,6.0,12.0,7.0,0.0,0.0
1971-07-01,2.0,0.0,0.0,0.0,0.0,0.0,0.0,0.0,0.0,0.0,0.0,0.0,1.0,0.0
1971-08-01,0.0,1.0,12.0,8.0,0.0,2.0,0.0,8.0,0.0,18.0,2.0,6.0,4.0,3.0
1971-09-01,11.0,70.0,4.0,22.0,0.0,5.0,0.0,26.0,41.0,63.0,21.0,13.0,14.0,15.0
1971-10-01,59.0,5.0,19.0,39.0,1.0,9.0,19.0,63.0,23.0,32.0,18.0,6.0,40.0,3.0
1971-11-01,135.0,7.0,10.0,59.0,0.0,4.0,20.0,37.0,14.0,16.0,12.0,1.0,52.0,4.0
1971-12-01,252.0,23.0,55.0,135.0,0.0,19.0,188.0,42.0,22.0,62.0,14.0,37.0,150.0,18.0
1972-01-01,94.0,65.0,39.0,73.0,1.0,30.0,127.0,101.0,39.0,66.0,35.0,57.0,145.0,5.0
1972-02-01,214.0,65.0,119.0,174.0,2.0,72.0,298.0,140.0,66.0,117.0,614.0,129.0,170.0,47.0
1972-03-01,77.0,162.0,197.0,231.0,13.0,334.0,172.0,541.0,347.0,121.0,96.0,418.0,200.0,61.0
1972-04-01,128.0,16.0,128.0,178.0,1.0,15.0,94.0,541.0,76.0,37.0,70.0,29.0,149.0,10.0
1972-05-01,57.0,22.0,21.0,56.0,1.0,6.0,9.0,63.0,40.0,14.0,15.0,9.0,13.0,6.0
1972-06-01,11.0,3.0,3.0,24.0,1.0,0.0,0.0,3.0,4.0,14.0,22.0,2.0,10.0,0.0
1972-07-01,5.0,0.0,0.0,2.0,1.0,0.0,0.0,2.0,2.0,1.0,0.0,0.0,0.0,0.0
1972-08-01,0.0,0.0,1.0,5.0,2.0,1.0,1.0,3.0,0.0,10.0,0.0,1.0,4.0,2.0
1972-09-01,9.0,7.0,0.0,30.0,0.0,3.0,1.0,0.0,2.0,23.0,2.0,7.0,16.0,0.0
1972-10-01,31.0,7.0,15.0,50.0,1.0,3.0,60.0,5.0,50.0,8.0,5.0,6.0,61.0,1.0
1972-11-01,27.0,24.0,3.0,76.0,0.0,3.0,26.0,11.0,1.0,28.0,4.0,17.0,55.0,0.0
1972-12-01,197.0,49.0,79.0,181.0,2.0,24.0,52.0,23.0,73.0,42.0,4.0,34.0,124.0,15.0
1973-01-01,146.0,105.0,82.0,117.0,12.0,82.0,128.0,252.0,103.0,93.0,73.0,130.0,172.0,39.0
1973-02-01,176.0,41.0,113.0,175.0,3.0,39.0,108.0,89.0,101.0,44.0,25.0,88.0,132.0,22.0
1973-03-01,242.0,111.0,82.0,266.0,1.0,70.0,151.0,138.0,98.0,100.0,29.0,115.0,149.0,31.0
1973-04-01,193.0,138.0,87.0,147.0,0.0,46.0,55.0,148.0,123.0,143.0,109.0,73.0,155.0,31.0
1973-05-01,27.0,38.0,49.0,215.0,1.0,10.0,6.0,20.0,40.0,42.0,15.0,9.0,16.0,16.0
1973-06-01,8.0,12.0,3.0,258.0,0.0,4.0,0.0,10.0,2.0,13.0,6.0,6.0,8.0,1.0
1973-07-01,0.0,1.0,1.0,8.0,0.0,6.0,0.0,10.0,0.0,10.0,1.0,4.0,3.0,2.0
1973-08-01,1.0,0.0,0.0,4.0,0.0,0.0,2.0,0.0,0.0,1.0,1.0,0.0,0.0,0.0
1973-09-01,38.0,34.0,20.0,24.0,0.0,8.0,1.0,38.0,38.0,26.0,5.0,10.0,63.0,1.0
1973-10-01,37.0,20.0,27.0,191.0,0.0,4.0,172.0,14.0,35.0,8.0,5.0,8.0,43.0,4.0
1973-11-01,37.0,18.0,4.0,15.0,0.0,11.0,78.0,0.0,5.0,13.0,0.0,7.0,61.0,0.0
1973-12-01,93.0,30.0,53.0,101.0,2.0,10.0,104.0,20.0,64.0,28.0,2.0,20.0,107.0,4.0
1974-01-01,33.0,74.0,23.0,100.0,0.0,22.0,128.0,39.0,36.0,38.0,45.0,15.0,57.0,11.0
1974-02-01,134.0,120.0,164.0,270.0,0.0,51.0,243.0,113.0,123.0,75.0,234.0,98.0,198.0,44.0
1974-03-01,180.0,45.0,172.0,206.0,1.0,13.0,51.0,25.0,119.0,41.0,25.0,26.0,86.0,15.0
1974-04-01,113.0,35.0,49.0,68.0,0.0,14.0,86.0,47.0,47.0,74.0,14.0,18.0,109.0,10.0
1974-05-01,26.0,0.0,24.0,25.0,0.0,4.0,203.0,0.0,0.0,19.0,11.0,2.0,69.0,0.0
1974-06-01,39.0,8.0,26.0,71.0,0.0,3.0,0.0,10.0,10.0,2.0,15.0,6.0,109.0,0.0
1974-07-01,0.0,0.0,7.0,1.0,1.0,0.0,0.0,0.0,0.0,0.0,0.0,1.0,1.0,1.0
1974-08-01,0.0,0.0,0.0,12.0,0.0,0.0,9.0,0.0,1.0,18.0,0.0,4.0,2.0,0.0
1974-09-01,51.0,15.0,30.0,57.0,0.0,6.0,28.0,46.0,31.0,13.0,3.0,9.0,2.0,1.0
1974-10-01,21.0,15.0,10.0,81.0,0.0,4.0,14.0,0.0,39.0,8.0,4.0,5.0,31.0,2.0
1974-11-01,64.0,2.0,54.0,19.0,1.0,5.0,29.0,5.0,62.0,15.0,2.0,8.0,58.0,2.0
1974-12-01,92.0,20.0,79.0,43.0,0.0,5.0,78.0,11.0,67.0,0.0,3.0,6.0,91.0,1.0
1975-01-01,97.0,71.0,69.0,32.0,2.0,45.0,63.0,26.0,75.0,94.0,30.0,48.0,71.0,16.0
1975-02-01,120.0,146.0,137.0,236.0,2.0,92.0,306.0,108.0,88.0,124.0,112.0,143.0,152.0,39.0
1975-03-01,170.0,198.0,164.0,451.0,2.0,99.0,211.0,71.0,211.0,144.0,42.0,147.0,160.0,32.0
1975-04-01,118.0,69.0,20.0,250.0,0.0,35.0,76.0,5.0,86.0,95.0,9.0,39.0,118.0,23.0
1975-05-01,6.0,6.0,0.0,104.0,0.0,3.0,15.0,0.0,0.0,7.0,0.0,1.0,10.0,0.0
1975-06-01,33.0,8.0,24.0,60.0,0.0,11.0,0.0,8.0,16.0,12.0,28.0,4.0,82.0,0.0
1975-07-01,1.0,1.0,0.0,3.0,0.0,0.0,0.0,0.0,0.0,0.0,0.0,0.0,0.0,0.0
1975-08-01,1.0,26.0,0.0,1.0,0.0,9.0,0.0,35.0,2.0,27.0,2.0,19.0,0.0,0.0
1975-09-01,19.0,14.0,57.0,27.0,0.0,6.0,6.0,18.0,3.0,25.0,3.0,9.0,39.0,1.0
1975-10-01,102.0,50.0,35.0,99.0,1.0,11.0,64.0,104.0,112.0,47.0,34.0,34.0,98.0,11.0
1975-11-01,70.0,22.0,28.0,69.0,1.0,4.0,90.0,0.0,33.0,20.0,0.0,16.0,27.0,1.0
1975-12-01,83.0,7.0,37.0,12.0,1.0,1.0,9.0,8.0,27.0,0.0,1.0,9.0,59.0,0.0
1976-01-01,53.0,103.0,49.0,48.0,11.0,64.0,76.0,129.0,26.0,33.0,74.0,86.0,67.0,9.0
1976-02-01,106.0,86.0,106.0,363.0,7.0,54.0,89.0,94.0,18.0,51.0,18.0,136.0,184.0,16.0
1976-03-01,57.0,83.0,125.0,316.0,2.0,35.0,41.0,46.0,152.0,16.0,66.0,47.0,91.0,19.0
1976-04-01,94.0,23.0,109.0,162.0,7.0,29.0,115.0,69.0,54.0,22.0,27.0,50.0,99.0,26.0
1976-05-01,17.0,10.0,11.0,54.0,1.0,11.0,19.0,16.0,37.0,4.0,7.0,4.0,33.0,10.0
1976-06-01,1.0,20.0,0.0,797.0,0.0,3.0,0.0,12.0,4.0,10.0,12.0,12.0,2.0,0.0
1976-07-01,0.0,0.0,0.0,2.0,0.0,0.0,0.0,0.0,0.0,0.0,0.0,0.0,0.0,0.0
1976-08-01,7.0,0.0,0.0,0.0,0.0,0.0,0.0,1.0,5.0,0.0,16.0,0.0,0.0,0.0
1976-09-01,16.0,0.0,2.0,41.0,0.0,0.0,3.0,0.0,4.0,0.0,2.0,0.0,30.0,0.0
1976-10-01,46.0,7.0,13.0,54.0,0.0,8.0,6.0,6.0,57.0,0.0,4.0,2.0,33.0,1.0
1976-11-01,77.0,0.0,20.0,5.0,0.0,0.0,12.0,6.0,33.0,8.0,1.0,0.0,59.0,1.0
1976-12-01,69.0,26.0,75.0,65.0,0.0,16.0,109.0,25.0,79.0,6.0,3.0,28.0,58.0,21.0
1977-01-01,70.0,143.0,69.0,162.0,9.0,72.0,335.0,64.0,49.0,110.0,46.0,122.0,104.0,18.0
1977-02-01,117.0,163.0,77.0,163.0,7.0,115.0,323.0,62.0,92.0,130.0,17.0,141.0,130.0,26.0
1977-03-01,109.0,83.0,145.0,252.0,4.0,45.0,55.0,68.0,218.0,64.0,39.0,72.0,185.0,26.0
1977-04-01,178.0,43.0,59.0,183.0,0.0,16.0,137.0,36.0,96.0,3.0,22.0,21.0,95.0,8.0
1977-05-01,23.0,11.0,21.0,62.0,0.0,4.0,10.0,4.0,15.0,0.0,6.0,2.0,30.0,1.0
1977-06-01,0.0,0.0,0.0,0.0,0.0,0.0,4.0,0.0,0.0,0.0,0.0,0.0,0.0,0.0
1977-07-01,3.0,2.0,0.0,7.0,0.0,0.0,0.0,0.0,0.0,0.0,0.0,0.0,0.0,0.0
1977-08-01,0.0,0.0,0.0,0.0,0.0,0.0,1.0,0.0,6.0,0.0,0.0,0.0,1.0,0.0
1977-09-01,44.0,13.0,5.0,21.0,0.0,3.0,1.0,13.0,50.0,28.0,2.0,3.0,13.0,0.0
1977-10-01,50.0,17.0,16.0,63.0,0.0,9.0,17.0,17.0,67.0,0.0,6.0,4.0,35.0,2.0
1977-11-01,22.0,1.0,17.0,32.0,5.0,5.0,58.0,45.0,40.0,9.0,13.0,5.0,50.0,7.0
1977-12-01,83.0,45.0,31.0,84.0,0.0,11.0,40.0,85.0,53.0,13.0,88.0,10.0,52.0,4.0
1978-01-01,155.0,36.0,59.0,34.0,0.0,7.0,1.0,19.0,54.0,22.0,11.0,13.0,76.0,6.0
1978-02-01,156.0,38.0,79.0,27.0,0.0,25.0,4.0,36.0,75.0,9.0,24.0,49.0,153.0,11.0
1978-03-01,241.0,54.0,102.0,148.0,9.0,36.0,85.0,59.0,93.0,65.0,98.0,57.0,195.0,27.0
1978-04-01,79.0,19.0,25.0,67.0,0.0,5.0,129.0,108.0,39.0,12.0,12.0,8.0,75.0,3.0
1978-05-01,24.0,22.0,19.0,111.0,0.0,6.0,6.0,88.0,41.0,9.0,18.0,7.0,6.0,3.0
1978-06-01,2.0,0.0,0.0,1.0,0.0,1.0,0.0,0.0,4.0,0.0,0.0,0.0,2.0,0.0
1978-07-01,1.0,0.0,2.0,0.0,1.0,0.0,0.0,19.0,2.0,0.0,0.0,0.0,14.0,0.0
1978-08-01,1.0,0.0,0.0,1.0,0.0,1.0,0.0,0.0,0.0,0.0,0.0,0.0,0.0,0.0
1978-09-01,7.0,14.0,27.0,47.0,0.0,7.0,1.0,100.0,1.0,28.0,13.0,9.0,35.0,10.0
1978-10-01,110.0,1.0,25.0,139.0,1.0,2.0,10.0,77.0,113.0,0.0,8.0,1.0,54.0,3.0
1978-11-01,13.0,18.0,20.0,90.0,1.0,4.0,65.0,72.0,52.0,9.0,15.0,12.0,50.0,3.0
1978-12-01,92.0,21.0,57.0,21.0,4.0,10.0,40.0,76.0,30.0,0.0,25.0,13.0,100.0,2.0
1979-01-01,79.0,17.0,63.0,32.0,1.0,3.0,0.0,53.0,44.0,4.0,7.0,15.0,100.0,10.0
1979-02-01,222.0,26.0,200.0,111.0,7.0,12.0,131.0,344.0,346.0,31.0,97.0,35.0,167.0,29.0
1979-03-01,71.0,147.0,128.0,188.0,7.0,109.0,212.0,123.0,225.0,135.0,75.0,203.0,131.0,33.0
1979-04-01,62.0,20.0,35.0,122.0,2.0,2.0,98.0,123.0,25.0,34.0,12.0,16.0,67.0,1.0
1979-05-01,21.0,7.0,21.0,32.0,0.0,3.0,12.0,32.0,26.0,0.0,2.0,0.0,11.0,0.0
1979-06-01,17.0,0.0,1.0,0.0,0.0,0.0,0.0,0.0,3.0,0.0,0.0,0.0,1.0,0.0
1979-07-01,1.0,4.0,0.0,6.0,0.0,1.0,0.0,22.0,0.0,0.0,0.0,0.0,14.0,0.0
1979-08-01,0.0,4.0,3.0,3.0,1.0,0.0,0.0,56.0,0.0,8.0,2.0,7.0,14.0,3.0
1979-09-01,3.0,6.0,11.0,47.0,0.0,0.0,15.0,57.0,3.0,9.0,6.0,3.0,33.0,8.0
1979-10-01,5.0,2.0,23.0,19.0,0.0,0.0,78.0,0.0,2.0,4.0,3.0,0.0,33.0,1.0
1979-11-01,52.0,0.0,8.0,8.0,0.0,0.0,11.0,23.0,5.0,2.0,5.0,1.0,22.0,0.0
1979-12-01,68.0,7.0,30.0,13.0,0.0,5.0,58.0,34.0,36.0,4.0,6.0,5.0,30.0,1.0
1980-01-01,71.0,13.0,34.0,18.0,0.0,2.0,4.0,94.0,27.0,16.0,13.0,1.0,70.0,1.0
1980-02-01,180.0,8.0,91.0,293.0,0.0,5.0,394.0,64.0,32.0,38.0,46.0,20.0,129.0,18.0
1980-03-01,88.0,30.0,154.0,361.0,4.0,9.0,94.0,49.0,214.0,39.0,42.0,52.0,180.0,34.0
1980-04-01,62.0,29.0,15.0,222.0,0.0,4.0,129.0,17.0,27.0,5.0,9.0,9.0,97.0,2.0
1980-05-01,76.0,1.0,42.0,36.0,0.0,4.0,42.0,29.0,177.0,17.0,6.0,2.0,50.0,1.0
1980-06-01,1.0,0.0,0.0,1.0,0.0,0.0,0.0,0.0,3.0,0.0,0.0,0.0,0.0,0.0
1980-07-01,0.0,0.0,0.0,1.0,0.0,0.0,0.0,0.0,1.0,0.0,0.0,0.0,1.0,0.0
1980-08-01,0.0,0.0,0.0,1.0,0.0,0.0,0.0,0.0,1.0,1.0,0.0,0.0,1.0,0.0
1980-09-01,20.0,0.0,1.0,84.0,0.0,0.0,7.0,0.0,22.0,13.0,2.0,0.0,1.0,0.0
1980-10-01,91.0,45.0,106.0,124.0,5.0,37.0,72.0,258.0,59.0,13.0,580.0,26.0,134.0,45.0
1980-11-01,39.0,30.0,10.0,69.0,0.0,4.0,53.0,147.0,34.0,29.0,21.0,10.0,65.0,11.0
1980-12-01,173.0,25.0,70.0,50.0,1.0,28.0,44.0,40.0,106.0,4.0,77.0,24.0,142.0,8.0
1981-01-01,296.0,64.0,209.0,40.0,3.0,48.0,30.0,51.0,202.0,57.0,29.0,63.0,226.0,13.0
1981-02-01,270.0,176.0,76.0,199.0,9.0,100.0,73.0,98.0,25.0,94.0,79.0,115.0,165.0,31.0
1981-03-01,227.0,82.0,75.0,270.0,9.0,78.0,138.0,70.0,150.0,95.0,47.0,101.0,131.0,32.0
1981-04-01,87.0,33.0,36.0,222.0,1.0,19.0,110.0,23.0,39.0,4.0,16.0,9.0,85.0,12.0
1981-05-01,7.0,0.0,3.0,18.0,0.0,4.0,53.0,0.0,0.0,16.0,0.0,0.0,4.0,0.0
1981-06-01,24.0,1.0,8.0,0.0,0.0,0.0,0.0,0.0,39.0,1.0,1.0,0.0,22.0,0.0
1981-07-01,1.0,0.0,1.0,9.0,0.0,0.0,1.0,0.0,0.0,5.0,0.0,0.0,0.0,0.0
1981-08-01,0.0,4.0,19.0,0.0,0.0,1.0,1.0,14.0,0.0,2.0,0.0,1.0,1.0,3.0
1981-09-01,1.0,2.0,0.0,27.0,0.0,0.0,6.0,0.0,5.0,1.0,2.0,1.0,14.0,0.0
1981-10-01,94.0,38.0,52.0,155.0,2.0,0.0,64.0,31.0,113.0,13.0,8.0,30.0,102.0,3.0
1981-11-01,16.0,5.0,18.0,75.0,1.0,8.0,18.0,20.0,14.0,6.0,9.0,2.0,76.0,11.0
1981-12-01,79.0,40.0,63.0,145.0,1.0,8.0,77.0,26.0,114.0,77.0,18.0,2.0,94.0,1.0
1982-01-01,18.0,63.0,53.0,70.0,2.0,19.0,74.0,34.0,53.0,61.0,11.0,69.0,68.0,10.0
1982-02-01,118.0,11.0,64.0,109.0,2.0,27.0,371.0,35.0,14.0,45.0,56.0,3.0,133.0,9.0
1982-03-01,28.0,50.0,136.0,188.0,2.0,5.0,182.0,14.0,196.0,78.0,19.0,41.0,249.0,44.0
1982-04-01,76.0,120.0,81.0,115.0,2.0,27.0,65.0,43.0,37.0,17.0,38.0,20.0,111.0,26.0
1982-05-01,30.0,2.0,6.0,41.0,1.0,1.0,17.0,15.0,3.0,21.0,0.0,0.0,69.0,0.0
1982-06-01,23.0,0.0,4.0,2.0,0.0,0.0,0.0,0.0,11.0,4.0,1.0,0.0,4.0,0.0
1982-07-01,1.0,0.0,3.0,1.0,0.0,0.0,0.0,0.0,0.0,0.0,0.0,0.0,3.0,0.0
1982-08-01,0.0,0.0,0.0,5.0,0.0,0.0,0.0,0.0,0.0,2.0,0.0,0.0,7.0,1.0
1982-09-01,13.0,4.0,17.0,97.0,0.0,3.0,1.0,16.0,8.0,15.0,2.0,0.0,12.0,1.0
1982-10-01,46.0,3.0,44.0,90.0,1.0,7.0,64.0,21.0,65.0,57.0,8.0,25.0,90.0,7.0
1982-11-01,75.0,82.0,17.0,121.0,3.0,3.0,123.0,22.0,28.0,32.0,8.0,40.0,74.0,2.0
1982-12-01,103.0,19.0,22.0,54.0,2.0,47.0,22.0,73.0,30.0,9.0,39.0,9.0,152.0,10.0
1983-01-01,348.0,155.0,268.0,92.0,46.0,94.0,149.0,191.0,210.0,170.0,43.0,315.0,138.0,68.0
1983-02-01,302.0,143.0,347.0,340.0,64.0,35.0,56.0,669.0,229.0,46.0,117.0,169.0,133.0,42.0
1983-03-01,468.0,948.0,159.0,355.0,7.0,291.0,368.0,301.0,144.0,227.0,93.0,418.0,168.0,37.0
1983-04-01,193.0,18.0,119.0,129.0,6.0,74.0,103.0,221.0,204.0,456.0,210.0,241.0,101.0,69.0
1983-05-01,8.0,51.0,3.0,160.0,0.0,8.0,7.0,0.0,0.0,12.0,15.0,123.0,3.0,9.0
1983-06-01,27.0,0.0,30.0,906.0,0.0,4.0,0.0,14.0,28.0,2.0,8.0,22.0,11.0,1.0
1983-07-01,4.0,2.0,0.0,7.0,0.0,0.0,1.0,0.0,25.0,1.0,0.0,0.0,0.0,0.0
1983-08-01,0.0,0.0,0.0,9.0,0.0,0.0,18.0,0.0,0.0,1.0,0.0,0.0,0.0,0.0
1983-09-01,4.0,10.0,1.0,45.0,0.0,0.0,1.0,0.0,53.0,7.0,5.0,0.0,1.0,0.0
1983-10-01,13.0,2.0,37.0,139.0,1.0,8.0,12.0,38.0,5.0,4.0,12.0,22.0,103.0,12.0
1983-11-01,116.0,17.0,41.0,48.0,0.0,8.0,65.0,24.0,128.0,29.0,8.0,4.0,37.0,9.0
1983-12-01,98.0,31.0,18.0,83.0,2.0,14.0,132.0,46.0,56.0,5.0,30.0,39.0,117.0,12.0
1984-01-01,229.0,24.0,112.0,15.0,1.0,4.0,15.0,36.0,74.0,50.0,4.0,26.0,136.0,5.0
1984-02-01,161.0,125.0,95.0,326.0,5.0,72.0,182.0,197.0,133.0,83.0,148.0,227.0,186.0,40.0
1984-03-01,451.0,109.0,76.0,255.0,1.0,64.0,174.0,40.0,98.0,51.0,41.0,95.0,155.0,13.0
1984-04-01,48.0,20.0,17.0,258.0,1.0,16.0,100.0,57.0,23.0,44.0,8.0,31.0,74.0,11.0
1984-05-01,30.0,19.0,15.0,120.0,0.0,3.0,6.0,15.0,2.0,15.0,21.0,35.0,30.0,2.0
1984-06-01,34.0,17.0,87.0,99.0,0.0,4.0,0.0,16.0,189.0,9.0,8.0,4.0,35.0,1.0
1984-07-01,0.0,0.0,3.0,0.0,3.0,0.0,0.0,35.0,2.0,0.0,1.0,0.0,3.0,0.0
1984-08-01,1.0,2.0,0.0,0.0,0.0,0.0,0.0,0.0,0.0,8.0,0.0,0.0,0.0,0.0
1984-09-01,16.0,3.0,17.0,43.0,0.0,15.0,0.0,20.0,30.0,0.0,1.0,0.0,5.0,0.0
1984-10-01,6.0,2.0,49.0,131.0,1.0,8.0,38.0,54.0,6.0,1.0,20.0,54.0,39.0,10.0
1984-11-01,64.0,68.0,24.0,55.0,1.0,9.0,114.0,27.0,17.0,22.0,9.0,12.0,40.0,2.0
1984-12-01,171.0,18.0,91.0,31.0,2.0,17.0,18.0,29.0,46.0,3.0,11.0,7.0,82.0,1.0
1985-01-01,77.0,2.0,31.0,58.0,0.0,28.0,194.0,44.0,36.0,77.0,29.0,30.0,110.0,2.0
1985-02-01,137.0,72.0,152.0,85.0,2.0,72.0,141.0,91.0,187.0,23.0,58.0,27.0,182.0,51.0
1985-03-01,156.0,50.0,144.0,181.0,0.0,32.0,54.0,56.0,159.0,33.0,52.0,26.0,181.0,27.0
1985-04-01,84.0,18.0,51.0,66.0,1.0,9.0,157.0,31.0,36.0,7.0,6.0,8.0,82.0,5.0
1985-05-01,59.0,0.0,8.0,22.0,2.0,3.0,21.0,19.0,42.0,21.0,14.0,4.0,64.0,0.0
1985-06-01,3.0,0.0,0.0,2.0,0.0,0.0,0.0,0.0,0.0,1.0,0.0,0.0,3.0,0.0
1985-07-01,1.0,0.0,0.0,2.0,0.0,0.0,0.0,18.0,0.0,1.0,0.0,0.0,0.0,0.0
1985-08-01,0.0,5.0,1.0,2.0,1.0,0.0,0.0,32.0,0.0,12.0,1.0,0.0,10.0,0.0
1985-09-01,4.0,22.0,5.0,21.0,4.0,1.0,3.0,62.0,12.0,25.0,10.0,3.0,56.0,3.0
1985-10-01,0.0,0.0,54.0,17.0,0.0,9.0,12.0,16.0,0.0,3.0,4.0,0.0,55.0,3.0
1985-11-01,92.0,0.0,30.0,23.0,0.0,0.0,22.0,9.0,30.0,24.0,2.0,0.0,58.0,0.0
1985-12-01,110.0,24.0,13.0,73.0,0.0,3.0,127.0,204.0,62.0,23.0,43.0,13.0,113.0,2.0
1986-01-01,205.0,136.0,127.0,189.0,6.0,48.0,142.0,94.0,145.0,120.0,31.0,90.0,154.0,13.0
1986-02-01,96.0,44.0,46.0,20.0,0.0,1.0,220.0,13.0,3.0,52.0,38.0,21.0,111.0,1.0
1986-03-01,296.0,55.0,101.0,158.0,2.0,38.0,123.0,179.0,58.0,44.0,50.0,25.0,121.0,41.0
1986-04-01,149.0,83.0,92.0,224.0,4.0,34.0,91.0,191.0,90.0,42.0,77.0,72.0,96.0,24.0
1986-05-01,10.0,3.0,5.0,40.0,0.0,0.0,25.0,45.0,8.0,14.0,0.0,0.0,9.0,0.0
1986-06-01,1.0,0.0,0.0,0.0,0.0,0.0,1.0,0.0,0.0,0.0,0.0,0.0,3.0,0.0
1986-07-01,4.0,3.0,0.0,6.0,1.0,0.0,0.0,6.0,0.0,0.0,0.0,0.0,0.0,0.0
1986-08-01,2.0,10.0,0.0,2.0,3.0,1.0,1.0,0.0,0.0,0.0,0.0,12.0,0.0,0.0
1986-09-01,16.0,0.0,0.0,88.0,0.0,6.0,1.0,0.0,23.0,0.0,1.0,0.0,5.0,0.0
1986-10-01,9.0,10.0,3.0,83.0,1.0,0.0,1.0,0.0,13.0,0.0,4.0,4.0,17.0,0.0
1986-11-01,83.0,25.0,16.0,88.0,1.0,1.0,75.0,0.0,74.0,25.0,0.0,6.0,60.0,0.0
1986-12-01,127.0,39.0,34.0,101.0,0.0,10.0,107.0,92.0,30.0,15.0,7.0,31.0,126.0,3.0
1987-01-01,389.0,124.0,363.0,96.0,3.0,64.0,209.0,447.0,426.0,163.0,49.0,130.0,259.0,13.0
1987-02-01,114.0,85.0,667.0,66.0,2.0,92.0,198.0,284.0,429.0,102.0,1203.0,270.0,155.0,78.0
1987-03-01,121.0,64.0,164.0,250.0,8.0,141.0,85.0,240.0,240.0,65.0,41.0,35.0,176.0,38.0
1987-04-01,84.0,68.0,68.0,233.0,9.0,37.0,124.0,16.0,51.0,55.0,43.0,49.0,60.0,41.0
1987-05-01,7.0,3.0,8.0,73.0,0.0,6.0,13.0,0.0,0.0,20.0,4.0,8.0,55.0,6.0
1987-06-01,2.0,0.0,0.0,1.0,0.0,0.0,0.0,0.0,1.0,1.0,1.0,0.0,16.0,0.0
1987-07-01,8.0,4.0,1.0,9.0,0.0,0.0,0.0,18.0,0.0,1.0,0.0,6.0,1.0,4.0
1987-08-01,11.0,4.0,0.0,0.0,0.0,0.0,1.0,4.0,3.0,1.0,4.0,0.0,0.0,0.0
1987-09-01,28.0,2.0,3.0,22.0,0.0,12.0,21.0,8.0,7.0,21.0,4.0,11.0,9.0,0.0
1987-10-01,13.0,10.0,17.0,118.0,0.0,2.0,30.0,2.0,15.0,5.0,5.0,7.0,49.0,1.0
1987-11-01,75.0,12.0,13.0,86.0,2.0,3.0,31.0,30.0,3.0,5.0,10.0,24.0,13.0,20.0
1987-12-01,49.0,23.0,21.0,43.0,1.0,20.0,39.0,8.0,49.0,6.0,5.0,14.0,76.0,12.0
1988-01-01,212.0,75.0,102.0,70.0,9.0,127.0,4.0,80.0,135.0,34.0,223.0,88.0,171.0,60.0
1988-02-01,143.0,70.0,64.0,286.0,1.0,62.0,410.0,75.0,26.0,110.0,79.0,59.0,145.0,21.0
1988-03-01,51.0,35.0,103.0,290.0,3.0,15.0,201.0,42.0,206.0,38.0,14.0,35.0,382.0,48.0
1988-04-01,118.0,82.0,34.0,154.0,1.0,14.0,93.0,89.0,116.0,484.0,17.0,52.0,145.0,8.0
1988-05-01,48.0,7.0,19.0,57.0,0.0,9.0,16.0,15.0,39.0,20.0,6.0,8.0,33.0,4.0
1988-06-01,17.0,3.0,1.0,1.0,0.0,0.0,0.0,0.0,4.0,1.0,0.0,0.0,2.0,0.0
1988-07-01,1.0,0.0,0.0,4.0,0.0,0.0,1.0,0.0,1.0,2.0,0.0,0.0,1.0,0.0
1988-08-01,0.0,0.0,0.0,7.0,0.0,0.0,0.0,0.0,1.0,0.0,0.0,0.0,11.0,2.0
1988-09-01,9.0,2.0,10.0,62.0,0.0,0.0,0.0,2.0,45.0,1.0,4.0,0.0,25.0,0.0
1988-10-01,46.0,27.0,12.0,54.0,0.0,12.0,108.0,18.0,45.0,8.0,6.0,11.0,38.0,2.0
1988-11-01,82.0,11.0,10.0,45.0,0.0,0.0,30.0,32.0,1.0,1.0,8.0,4.0,17.0,0.0
1988-12-01,61.0,9.0,98.0,36.0,0.0,57.0,65.0,9.0,126.0,14.0,4.0,8.0,32.0,66.0
1989-01-01,182.0,59.0,78.0,39.0,1.0,24.0,104.0,105.0,137.0,55.0,24.0,28.0,58.0,15.0
1989-02-01,304.0,132.0,95.0,29.0,10.0,57.0,27.0,234.0,59.0,35.0,70.0,200.0,193.0,40.0
1989-03-01,258.0,98.0,57.0,146.0,1.0,57.0,174.0,174.0,55.0,73.0,30.0,93.0,135.0,12.0
1989-04-01,87.0,62.0,91.0,145.0,4.0,25.0,56.0,160.0,57.0,51.0,32.0,30.0,66.0,20.0
1989-05-01,13.0,2.0,9.0,21.0,1.0,1.0,15.0,7.0,13.0,20.0,2.0,2.0,21.0,0.0
1989-06-01,11.0,4.0,2.0,5.0,1.0,1.0,0.0,8.0,41.0,0.0,1.0,1.0,11.0,0.0
1989-07-01,3.0,0.0,0.0,3.0,0.0,0.0,1.0,0.0,1.0,2.0,0.0,0.0,0.0,0.0
1989-08-01,4.0,3.0,0.0,4.0,0.0,1.0,5.0,0.0,2.0,0.0,1.0,3.0,1.0,0.0
1989-09-01,20.0,4.0,73.0,47.0,0.0,0.0,31.0,15.0,3.0,8.0,7.0,7.0,37.0,2.0
1989-10-01,92.0,0.0,42.0,146.0,1.0,4.0,40.0,49.0,84.0,14.0,16.0,49.0,72.0,11.0
1989-11-01,15.0,1.0,9.0,29.0,0.0,2.0,18.0,22.0,0.0,0.0,7.0,0.0,1.0,1.0
1989-12-01,16.0,12.0,18.0,21.0,0.0,5.0,5.0,0.0,115.0,3.0,1.0,0.0,0.0,3.0
1990-01-01,88.0,1.0,77.0,13.0,0.0,12.0,27.0,43.0,103.0,17.0,39.0,6.0,83.0,11.0
1990-02-01,142.0,0.0,101.0,128.0,0.0,1.0,369.0,70.0,124.0,32.0,69.0,24.0,100.0,12.0
1990-03-01,154.0,31.0,173.0,192.0,2.0,36.0,104.0,100.0,255.0,86.0,19.0,52.0,143.0,52.0
1990-04-01,48.0,59.0,14.0,93.0,0.0,15.0,139.0,14.0,16.0,16.0,20.0,3.0,85.0,9.0
1990-05-01,33.0,4.0,17.0,41.0,1.0,2.0,7.0,0.0,4.0,17.0,0.0,0.0,33.0,0.0
1990-06-01,24.0,0.0,7.0,13.0,1.0,3.0,0.0,15.0,23.0,0.0,3.0,1.0,3.0,0.0
1990-07-01,1.0,0.0,0.0,1.0,0.0,0.0,0.0,0.0,0.0,0.0,0.0,0.0,0.0,0.0
1990-08-01,0.0,0.0,1.0,1.0,0.0,0.0,0.0,0.0,1.0,1.0,0.0,0.0,3.0,1.0
1990-09-01,17.0,15.0,1.0,34.0,0.0,0.0,0.0,0.0,1.0,34.0,5.0,1.0,3.0,0.0
1990-10-01,45.0,25.0,32.0,73.0,1.0,6.0,84.0,28.0,69.0,88.0,10.0,14.0,74.0,5.0
1990-11-01,73.0,10.0,33.0,47.0,2.0,13.0,48.0,34.0,33.0,0.0,12.0,54.0,60.0,4.0
1990-12-01,53.0,12.0,5.0,13.0,0.0,8.0,54.0,8.0,108.0,5.0,5.0,8.0,50.0,2.0
1991-01-01,26.0,1.0,56.0,12.0,0.0,2.0,0.0,5.0,49.0,9.0,4.0,3.0,56.0,7.0
1991-02-01,220.0,34.0,81.0,85.0,4.0,17.0,356.0,89.0,68.0,30.0,114.0,17.0,91.0,11.0
1991-03-01,78.0,68.0,113.0,122.0,7.0,81.0,213.0,173.0,135.0,97.0,42.0,53.0,157.0,45.0
1991-04-01,36.0,54.0,95.0,145.0,1.0,28.0,95.0,126.0,16.0,11.0,51.0,28.0,85.0,24.0
1991-05-01,65.0,8.0,17.0,72.0,1.0,5.0,12.0,26.0,71.0,17.0,6.0,4.0,36.0,5.0
1991-06-01,1.0,1.0,0.0,0.0,0.0,0.0,2.0,0.0,1.0,0.0,3.0,0.0,2.0,0.0
1991-07-01,3.0,0.0,0.0,1.0,0.0,0.0,0.0,0.0,1.0,0.0,0.0,0.0,1.0,0.0
1991-08-01,0.0,0.0,1.0,3.0,0.0,0.0,1.0,0.0,0.0,0.0,0.0,0.0,5.0,0.0
1991-09-01,3.0,0.0,5.0,104.0,0.0,0.0,3.0,1.0,4.0,0.0,1.0,0.0,4.0,0.0
1991-10-01,4.0,32.0,18.0,78.0,0.0,6.0,32.0,35.0,1.0,26.0,8.0,18.0,58.0,2.0
1991-11-01,206.0,33.0,47.0,104.0,0.0,11.0,63.0,49.0,71.0,8.0,13.0,4.0,52.0,19.0
1991-12-01,89.0,24.0,13.0,65.0,1.0,3.0,42.0,28.0,5.0,26.0,15.0,11.0,47.0,0.0
1992-01-01,47.0,0.0,31.0,16.0,3.0,10.0,42.0,47.0,15.0,67.0,15.0,45.0,53.0,18.0
1992-02-01,109.0,15.0,50.0,44.0,1.0,17.0,1.0,42.0,29.0,4.0,14.0,40.0,99.0,8.0
1992-03-01,103.0,23.0,132.0,208.0,6.0,60.0,82.0,190.0,164.0,61.0,47.0,107.0,182.0,50.0
1992-04-01,95.0,5.0,98.0,149.0,8.0,21.0,130.0,141.0,57.0,45.0,34.0,126.0,108.0,19.0
1992-05-01,15.0,0.0,5.0,21.0,0.0,4.0,201.0,11.0,2.0,15.0,14.0,11.0,44.0,5.0
1992-06-01,3.0,0.0,0.0,738.0,0.0,3.0,0.0,9.0,3.0,0.0,23.0,14.0,12.0,0.0
1992-07-01,1.0,0.0,0.0,2.0,0.0,0.0,0.0,0.0,0.0,0.0,0.0,0.0,0.0,0.0
1992-08-01,1.0,0.0,4.0,0.0,0.0,0.0,0.0,0.0,0.0,0.0,0.0,0.0,0.0,0.0
1992-09-01,5.0,0.0,7.0,36.0,0.0,8.0,169.0,21.0,4.0,5.0,1.0,5.0,55.0,0.0
1992-10-01,7.0,0.0,28.0,120.0,1.0,4.0,320.0,3.0,8.0,14.0,4.0,1.0,47.0,3.0
1992-11-01,88.0,0.0,21.0,20.0,1.0,2.0,16.0,4.0,7.0,1.0,2.0,1.0,24.0,0.0
1992-12-01,40.0,2.0,16.0,3.0,0.0,9.0,59.0,0.0,133.0,8.0,0.0,1.0,31.0,6.0
1993-01-01,97.0,0.0,74.0,28.0,1.0,30.0,3.0,52.0,114.0,12.0,26.0,28.0,59.0,15.0
1993-02-01,243.0,97.0,147.0,212.0,5.0,82.0,402.0,286.0,461.0,95.0,295.0,30.0,109.0,61.0
1993-03-01,357.0,164.0,166.0,328.0,9.0,60.0,306.0,342.0,237.0,93.0,16.0,26.0,245.0,64.0
1993-04-01,185.0,65.0,120.0,152.0,2.0,39.0,59.0,124.0,115.0,105.0,33.0,61.0,117.0,32.0
1993-05-01,54.0,21.0,9.0,56.0,6.0,9.0,13.0,20.0,19.0,13.0,2.0,7.0,7.0,8.0
1993-06-01,1.0,0.0,0.0,1.0,0.0,0.0,0.0,0.0,4.0,0.0,2.0,0.0,6.0,0.0
1993-07-01,4.0,0.0,0.0,0.0,0.0,0.0,0.0,0.0,0.0,0.0,0.0,0.0,0.0,0.0
1993-08-01,1.0,0.0,0.0,0.0,0.0,0.0,0.0,3.0,1.0,1.0,0.0,0.0,4.0,0.0
1993-09-01,29.0,45.0,76.0,19.0,1.0,1.0,0.0,33.0,27.0,36.0,4.0,11.0,30.0,1.0
1993-10-01,86.0,53.0,31.0,230.0,1.0,10.0,225.0,55.0,110.0,155.0,11.0,18.0,62.0,3.0
1993-11-01,80.0,8.0,10.0,79.0,4.0,4.0,47.0,30.0,40.0,18.0,8.0,18.0,57.0,1.0
1993-12-01,149.0,52.0,75.0,192.0,1.0,27.0,204.0,50.0,137.0,47.0,16.0,30.0,138.0,19.0
1994-01-01,233.0,38.0,132.0,125.0,1.0,68.0,99.0,139.0,224.0,66.0,99.0,63.0,137.0,9.0
1994-02-01,247.0,103.0,107.0,156.0,3.0,32.0,153.0,115.0,138.0,52.0,51.0,77.0,193.0,35.0
1994-03-01,295.0,53.0,158.0,202.0,11.0,28.0,74.0,188.0,132.0,75.0,39.0,106.0,156.0,62.0
1994-04-01,210.0,23.0,87.0,178.0,1.0,23.0,168.0,53.0,112.0,14.0,20.0,51.0,170.0,13.0
1994-05-01,35.0,60.0,30.0,346.0,1.0,1.0,5.0,22.0,29.0,18.0,6.0,6.0,20.0,0.0
1994-06-01,21.0,0.0,4.0,224.0,0.0,2.0,0.0,0.0,20.0,27.0,8.0,5.0,0.0,0.0
1994-07-01,13.0,3.0,0.0,7.0,0.0,0.0,0.0,1.0,6.0,0.0,0.0,0.0,0.0,0.0
1994-08-01,1.0,0.0,0.0,2.0,0.0,0.0,3.0,0.0,0.0,2.0,0.0,0.0,1.0,0.0
1994-09-01,10.0,8.0,6.0,22.0,0.0,0.0,7.0,6.0,29.0,28.0,3.0,3.0,19.0,0.0
1994-10-01,3.0,0.0,4.0,72.0,0.0,0.0,135.0,0.0,1.0,45.0,4.0,3.0,7.0,0.0
1994-11-01,54.0,44.0,6.0,54.0,1.0,8.0,57.0,27.0,12.0,23.0,8.0,19.0,91.0,4.0
1994-12-01,165.0,52.0,73.0,153.0,4.0,14.0,80.0,29.0,42.0,42.0,7.0,31.0,151.0,5.0
1995-01-01,119.0,51.0,46.0,224.0,2.0,16.0,62.0,106.0,60.0,19.0,27.0,38.0,85.0,19.0
1995-02-01,207.0,70.0,88.0,373.0,1.0,88.0,216.0,95.0,19.0,40.0,111.0,53.0,199.0,28.0
1995-03-01,121.0,32.0,189.0,277.0,0.0,37.0,98.0,107.0,282.0,53.0,11.0,38.0,173.0,24.0
1995-04-01,63.0,65.0,43.0,259.0,0.0,16.0,115.0,60.0,29.0,28.0,12.0,16.0,43.0,8.0
1995-05-01,26.0,15.0,19.0,80.0,0.0,3.0,26.0,6.0,2.0,18.0,8.0,6.0,44.0,2.0
1995-06-01,4.0,12.0,1.0,20.0,0.0,1.0,0.0,2.0,1.0,4.0,2.0,3.0,6.0,11.0
1995-07-01,3.0,5.0,0.0,8.0,0.0,0.0,0.0,5.0,0.0,0.0,0.0,1.0,1.0,0.0
1995-08-01,0.0,2.0,3.0,0.0,0.0,0.0,2.0,0.0,0.0,1.0,0.0,0.0,3.0,0.0
1995-09-01,4.0,11.0,1.0,32.0,1.0,1.0,2.0,0.0,27.0,28.0,2.0,1.0,11.0,0.0
1995-10-01,32.0,39.0,30.0,35.0,0.0,1.0,58.0,16.0,27.0,28.0,4.0,0.0,84.0,2.0
1995-11-01,40.0,20.0,45.0,70.0,0.0,3.0,18.0,36.0,48.0,32.0,9.0,0.0,17.0,6.0
1995-12-01,95.0,69.0,42.0,202.0,0.0,1.0,6.0,59.0,21.0,43.0,50.0,0.0,57.0,0.0
1996-01-01,151.0,62.0,59.0,66.0,6.0,15.0,18.0,90.0,56.0,26.0,18.0,43.0,93.0,16.0
1996-02-01,206.0,148.0,231.0,268.0,8.0,105.0,210.0,161.0,93.0,110.0,88.0,100.0,152.0,47.0
1996-03-01,283.0,146.0,217.0,183.0,5.0,59.0,132.0,210.0,201.0,76.0,21.0,43.0,268.0,51.0
1996-04-01,78.0,29.0,20.0,160.0,1.0,25.0,263.0,66.0,59.0,19.0,36.0,25.0,91.0,15.0
1996-05-01,10.0,3.0,11.0,42.0,0.0,4.0,12.0,6.0,32.0,18.0,7.0,1.0,25.0,0.0
1996-06-01,10.0,0.0,2.0,0.0,1.0,0.0,0.0,8.0,11.0,2.0,0.0,0.0,16.0,0.0
1996-07-01,0.0,0.0,0.0,6.0,1.0,0.0,0.0,0.0,0.0,1.0,0.0,0.0,0.0,0.0
1996-08-01,3.0,0.0,0.0,2.0,0.0,0.0,5.0,1.0,1.0,0.0,0.0,0.0,0.0,0.0
1996-09-01,37.0,7.0,0.0,70.0,0.0,0.0,11.0,6.0,4.0,32.0,4.0,4.0,21.0,1.0
1996-10-01,50.0,62.0,17.0,164.0,1.0,2.0,91.0,23.0,48.0,46.0,5.0,17.0,25.0,3.0
1996-11-01,22.0,0.0,62.0,3.0,0.0,1.0,25.0,1.0,129.0,7.0,0.0,4.0,71.0,0.0
1996-12-01,21.0,6.0,13.0,9.0,0.0,1.0,55.0,2.0,18.0,0.0,0.0,2.0,88.0,1.0
1997-01-01,54.0,8.0,61.0,27.0,0.0,3.0,7.0,7.0,25.0,19.0,5.0,13.0,74.0,3.0
1997-02-01,185.0,115.0,74.0,14.0,3.0,109.0,154.0,172.0,61.0,70.0,188.0,58.0,147.0,52.0
1997-03-01,70.0,25.0,151.0,63.0,2.0,36.0,89.0,64.0,250.0,56.0,20.0,30.0,213.0,42.0
1997-04-01,93.0,52.0,91.0,42.0,2.0,26.0,119.0,125.0,57.0,31.0,29.0,63.0,88.0,18.0
1997-05-01,17.0,13.0,18.0,91.0,0.0,1.0,10.0,14.0,0.0,19.0,7.0,1.0,41.0,0.0
1997-06-01,10.0,3.0,3.0,56.0,0.0,11.0,1.0,7.0,4.0,0.0,1.0,2.0,5.0,2.0
1997-07-01,0.0,0.0,0.0,1.0,0.0,0.0,0.0,0.0,0.0,0.0,0.0,0.0,0.0,0.0
1997-08-01,0.0,0.0,1.0,11.0,0.0,0.0,2.0,0.0,0.0,2.0,0.0,0.0,0.0,0.0
1997-09-01,33.0,11.0,1.0,43.0,1.0,1.0,3.0,29.0,17.0,27.0,5.0,6.0,17.0,2.0
1997-10-01,58.0,29.0,10.0,113.0,0.0,17.0,119.0,16.0,59.0,35.0,6.0,10.0,37.0,3.0
1997-11-01,11.0,35.0,4.0,53.0,1.0,5.0,61.0,86.0,37.0,9.0,16.0,31.0,59.0,1.0
1997-12-01,279.0,133.0,62.0,219.0,31.0,113.0,310.0,284.0,100.0,34.0,377.0,153.0,133.0,121.0
1998-01-01,436.0,201.0,329.0,550.0,29.0,80.0,569.0,373.0,437.0,210.0,45.0,286.0,113.0,39.0
1998-02-01,481.0,192.0,614.0,286.0,119.0,67.0,379.0,524.0,234.0,330.0,63.0,365.0,168.0,65.0
1998-03-01,474.0,272.0,202.0,504.0,45.0,69.0,249.0,44.0,205.0,174.0,53.0,464.0,212.0,71.0
1998-04-01,181.0,78.0,171.0,128.0,6.0,64.0,146.0,146.0,100.0,56.0,66.0,75.0,106.0,65.0
1998-05-01,51.0,11.0,7.0,54.0,0.0,4.0,7.0,23.0,13.0,15.0,16.0,21.0,40.0,1.0
1998-06-01,5.0,4.0,3.0,77.0,0.0,3.0,0.0,10.0,8.0,15.0,0.0,3.0,83.0,4.0
1998-07-01,0.0,0.0,3.0,2.0,0.0,0.0,1.0,0.0,0.0,0.0,0.0,0.0,1.0,0.0
1998-08-01,3.0,0.0,0.0,2.0,0.0,0.0,2.0,2.0,2.0,1.0,6.0,0.0,6.0,0.0
1998-09-01,7.0,5.0,2.0,47.0,1.0,0.0,14.0,5.0,3.0,21.0,7.0,4.0,28.0,1.0
1998-10-01,51.0,22.0,22.0,154.0,1.0,6.0,19.0,15.0,50.0,2.0,7.0,12.0,52.0,3.0
1998-11-01,24.0,7.0,55.0,45.0,0.0,0.0,78.0,8.0,90.0,16.0,3.0,5.0,9.0,0.0
1998-12-01,68.0,12.0,51.0,35.0,0.0,8.0,53.0,18.0,62.0,10.0,5.0,17.0,92.0,2.0
1999-01-01,124.0,77.0,124.0,33.0,11.0,20.0,23.0,70.0,141.0,62.0,36.0,48.0,74.0,37.0
1999-02-01,555.0,266.0,141.0,758.0,20.0,54.0,405.0,296.0,387.0,332.0,17.0,311.0,103.0,29.0
1999-03-01,236.0,72.0,95.0,573.0,1.0,52.0,198.0,176.0,160.0,68.0,49.0,64.0,115.0,3.0
1999-04-01,120.0,68.0,65.0,481.0,8.0,20.0,102.0,91.0,70.0,30.0,31.0,62.0,92.0,14.0
1999-05-01,76.0,47.0,30.0,119.0,1.0,10.0,15.0,83.0,80.0,13.0,22.0,59.0,23.0,56.0
1999-06-01,36.0,9.0,24.0,1.0,0.0,1.0,10.0,24.0,25.0,8.0,6.0,1.0,2.0,0.0
1999-07-01,10.0,3.0,0.0,11.0,1.0,4.0,1.0,18.0,5.0,1.0,1.0,2.0,1.0,1.0
1999-08-01,0.0,0.0,0.0,0.0,0.0,0.0,19.0,0.0,5.0,1.0,0.0,0.0,12.0,0.0
1999-09-01,59.0,31.0,2.0,25.0,0.0,2.0,13.0,42.0,40.0,35.0,2.0,7.0,43.0,1.0
1999-10-01,36.0,18.0,19.0,178.0,0.0,9.0,90.0,14.0,28.0,26.0,6.0,5.0,47.0,3.0
1999-11-01,74.0,15.0,54.0,70.0,0.0,3.0,89.0,19.0,53.0,30.0,8.0,4.0,83.0,1.0
1999-12-01,121.0,54.0,63.0,154.0,10.0,7.0,58.0,41.0,100.0,88.0,19.0,33.0,134.0,5.0
2000-08-01,4.0,4.0,0.0,0.0,1.0,0.0,0.0,6.0,3.0,0.0,0.0,5.0,0.0,0.0
2000-09-01,37.0,20.0,15.0,11.0,0.0,1.0,5.0,24.0,13.0,36.0,4.0,26.0,47.0,1.0
2000-10-01,21.0,0.0,52.0,58.0,0.0,5.0,228.0,7.0,31.0,148.0,4.0,2.0,86.0,2.0
2000-11-01,38.0,20.0,29.0,45.0,1.0,6.0,49.0,35.0,54.0,19.0,10.0,9.0,32.0,5.0
2000-12-01,139.0,74.0,101.0,201.0,6.0,56.0,104.0,79.0,185.0,14.0,39.0,41.0,74.0,44.0
2001-01-01,314.0,323.0,148.0,99.0,3.0,40.0,85.0,143.0,327.0,103.0,65.0,104.0,219.0,21.0
2001-02-01,167.0,76.0,88.0,98.0,1.0,41.0,193.0,67.0,213.0,55.0,25.0,101.0,164.0,11.0
2001-03-01,615.0,164.0,213.0,390.0,25.0,76.0,395.0,139.0,540.0,136.0,26.0,290.0,199.0,48.0
2001-04-01,89.0,28.0,98.0,190.0,12.0,40.0,100.0,187.0,61.0,26.0,129.0,80.0,120.0,38.0
2001-05-01,65.0,27.0,53.0,109.0,1.0,5.0,8.0,16.0,57.0,15.0,17.0,9.0,20.0,8.0
2001-06-01,0.0,1.0,0.0,27.0,3.0,2.0,0.0,44.0,1.0,0.0,5.0,5.0,4.0,0.0
2001-07-01,2.0,1.0,1.0,4.0,1.0,1.0,0.0,1.0,4.0,1.0,1.0,0.0,3.0,0.0
2001-08-01,0.0,0.0,2.0,2.0,2.0,0.0,3.0,1.0,0.0,2.0,0.0,0.0,16.0,0.0
2001-09-01,12.0,32.0,1.0,8.0,0.0,2.0,1.0,11.0,41.0,23.0,17.0,19.0,10.0,0.0
2001-10-01,28.0,1.0,47.0,86.0,2.0,14.0,8.0,72.0,48.0,12.0,14.0,11.0,112.0,11.0
2001-11-01,107.0,44.0,15.0,87.0,1.0,6.0,46.0,42.0,104.0,30.0,15.0,13.0,89.0,3.0
2001-12-01,65.0,51.0,22.0,150.0,1.0,19.0,53.0,57.0,69.0,45.0,31.0,11.0,151.0,8.0
2002-01-01,18.0,9.0,64.0,15.0,0.0,2.0,169.0,7.0,58.0,62.0,4.0,6.0,70.0,9.0
2002-02-01,231.0,102.0,146.0,135.0,8.0,81.0,329.0,436.0,265.0,78.0,312.0,177.0,206.0,74.0
2002-03-01,312.0,60.0,179.0,181.0,3.0,80.0,94.0,56.0,354.0,81.0,58.0,121.0,180.0,46.0
2002-04-01,201.0,42.0,69.0,85.0,1.0,41.0,100.0,23.0,137.0,91.0,61.0,80.0,122.0,34.0
2002-05-01,15.0,21.0,2.0,151.0,0.0,3.0,18.0,14.0,25.0,18.0,2.0,1.0,10.0,0.0
2002-06-01,7.0,3.0,1.0,52.0,0.0,1.0,0.0,30.0,7.0,20.0,0.0,3.0,0.0,0.0
2002-07-01,4.0,0.0,0.0,4.0,0.0,0.0,0.0,1.0,1.0,0.0,0.0,0.0,1.0,0.0
