date,caudal_aforado_m3s,volumen_aforado_mmc,caudal_naturalizado_m3s,volumen_naturalizado_mmc
1934-01-01,45.82,122.724288,45.82,122.724288
1934-02-01,33.92,82.059264,33.92,82.059264
1934-03-01,82.24,220.271616,82.24,220.271616
1934-04-01,26.48,68.63616,26.48,68.63616
1934-05-01,4.84,12.963456,4.84,12.963456
1934-06-01,2.8,7.2576,2.8,7.2576
1934-07-01,0.76,2.035584,0.76,2.035584
1934-08-01,0,0.0,0,0.0
1934-09-01,0,0.0,0,0.0
1934-10-01,0,0.0,0,0.0
1934-11-01,0,0.0,0,0.0
1934-12-01,0,0.0,0,0.0
1935-01-01,12.82,34.337088,12.82,34.337088
1935-02-01,24.84,60.092928,24.84,60.092928
1935-03-01,107.48,287.874432,107.48,287.874432
1935-04-01,26.4,68.4288,26.4,68.4288
1935-05-01,4.86,13.017024,4.86,13.017024
1935-06-01,3.78,9.797759999999998,3.78,9.797759999999998
1935-07-01,2.74,7.338816,2.74,7.338816
1935-08-01,1.41,3.776544,1.41,3.776544
1935-09-01,0.76,1.96992,0.76,1.96992
1935-10-01,0,0.0,0,0.0
1935-11-01,0,0.0,0,0.0
1935-12-01,2.41,6.454944000000002,2.41,6.454944000000002
1936-01-01,74.85,200.47824,74.85,200.47824
1936-02-01,43.66,109.394496,43.66,109.394496
1936-03-01,23.84,63.853056,23.84,63.853056
1936-04-01,7.61,19.72512,7.61,19.72512
1936-05-01,0,0.0,0,0.0
1936-06-01,0,0.0,0,0.0
1936-07-01,0,0.0,0,0.0
1936-08-01,0,0.0,0,0.0
1936-09-01,0,0.0,0,0.0
1936-10-01,0,0.0,0,0.0
1936-11-01,0,0.0,0,0.0
1936-12-01,0,0.0,0,0.0
1937-01-01,13.78,36.908352,13.78,36.908352
1937-02-01,25.54,61.78636799999998,25.54,61.78636799999998
1937-03-01,25.53,68.37955200000002,25.53,68.37955200000002
1937-04-01,8.18,21.202559999999995,8.18,21.202559999999995
1937-05-01,1.8,4.82112,1.8,4.82112
1937-06-01,0.62,1.60704,0.62,1.60704
1937-07-01,0,0.0,0,0.0
1937-08-01,0,0.0,0,0.0
1937-09-01,0,0.0,0,0.0
1937-10-01,0,0.0,0,0.0
1937-11-01,0,0.0,0,0.0
1937-12-01,2.25,6.0264,2.25,6.0264
1938-01-01,6.75,18.0792,6.75,18.0792
1938-02-01,61.27,148.22438400000004,61.27,148.22438400000004
1938-03-01,62.81,168.23030400000002,62.81,168.23030400000002
1938-04-01,25.5,66.096,25.5,66.096
1938-05-01,2.47,6.615648000000002,2.47,6.615648000000002
1938-06-01,0.66,1.71072,0.66,1.71072
1938-07-01,0.44,1.178496,0.44,1.178496
1938-08-01,0,0.0,0,0.0
1938-09-01,0,0.0,0,0.0
1938-10-01,0,0.0,0,0.0
1938-11-01,0,0.0,0,0.0
1938-12-01,0.18,0.4821119999999999,0.18,0.4821119999999999
1939-01-01,10.16,27.212544,10.16,27.212544
1939-02-01,68.38,165.42489599999993,68.38,165.42489599999993
1939-03-01,155.64,416.866176,155.64,416.866176
1939-04-01,43.38,112.44096,43.38,112.44096
1939-05-01,7.68,20.570111999999995,7.68,20.570111999999995
1939-06-01,1.14,2.9548799999999993,1.14,2.9548799999999993
1939-07-01,0.92,2.464128,0.92,2.464128
1939-08-01,0.68,1.8213120000000005,0.68,1.8213120000000005
1939-09-01,0,0.0,0,0.0
1939-10-01,0,0.0,0,0.0
1939-11-01,0,0.0,0,0.0
1939-12-01,1.91,5.115744,1.91,5.115744
1940-01-01,17.35,46.47024,17.642,47.2523328
1940-02-01,17.26,43.24665600000001,17.576,44.0384256
1940-03-01,29.75,79.6824,30.242,81.0001728
1940-04-01,13.85,35.8992,14.092,36.52646399999999
1940-05-01,2.2,5.89248,2.2,5.89248
1940-06-01,0.83,2.15136,0.83,2.15136
1940-07-01,0.39,1.0445760000000002,0.39,1.0445760000000002
1940-08-01,0,0.0,0,0.0
1940-09-01,0,0.0,0,0.0
1940-10-01,0,0.0,0,0.0
1940-11-01,1.47,3.81024,0.197,0.5106240000000001
1940-12-01,3.44,9.213696,0.466,1.2481344
1941-01-01,15.53,41.595552,16.151,43.2588384
1941-02-01,14.2,34.35264,14.821,35.85496319999999
1941-03-01,17.08,45.747072,17.759,47.565705599999994
1941-04-01,1.74,4.51008,1.824,4.727807999999999
1941-05-01,1.2,3.21408,1.2,3.21408
1941-06-01,0,0.0,0,0.0
1941-07-01,1.6,4.28544,1.6,4.28544
1941-08-01,0,0.0,0,0.0
1941-09-01,0,0.0,0,0.0
1941-10-01,0,0.0,0,0.0
1941-11-01,2.77,7.17984,0.378,0.9797759999999999
1941-12-01,4.58,12.267072,0.619,1.6579296000000001
1942-01-01,48.5,129.9024,49.185,131.73710400000002
1942-02-01,48.51,117.355392,49.259,119.16737279999998
1942-03-01,28.02,75.048768,28.42,76.120128
1942-04-01,12.8,33.1776,12.997,33.68822399999999
1942-05-01,10.05,26.91792,10.05,26.91792
1942-06-01,0.97,2.5142399999999996,0.97,2.5142399999999996
1942-07-01,0.23,0.616032,0.23,0.616032
1942-08-01,0,0.0,0,0.0
1942-09-01,0,0.0,0,0.0
1942-10-01,1.61,4.3122240000000005,0.238,0.6374592
1942-11-01,3.04,7.87968,0.363,0.9408960000000001
1942-12-01,2.75,7.3656,0.407,1.0901087999999999
1943-01-01,19.17,51.344928,19.543,52.34397119999999
1943-02-01,86.8,209.98656,88.536,214.1862912
1943-03-01,53.82,144.151488,54.811,146.80578239999997
1943-04-01,44.66,115.75872,45.516,117.97747200000002
1943-05-01,3.02,8.088768,3.02,8.088768
1943-06-01,1.34,3.47328,1.34,3.47328
1943-07-01,1.07,2.865888,1.07,2.865888
1943-08-01,0.77,2.062368,0.77,2.062368
1943-09-01,0.49,1.27008,0.49,1.27008
1943-10-01,0.84,2.249856,0.113,0.3026592
1943-11-01,4.5,11.664,0.614,1.5914879999999998
1943-12-01,8.87,23.757407999999995,1.204,3.2247935999999995
1944-01-01,21.87,58.576608,22.332,59.81402880000001
1944-02-01,47.73,119.59228799999997,48.799,122.2707744
1944-03-01,75.57,202.406688,77.101,206.50731839999997
1944-04-01,12.74,33.02208,13.027,33.765983999999996
1944-05-01,4.63,12.400992,4.63,12.400992
1944-06-01,1.69,4.3804799999999995,1.69,4.3804799999999995
1944-07-01,0.94,2.517696,0.94,2.517696
1944-08-01,0.69,1.848096,0.69,1.848096
1944-09-01,0.81,2.09952,0.098,0.254016
1944-10-01,2.83,7.579872,0.422,1.1302848
1944-11-01,4.87,12.62304,0.588,1.5240960000000003
1944-12-01,3.77,10.097568,0.562,1.5052608
1945-01-01,11.84,31.712256,12.145,32.52916799999999
1945-02-01,24.74,59.851007999999986,25.392,61.42832639999999
1945-03-01,122.98,329.389632,125.833,337.0311072
1945-04-01,23.23,60.21216,23.813,61.723296000000005
1945-05-01,3.63,9.722591999999999,3.63,9.722591999999999
1945-06-01,1.62,4.19904,1.62,4.19904
1945-07-01,0.94,2.517696,0.94,2.517696
1945-08-01,0.43,1.151712,0.43,1.151712
1945-09-01,0.36,0.9331199999999997,0.36,0.9331199999999997
1945-10-01,2.59,6.937055999999998,0.374,1.0017216
1945-11-01,5.04,13.06368,0.585,1.5163199999999994
1945-12-01,8.62,23.087807999999995,1.246,3.3372864000000004
1946-01-01,38.12,102.100608,38.698,103.6487232
1946-02-01,91.07,220.316544,92.513,223.8074496
1946-03-01,178.34,477.665856,180.885,484.48238399999985
1946-04-01,67.85,175.86719999999997,68.876,178.526592
1946-05-01,7.84,20.998656,7.84,20.998656
1946-06-01,1.62,4.19904,1.62,4.19904
1946-07-01,0.86,2.303424,0.86,2.303424
1946-08-01,0.36,0.9642239999999997,0.36,0.9642239999999997
1946-09-01,0,0.0,0,0.0
1946-10-01,1.19,3.187295999999999,0.065,0.17409600000000003
1946-11-01,8.05,20.865600000000004,0.185,0.47952
1946-12-01,9.26,24.801984,0.505,1.352592
1947-01-01,27.26,73.01318400000001,28.088,75.2308992
1947-02-01,26.06,63.044352,26.924,65.13454080000001
1947-03-01,40.5,108.4752,41.713,111.7240992
1947-04-01,17.08,44.27136,17.624,45.68140799999998
1947-05-01,3.57,9.561888,3.57,9.561888
1947-06-01,1.12,2.90304,1.12,2.90304
1947-07-01,0.38,1.017792,0.38,1.017792
1947-08-01,0,0.0,0,0.0
1947-09-01,0,0.0,0,0.0
1947-10-01,4.07,10.901088000000001,0.596,1.5963264
1947-11-01,4.68,12.130559999999996,0.553,1.433376
1947-12-01,3.91,10.472544000000003,0.573,1.5347232
1948-01-01,19.86,53.193024,20.549,55.0384416
1948-02-01,40.86,102.378816,42.379,106.18482239999999
1948-03-01,26.86,71.941824,27.778,74.40059519999998
1948-04-01,15.15,39.2688,15.697,40.686623999999995
1948-05-01,7.58,20.302272,7.58,20.302272
1948-06-01,2.14,5.54688,2.14,5.54688
1948-07-01,1.03,2.7587520000000003,1.03,2.7587520000000003
1948-08-01,0,0.0,0,0.0
1948-09-01,0,0.0,0,0.0
1948-10-01,4.91,13.150944,0.727,1.9471967999999997
1948-11-01,5.75,14.904,0.688,1.783296
1948-12-01,2.65,7.09776,0.392,1.0499328
1949-01-01,18.72,50.13964799999999,19.105,51.170832
1949-02-01,36.87,89.195904,37.672,91.13610239999998
1949-03-01,76.47,204.817248,77.965,208.82145600000007
1949-04-01,31.16,80.76672,31.804,82.43596799999999
1949-05-01,1.95,5.22288,1.95,5.22288
1949-06-01,0.8,2.0736,0.8,2.0736
1949-07-01,0.53,1.419552,0.53,1.419552
1949-08-01,0,0.0,0,0.0
1949-09-01,2.78,7.205759999999998,0.376,0.9745919999999999
1949-10-01,4.05,10.84752,0.548,1.4677632000000003
1949-11-01,4.29,11.119679999999999,0.585,1.5163199999999994
1949-12-01,1.16,3.106944,0.155,0.415152
1950-01-01,14.01,37.524384,14.85,39.77424
1950-02-01,37.42,90.52646400000003,39.773,96.2188416
1950-03-01,35.52,95.13676800000002,37.559,100.5980256
1950-04-01,34.79,90.17568,36.86,95.54112
1950-05-01,5.43,14.543711999999996,5.43,14.543711999999996
1950-06-01,0.6,1.5552,0.6,1.5552
1950-07-01,0,0.0,0,0.0
1950-08-01,0,0.0,0,0.0
1950-09-01,1.33,3.447360000000001,0.039,0.10108799999999998
1950-10-01,2.98,7.981632,1.707,4.5720288
1950-11-01,2.1,5.4432,0.729,1.8895680000000001
1950-12-01,29.06,77.834304,10.279,27.531273600000002
1951-01-01,74.76,200.237184,77.168,206.68677119999998
1951-02-01,113.94,275.643648,117.898,285.21884159999996
1951-03-01,146.88,393.403392,151.514,405.8150976
1951-04-01,21.75,56.376,22.53,58.39776000000001
1951-05-01,3.51,9.401184,3.51,9.401184
1951-06-01,0.86,2.22912,0.86,2.22912
1951-07-01,0.21,0.562464,0.21,0.562464
1951-08-01,0,0.0,0,0.0
1951-09-01,3.6,9.3312,0.485,1.2571199999999998
1951-10-01,5.6,14.99904,0.76,2.035584
1951-11-01,9.81,25.42752,1.331,3.4499520000000006
1951-12-01,23.92,64.067328,3.252,8.710156799999998
1952-01-01,116.3,311.49792,117.698,315.2423232
1952-02-01,136.86,342.916416,138.65,347.40144
1952-03-01,121.24,324.729216,122.69,328.612896
1952-04-01,33.72,87.40223999999999,34.163,88.55049599999998
1952-05-01,2.13,5.704992,2.13,5.704992
1952-06-01,0.45,1.1664,0.45,1.1664
1952-07-01,0,0.0,0,0.0
1952-08-01,0,0.0,0,0.0
1952-09-01,4.72,12.23424,0.644,1.6692480000000003
1952-10-01,4.72,12.642048,0.641,1.7168544
1952-11-01,4.22,10.93824,0.572,1.4826239999999997
1952-12-01,4.92,13.177728,0.67,1.794528
1953-01-01,27.62,73.977408,27.954,74.8719936
1953-02-01,224.39,542.844288,227.084,549.3616128000001
1953-03-01,141.08,377.86867200000006,142.635,382.0335839999999
1953-04-01,32.25,83.592,32.644,84.61324799999998
1953-05-01,3.88,10.392191999999998,3.88,10.392191999999998
1953-06-01,0.7,1.8144,0.7,1.8144
1953-07-01,0.41,1.0981439999999998,0.41,1.0981439999999998
1953-08-01,0,0.0,0,0.0
1953-09-01,5.24,13.582080000000003,0.717,1.8584639999999997
1953-10-01,3.85,10.31184,0.522,1.3981248
1953-11-01,4.46,11.560320000000003,0.61,1.58112
1953-12-01,4.39,11.758175999999999,0.599,1.6043615999999996
1954-01-01,35.24,94.386816,36.187,96.9232608
1954-02-01,80.76,195.374592,83.072,200.96778239999998
1954-03-01,92.53,247.832352,94.941,254.28997439999998
1954-04-01,6.06,15.707519999999997,6.261,16.228512
1954-05-01,1.8,4.82112,1.8,4.82112
1954-06-01,0.8,2.0736,0.8,2.0736
1954-07-01,0.24,0.6428159999999998,0.24,0.6428159999999998
1954-08-01,0,0.0,0,0.0
1954-09-01,5.15,13.3488,0.7,1.8144
1954-10-01,3.74,10.017216,0.512,1.3713407999999998
1954-11-01,7.27,18.84384,0.991,2.568672
1954-12-01,5.35,14.32944,0.732,1.9605888
1955-01-01,52.64,140.990976,53.523,143.35600320000003
1955-02-01,81.25,196.56,82.718,200.11138559999998
1955-03-01,119,318.7296,120.948,323.94712319999996
1955-04-01,14.87,38.54303999999999,15.15,39.2688
1955-05-01,2.61,6.990624,2.61,6.990624
1955-06-01,0.73,1.89216,0.73,1.89216
1955-07-01,0.16,0.428544,0.16,0.428544
1955-08-01,0,0.0,0,0.0
1955-09-01,4.22,10.93824,0.576,1.4929919999999999
1955-10-01,5.52,14.784768,0.752,2.0141568
1955-11-01,3.73,9.66816,0.505,1.30896
1955-12-01,3.33,8.919072,0.45,1.20528
1956-01-01,6.35,17.00784,6.508,17.431027200000003
1956-02-01,93.33,233.847648,95.52,239.334912
1956-03-01,29.88,80.030592,30.532,81.77690880000002
1956-04-01,11.45,29.6784,11.723,30.386016000000005
1956-05-01,1.88,5.035392,1.88,5.035392
1956-06-01,0.45,1.1664,0.45,1.1664
1956-07-01,0,0.0,0,0.0
1956-08-01,0,0.0,0,0.0
1956-09-01,4.62,11.97504,0.629,1.6303680000000003
1956-10-01,3.54,9.481536,0.48,1.2856319999999997
1956-11-01,3,7.776,0.403,1.044576
1956-12-01,0.52,1.3927680000000002,0.07,0.187488
1957-01-01,5.19,13.900896000000003,5.299,14.192841600000001
1957-02-01,57.35,138.74112,58.456,141.4167552
1957-03-01,63.47,169.998048,64.585,172.98446399999997
1957-04-01,16.17,41.91264,16.477,42.708383999999995
1957-05-01,2.01,5.383584,2.01,5.383584
1957-06-01,0.07,0.18144,0.07,0.18144
1957-07-01,0,0.0,0,0.0
1957-08-01,0,0.0,0,0.0
1957-09-01,0,0.0,0,0.0
1957-10-01,2.5,6.696,0.336,0.8999423999999999
1957-11-01,5.08,13.16736,0.691,1.7910719999999996
1957-12-01,2.01,5.383584,0.276,0.7392384000000001
1958-01-01,4.604,12.331353600000002,4.797,12.8482848
1958-02-01,17.311,41.8787712,18.058,43.685913600000006
1958-03-01,23.573,63.1379232,24.496,65.61008640000001
1958-04-01,3.175,8.2296,3.315,8.59248
1958-05-01,0.415,1.111536,0.415,1.111536
1958-06-01,0,0.0,0,0.0
1958-07-01,0,0.0,0,0.0
1958-08-01,0,0.0,0,0.0
1958-09-01,0,0.0,0,0.0
1958-10-01,0,0.0,0,0.0
1958-11-01,3.201,8.296992000000001,0,0.0
1958-12-01,3.122,8.361964799999999,0,0.0
1959-01-01,0,0.0,0.025,0.06696
1959-02-01,56.8,137.41056,57.907,140.0886144
1959-03-01,91.271,244.46024640000002,92.881,248.77247039999997
1959-04-01,36.193,93.81225599999999,36.867,95.55926400000001
1959-05-01,4.176,11.1849984,4.176,11.1849984
1959-06-01,0.321,0.832032,0.321,0.832032
1959-07-01,0,0.0,0,0.0
1959-08-01,0,0.0,0,0.0
1959-09-01,0,0.0,0,0.0
1959-10-01,0,0.0,0,0.0
1959-11-01,3.703,9.598175999999999,0,0.0
1959-12-01,9.955,26.663472,2.931,7.8503904
1960-01-01,29.804,79.8270336,30.579,81.9027936
1960-02-01,51.562,129.1937472,53.014,132.83187840000002
1960-03-01,13.407,35.9093088,13.763,36.8628192
1960-04-01,0.566,1.4670719999999997,0.599,1.5526079999999998
1960-05-01,0.236,0.6321024000000001,0.236,0.6321024000000001
1960-06-01,0,0.0,0,0.0
1960-07-01,0,0.0,0,0.0
1960-08-01,0,0.0,0,0.0
1960-09-01,0,0.0,0,0.0
1960-10-01,0,0.0,0,0.0
1960-11-01,4.834,12.529728,0,0.0
1960-12-01,3.323,8.900323199999999,0,0.0
1961-01-01,14.824,39.7046016,12.72,34.069248
1961-02-01,248.084,600.1648128,183.011,442.7402111999999
1961-03-01,119.607,320.3553888,121.862,326.39518079999993
1961-04-01,76.361,197.92771199999996,77.871,201.84163199999998
1961-05-01,3.578,9.5833152,3.578,9.5833152
1961-06-01,1.155,2.99376,1.155,2.99376
1961-07-01,0.032,0.08570879999999999,0.032,0.08570879999999999
1961-08-01,0,0.0,0,0.0
1961-09-01,0,0.0,0,0.0
1961-10-01,3.581,9.591350399999998,0.12,0.3214079999999999
1961-11-01,8.582,22.244544,0,0.0
1961-12-01,30.875,82.6956,21.343,57.165091199999985
1962-01-01,69.594,186.40056959999998,70.894,189.8824896
1962-02-01,128.56,311.012352,131.138,317.24904960000003
1962-03-01,126.734,339.4443456,129.052,345.6528768
1962-04-01,39.294,101.85004799999999,40.071,103.86403199999998
1962-05-01,3.316,8.881574399999998,3.316,8.881574399999998
1962-06-01,1.093,2.833056,1.093,2.833056
1962-07-01,0.238,0.6374592,0.238,0.6374592
1962-08-01,0,0.0,0,0.0
1962-09-01,2.871,7.441631999999999,0.06,0.15551999999999996
1962-10-01,6.332,16.9596288,0,0.0
1962-11-01,5.273,13.667615999999999,0,0.0
1962-12-01,7.484,20.0451456,0,0.0
1963-01-01,31.654,84.78207359999999,32.223,86.30608319999999
1963-02-01,131.067,317.07728640000005,133.478,322.90997760000005
1963-03-01,159.286,426.63162239999997,161.95,433.76688
1963-04-01,52.626,136.406592,53.568,138.84825599999996
1963-05-01,4.36,11.677824000000001,4.36,11.677824000000001
1963-06-01,0.507,1.314144,0.507,1.314144
1963-07-01,0,0.0,0,0.0
1963-08-01,0,0.0,0,0.0
1963-09-01,2.543,6.591456,0,0.0
1963-10-01,6.601,17.680118399999998,0,0.0
1963-11-01,8.589,22.262688000000004,0,0.0
1963-12-01,19.289,51.6636576,16.242,43.5025728
1964-01-01,8.582,22.9860288,0.741,1.9846944
1964-02-01,23.648,59.25242879999999,24.709,61.91087039999999
1964-03-01,39.467,105.7084128,42.818,114.68373119999998
1964-04-01,13.874,35.961408,15.123,39.19881600000001
1964-05-01,2.126,5.694278399999999,2.126,5.694278399999999
1964-06-01,0.39,1.0108800000000002,0.39,1.0108800000000002
1964-07-01,0,0.0,0,0.0
1964-08-01,0,0.0,0,0.0
1964-09-01,0,0.0,0,0.0
1964-10-01,2.997,8.0271648,0.073,0.1955232
1964-11-01,5.024,13.022208000000003,0,0.0
1964-12-01,4.553,12.1947552,0,0.0
1965-01-01,3.895,10.432368,4.031,10.796630399999998
1965-02-01,55.185,133.50355200000004,56.984,137.85569279999999
1965-03-01,30.448,81.5519232,31.361,83.99730240000001
1965-04-01,3.087,8.001504000000002,3.201,8.296992000000001
1965-05-01,0.195,0.5222880000000001,0.195,0.5222880000000001
1965-06-01,0,0.0,0,0.0
1965-07-01,0,0.0,0,0.0
1965-08-01,0,0.0,0,0.0
1965-09-01,0,0.0,0,0.0
1965-10-01,2.812,7.531660800000001,0,0.0
1965-11-01,3.363,8.716895999999998,0,0.0
1965-12-01,2.925,7.83432,0,0.0
1966-01-01,9.053,24.247555200000004,9.638,25.8144192
1966-02-01,9.162,22.1647104,9.807,23.725094400000003
1966-03-01,22.19,59.433696,23.59,63.183456
1966-04-01,2.313,5.995295999999999,2.482,6.433344000000001
1966-05-01,0.594,1.5909696,0.594,1.5909696
1966-06-01,0,0.0,0,0.0
1966-07-01,0,0.0,0,0.0
1966-08-01,0,0.0,0,0.0
1966-09-01,0,0.0,0,0.0
1966-10-01,1.887,5.0541408,1.887,5.0541408
1966-11-01,4.813,12.475295999999998,0,0.0
1966-12-01,12.526,33.5496384,8.373,22.4262432
1967-01-01,19.808,53.053747200000004,18.705,50.099472
1967-02-01,494.187,1195.5371904,200.245,484.432704
1967-03-01,350.988,940.0862591999999,193.515,518.310576
1967-04-01,18.596,48.200832000000005,19.109,49.530528
1967-05-01,4.833,12.944707200000003,4.833,12.944707200000003
1967-06-01,1.19,3.0844799999999992,1.19,3.0844799999999992
1967-07-01,0.671,1.7972064000000003,0.671,1.7972064000000003
1967-08-01,3.276,8.774438400000001,0.298,0.7981632
1967-09-01,7.258,18.812736000000005,0,0.0
1967-10-01,7.68,20.570111999999995,0,0.0
1967-11-01,6.955,18.02736,0,0.0
1967-12-01,5.996,16.0596864,0,0.0
1968-01-01,7.887,21.1245408,6.126,16.407878399999998
1968-02-01,4.966,12.442809600000002,5.664,14.1917184
1968-03-01,16.546,44.3168064,18.611,49.8477024
1968-04-01,3.478,9.014976,3.949,10.235808
1968-05-01,0.405,1.084752,0.405,1.084752
1968-06-01,0.035,0.09072,0.035,0.09072
1968-07-01,0,0.0,0,0.0
1968-08-01,1.918,5.1371712,0.064,0.17141759999999998
1968-09-01,2.443,6.332256,0,0.0
1968-10-01,2.514,6.733497599999999,0.012,0.0321408
1968-11-01,3.326,8.620992,0,0.0
1968-12-01,2.67,7.151328,2.652,7.1031168000000005
1969-01-01,2.545,6.816528,2.711,7.261142400000001
1969-02-01,8.832,21.3663744,9.402,22.7453184
1969-03-01,30.012,80.3841408,31.74,85.01241599999999
1969-04-01,5.712,14.805503999999997,6.068,15.728255999999998
1969-05-01,0.485,1.2990239999999997,0.485,1.2990239999999997
1969-06-01,0,0.0,0,0.0
1969-07-01,0,0.0,0,0.0
1969-08-01,0,0.0,0,0.0
1969-09-01,0,0.0,0,0.0
1969-10-01,3.827,10.250236800000001,0.063,0.1687392
1969-11-01,4.566,11.835071999999998,0.001,0.0025919999999999997
1969-12-01,23.928,64.08875520000001,23.224,62.2031616
1970-01-01,104.362,279.5231808,109.33,292.829472
1970-02-01,21.79,52.714367999999986,22.964,55.554508799999994
1970-03-01,12.719,34.0665696,13.364,35.7941376
1970-04-01,9.338,24.204096,9.844,25.515648000000002
1970-05-01,7,18.7488,7,18.7488
1970-06-01,1.3,3.3696,1.3,3.3696
1970-07-01,0.691,1.8507743999999997,0.691,1.8507743999999997
1970-08-01,2.523,6.757603199999999,0.274,0.7338816000000001
1970-09-01,5.392,13.976064000000003,0,0.0
1970-10-01,5.494,14.7151296,0,0.0
1970-11-01,3.836,9.942912,0,0.0
1970-12-01,6.424,17.206041600000002,0,0.0
1971-01-01,25.157,67.38050880000002,26.22,70.22764799999999
1971-02-01,77.918,188.49922559999996,81.392,196.90352639999998
1971-03-01,60.42,161.82892800000002,62.888,168.4392192
1971-04-01,11.027,28.581983999999995,11.535,29.89872
1971-05-01,2.261,6.0558624,2.261,6.0558624
1971-06-01,0.81,2.09952,0.81,2.09952
1971-07-01,0.519,1.3900896,0.519,1.3900896
1971-08-01,0.323,0.8651232,0.323,0.8651232
1971-09-01,6.149,15.938208000000003,0,0.0
1971-10-01,4.445,11.905488000000004,0.077,0.2062368
1971-11-01,4.737,12.278304000000002,0,0.0
1971-12-01,8.117,21.740572800000002,0.058,0.15534720000000002
1972-01-01,41.271,110.5402464,41.867,112.13657280000001
1972-02-01,107.397,269.09392320000006,109.032,273.19057920000006
1972-03-01,219.107,586.8561887999999,157.534,421.9390655999999
1972-04-01,29.382,76.15814400000002,29.828,77.314176
1972-05-01,3.901,10.4484384,3.901,10.4484384
1972-06-01,1.376,3.566592,1.376,3.566592
1972-07-01,0.979,2.6221536000000003,0.979,2.6221536000000003
1972-08-01,0.554,1.4838336,0.554,1.4838336
1972-09-01,5.634,14.603328000000001,0.009,0.023327999999999998
1972-10-01,4.448,11.913523199999998,0,0.0
1972-11-01,4.455,11.54736,0,0.0
1972-12-01,13.191,35.3307744,12.378,33.153235200000005
1973-01-01,46.633,124.90182719999999,47.086,126.11514239999998
1973-02-01,49.02,118.58918400000003,50.612,122.44055040000002
1973-03-01,94.551,253.2453984,97.314,260.6458176
1973-04-01,35.521,92.07043200000001,36.624,94.92940799999998
1973-05-01,7.189,19.255017600000002,7.189,19.255017600000002
1973-06-01,1.662,4.307904,1.662,4.307904
1973-07-01,0.944,2.5284096000000003,0.944,2.5284096000000003
1973-08-01,2.067,5.536252800000001,0.445,1.191888
1973-09-01,4.367,11.319264,0.002,0.005183999999999999
1973-10-01,5.32,14.249088000000004,0,0.0
1973-11-01,4.423,11.464415999999998,0,0.0
1973-12-01,8.379,22.4423136,3.372,9.031564799999998
1974-01-01,42.812,114.6676608,43.98,117.79603199999997
1974-02-01,111.724,270.28270080000004,114.973,278.14268159999995
1974-03-01,73.615,197.170416,75.581,202.4361504
1974-04-01,10.886,28.216511999999998,11.226,29.097792000000005
1974-05-01,2.013,5.3916192,2.013,5.3916192
1974-06-01,0.681,1.7651519999999998,0.681,1.7651519999999998
1974-07-01,0.584,1.5641856,0.584,1.5641856
1974-08-01,1.245,3.334608,0.315,0.843696
1974-09-01,5.541,14.362272,0,0.0
1974-10-01,5.329,14.2731936,0.015,0.04017599999999999
1974-11-01,4.126,10.694592,0.021,0.054431999999999994
1974-12-01,5.074,13.590201600000002,0,0.0
1975-01-01,8.03,21.507551999999997,8.322,22.289644799999998
1975-02-01,9.254,22.387276800000006,9.61,23.24851199999999
1975-03-01,111.464,298.54517760000005,115.065,308.190096
1975-04-01,9.913,25.694496,10.274,26.630207999999996
1975-05-01,4.092,10.9600128,4.092,10.9600128
1975-06-01,1.278,3.3125760000000004,1.278,3.3125760000000004
1975-07-01,0.408,1.0927871999999998,0.408,1.0927871999999998
1975-08-01,0.257,0.6883488000000001,0.257,0.6883488000000001
1975-09-01,1.671,4.331232000000001,0.053,0.137376
1975-10-01,4.349,11.6483616,0,0.0
1975-11-01,3.702,9.595584000000002,0.003,0.007776
1975-12-01,5.226,13.9973184,0.014,0.0374976
1976-01-01,20.369,54.55632959999999,17.961,48.1067424
1976-02-01,58.972,147.76024320000002,61.953,155.2294368
1976-03-01,31.466,84.27853440000001,32.933,88.2077472
1976-04-01,11.177,28.970783999999995,11.743,30.437856000000004
1976-05-01,2.004,5.3675136,2.004,5.3675136
1976-06-01,0.864,2.2394879999999997,0.864,2.2394879999999997
1976-07-01,0.528,1.4141952,0.528,1.4141952
1976-08-01,0.244,0.6535296,0.244,0.6535296
1976-09-01,2.984,7.734527999999999,0.081,0.20995200000000003
1976-10-01,4.773,12.784003199999999,0.002,0.005356799999999999
1976-11-01,4.017,10.412064000000003,0.131,0.3395520000000001
1976-12-01,3.372,9.031564799999998,0.06,0.16070399999999996
1977-01-01,2.923,7.8289632,0.035,0.093744
1977-02-01,30.873,74.68796160000001,33.421,80.85208320000002
1977-03-01,25.337,67.8626208,27.262,73.0185408
1977-04-01,3.996,10.357631999999999,4.338,11.244096
1977-05-01,0.967,2.5900128,0.967,2.5900128
1977-06-01,0.773,2.0036160000000005,0.773,2.0036160000000005
1977-07-01,0.02,0.053568,0.02,0.053568
1977-08-01,0,0.0,0,0.0
1977-09-01,2.08,5.391360000000001,0,0.0
1977-10-01,2.6,6.96384,0,0.0
1977-11-01,4.786,12.405311999999999,0,0.0
1977-12-01,2.719,7.2825695999999995,0,0.0
1978-01-01,5.784,15.491865599999999,6.213,16.640899200000003
1978-02-01,12.318,29.7997056,13.726,33.2059392
1978-03-01,4.726,12.6581184,5.23,14.008032
1978-04-01,4.807,12.459744000000002,5.338,13.836096000000001
1978-05-01,0.565,1.513296,0.565,1.513296
1978-06-01,0.082,0.21254399999999998,0.082,0.21254399999999998
1978-07-01,0,0.0,0,0.0
1978-08-01,0,0.0,0,0.0
1978-09-01,1.74,4.51008,0.002,0.005183999999999999
1978-10-01,3.371,9.0288864,0.01,0.026784
1978-11-01,1.881,4.875552000000001,0,0.0
1978-12-01,2.672,7.156684800000001,0.364,0.9749376000000001
1979-01-01,3.142,8.4155328,2.198,5.8871232
1979-02-01,14.604,35.3299968,15.447,37.36938239999999
1979-03-01,29.027,77.74591680000002,30.539,81.79565760000001
1979-04-01,4.807,12.459744000000002,5.082,13.172544000000002
1979-05-01,0.174,0.4660416,0.174,0.4660416
1979-06-01,0.115,0.29808,0.115,0.29808
1979-07-01,0,0.0,0,0.0
1979-08-01,0,0.0,0,0.0
1979-09-01,2.116,5.484672000000001,0,0.0
1979-10-01,3.977,10.651996800000001,0.005,0.013392
1979-11-01,1.547,4.009823999999999,0,0.0
1979-12-01,0.016,0.042854399999999994,0,0.0
1980-01-01,4.058,10.8689472,4.372,11.709964799999998
1980-02-01,4.083,10.2303648,4.426,11.0897856
1980-03-01,11.744,31.455129600000003,12.624,33.812121600000005
1980-04-01,3.991,10.344672,4.309,11.168928000000001
1980-05-01,0.319,0.8544096000000001,0.319,0.8544096000000001
1980-06-01,0,0.0,0,0.0
1980-07-01,0,0.0,0,0.0
1980-08-01,0,0.0,0,0.0
1980-09-01,0,0.0,0,0.0
1980-10-01,0.842,2.2552128,0,0.0
1980-11-01,1.54,3.99168,0,0.0
1980-12-01,3.458,9.261907200000001,0,0.0
1981-01-01,3.816,10.220774399999998,4.065,10.887696000000002
1981-02-01,32.996,79.82392320000002,35.082,84.8703744
1981-03-01,26.564,71.1490176,28.1,75.26304
1981-04-01,9.113,23.620896,9.679,25.087968000000004
1981-05-01,0.715,1.915056,0.715,1.915056
1981-06-01,0,0.0,0,0.0
1981-07-01,0,0.0,0,0.0
1981-08-01,0,0.0,0,0.0
1981-09-01,4.303,11.153376,0,0.0
1981-10-01,3.587,9.6074208,0,0.0
1981-11-01,4.147,10.749024000000002,0,0.0
1981-12-01,6.658,17.832787200000002,4.834,12.9473856
1982-01-01,10.774,28.857081599999994,11.736,31.433702400000005
1982-02-01,31.618,76.4902656,34.598,83.69948160000001
1982-03-01,25.016,67.0028544,27.175,72.78552
1982-04-01,8.25,21.384,9.019,23.377248
1982-05-01,0.929,2.4882336,0.929,2.4882336
1982-06-01,0.357,0.9253439999999998,0.357,0.9253439999999998
1982-07-01,0,0.0,0,0.0
1982-08-01,0,0.0,0,0.0
1982-09-01,4.613,11.956896000000002,0.05,0.1296
1982-10-01,5.158,13.815187200000002,0,0.0
1982-11-01,8.64,22.394880000000008,0,0.0
1982-12-01,2.923,7.8289632,0.016,0.042854399999999994
1983-01-01,4.768,12.7706112,4.984,13.349145600000002
1983-02-01,1.807,4.3714944,1.901,4.598899200000001
1983-03-01,9.629,25.7903136,10.054,26.9286336
1983-04-01,12.217,31.666463999999994,12.773,33.10761600000001
1983-05-01,1.026,2.7480384000000004,1.026,2.7480384000000004
1983-06-01,0.031,0.08035199999999998,0.031,0.08035199999999998
1983-07-01,0,0.0,0,0.0
1983-08-01,0,0.0,0,0.0
1983-09-01,0.435,1.12752,0,0.0
1983-10-01,2.897,7.7593248,0,0.0
1983-11-01,0.745,1.93104,0,0.0
1983-12-01,3.744,10.027929600000002,3.744,10.027929600000002
1984-01-01,11.973,32.0684832,12.85,34.41744
1984-02-01,100.109,250.83311040000004,107.33,268.926048
1984-03-01,67.021,179.50904640000002,71.457,191.39042880000002
1984-04-01,18.854,48.869567999999994,20.214,52.394687999999995
1984-05-01,3.038,8.136979199999999,3.038,8.136979199999999
1984-06-01,1.405,3.64176,1.405,3.64176
1984-07-01,0.551,1.4757984000000002,0.551,1.4757984000000002
1984-08-01,0,0.0,0,0.0
1984-09-01,3.577,9.271584000000002,0,0.0
1984-10-01,7.962,21.325420799999996,0,0.0
1984-11-01,10.425,27.0216,0,0.0
1984-12-01,18.38,49.228992,0,0.0
1985-01-01,6.581,17.626550400000003,6.914,18.518457599999998
1985-02-01,45.338,109.68168960000001,47.588,115.1248896
1985-03-01,36.084,96.64738559999999,37.724,101.03996159999998
1985-04-01,28.028,72.64857599999999,29.355,76.08816
1985-05-01,3.483,9.328867200000001,3.483,9.328867200000001
1985-06-01,1.563,4.051296000000001,1.563,4.051296000000001
1985-07-01,0.845,2.2632479999999995,0.845,2.2632479999999995
1985-08-01,4.217,11.294812799999999,0.187,0.5008608
1985-09-01,3.854,9.989568000000002,0.016,0.041471999999999995
1985-10-01,3.801,10.180598400000001,0,0.0
1985-11-01,1.065,2.76048,0,0.0
1985-12-01,4.596,12.309926399999998,0.097,0.25980480000000006
1986-01-01,45.812,122.7028608,47.826,128.0971584
1986-02-01,62.977,152.3539584,65.98,159.618816
1986-03-01,40.409,108.23146559999999,42.183,112.98294719999998
1986-04-01,19.026,49.315392,19.92,51.63264
1986-05-01,6.528,17.484595199999998,6.528,17.484595199999998
1986-06-01,1.957,5.072544,1.957,5.072544
1986-07-01,1.041,2.7882143999999998,1.041,2.7882143999999998
1986-08-01,0.908,2.4319872,0.727,1.9471967999999997
1986-09-01,5.05,13.0896,0,0.0
1986-10-01,5.53,14.811552,0.021,0.056246399999999995
1986-11-01,4.403,11.412575999999998,0,0.0
1986-12-01,9.152,24.512716799999996,0.191,0.5115744
1987-01-01,46.53,124.625952,48.268,129.2810112
1987-02-01,34.089,82.46810879999998,35.489,85.85498879999999
1987-03-01,8.15,21.82896,8.472,22.6914048
1987-04-01,1.977,5.124384000000001,2.077,5.383584000000001
1987-05-01,0.808,2.1641472000000004,0.808,2.1641472000000004
1987-06-01,0.35,0.9072,0.35,0.9072
1987-07-01,0.185,0.495504,0.185,0.495504
1987-08-01,0.6,1.60704,0.6,1.60704
1987-09-01,2.669,6.918048000000001,0.299,0.775008
1987-10-01,4.535,12.146544000000002,0,0.0
1987-11-01,3.577,9.271584000000002,0.029,0.07516800000000001
1987-12-01,0.781,2.0918304,0,0.0
1988-01-01,12.682,33.967468800000006,13.615,36.466416
1988-02-01,22.144,55.4840064,23.903,59.89135679999999
1988-03-01,9.705,25.993872,10.422,27.9142848
1988-04-01,7.434,19.268928000000002,8.01,20.761919999999996
1988-05-01,3.126,8.3726784,3.126,8.3726784
1988-06-01,0.444,1.1508480000000003,0.444,1.1508480000000003
1988-07-01,0,0.0,0,0.0
1988-08-01,0.011,0.029462399999999993,0.011,0.029462399999999993
1988-09-01,3.957,10.256544,0.004,0.010367999999999999
1988-10-01,3.603,9.650275200000001,0,0.0
1988-11-01,2.651,6.871392000000001,0,0.0
1988-12-01,2.262,6.058540799999999,0,0.0
1989-01-01,15.97,42.774048,16.462,44.09182080000001
1989-02-01,68.049,164.62414080000002,70.208,169.84719359999997
1989-03-01,57.145,153.05716800000002,58.804,157.50063360000001
1989-04-01,24.698,64.017216,25.46,65.99232000000002
1989-05-01,2.469,6.6129696,2.469,6.6129696
1989-06-01,1.125,2.916,1.125,2.916
1989-07-01,0.895,2.397168,0.895,2.397168
1989-08-01,0.408,1.0927871999999998,0.408,1.0927871999999998
1989-09-01,4.026,10.435392,0.126,0.32659200000000005
1989-10-01,6.27,16.793568,0,0.0
1989-11-01,4.097,10.619424000000002,0.012,0.031104
1989-12-01,1.564,4.1890176,0.034,0.09106560000000001
1990-01-01,4.591,12.2965344,5.165,13.833936
1990-02-01,0.751,1.8168192,0.863,2.0877696
1990-03-01,7.714,20.661177600000002,8.668,23.216371199999998
1990-04-01,0.327,0.8475840000000001,0.38,0.98496
1990-05-01,0.273,0.7312032000000002,0.273,0.7312032000000002
1990-06-01,0.257,0.6661440000000001,0.257,0.6661440000000001
1990-07-01,0.132,0.3535488,0.132,0.3535488
1990-08-01,0,0.0,0,0.0
1990-09-01,0,0.0,0,0.0
1990-10-01,0,0.0,0,0.0
1990-11-01,1.411,3.657312,0,0.0
1990-12-01,4.033,10.801987200000001,0,0.0
1991-01-01,6.663,17.8461792,6.941,18.590774399999997
1991-02-01,14.322,34.64778239999999,14.952,36.17187839999999
1991-03-01,35.607,95.36978880000001,37.012,99.13294080000001
1991-04-01,3.818,9.896256,3.989,10.339488
1991-05-01,1.986,5.3193024,1.986,5.3193024
1991-06-01,0.347,0.8994240000000001,0.347,0.8994240000000001
1991-07-01,0.007,0.0187488,0.007,0.0187488
1991-08-01,0,0.0,0,0.0
1991-09-01,2.224,5.764607999999999,0,0.0
1991-10-01,4.625,12.3876,0,0.0
1991-11-01,0.905,2.3457600000000003,0,0.0
1991-12-01,0.154,0.4124736,0,0.0
1992-01-01,2.336,6.2567424,2.419,6.4790496000000015
1992-02-01,0.929,2.3277024,0.967,2.4229152
1992-03-01,4.052,10.852876799999999,4.195,11.235888000000001
1992-04-01,1.323,3.4292159999999994,1.372,3.5562240000000003
1992-05-01,0,0.0,0,0.0
1992-06-01,0,0.0,0,0.0
1992-07-01,0,0.0,0,0.0
1992-08-01,0,0.0,0,0.0
1992-09-01,0,0.0,0,0.0
1992-10-01,0,0.0,0,0.0
1992-11-01,1.031,2.672352,0,0.0
1992-12-01,0,0.0,0,0.0
1993-01-01,4.929,13.201833600000002,5.199,13.925001600000002
1993-02-01,19.193,46.43170560000001,20.259,49.0105728
1993-03-01,35.226,94.34931839999999,36.991,99.07669440000001
1993-04-01,11.715,30.36528,12.339,31.982688000000003
1993-05-01,2.333,6.2487072,2.333,6.2487072
1993-06-01,0.362,0.9383039999999999,0.362,0.9383039999999999
1993-07-01,0,0.0,0,0.0
1993-08-01,0.875,2.3436,0,0.0
1993-09-01,3.44,8.91648,0,0.0
1993-10-01,3.068,8.2173312,0,0.0
1993-11-01,4.502,11.669184000000001,0,0.0
1993-12-01,13.276,35.5584384,13.276,35.5584384
1994-01-01,28.524,76.3986816,29.501,79.0154784
1994-02-01,65.481,158.41163519999998,67.883,164.22255359999997
1994-03-01,27.948,74.8559232,28.9,77.40576
1994-04-01,16.086,41.694912,16.668,43.203456
1994-05-01,6.991,18.724694399999997,6.991,18.724694399999997
1994-06-01,1.461,3.7869120000000005,1.461,3.7869120000000005
1994-07-01,1.761,4.7166624,0.875,2.3436
1994-08-01,4.652,12.4599168,0,0.0
1994-09-01,4.633,12.008736000000003,0,0.0
1994-10-01,3.597,9.6342048,0.019,0.0508896
1994-11-01,2.439,6.3218879999999995,0.918,2.3794560000000007
1994-12-01,2.565,6.870096,2.565,6.870096
1995-01-01,7.367,19.731772799999998,7.546,20.2112064
1995-02-01,4.841,11.7113472,4.972,12.028262400000003
1995-03-01,40.87,109.466208,41.82,112.010688
1995-04-01,4.384,11.363328000000001,4.498,11.658815999999998
1995-05-01,0.604,1.6177536000000001,0.604,1.6177536000000001
1995-06-01,0,0.0,0,0.0
1995-07-01,0,0.0,0,0.0
1995-08-01,0,0.0,0,0.0
1995-09-01,2.842,7.366464000000001,0,0.0
1995-10-01,1.632,4.371148799999999,0.013,0.034819199999999995
1995-11-01,2.668,6.915456,2.668,6.915456
1995-12-01,3.619,9.6931296,3.619,9.6931296
1996-01-01,23.927,64.0860768,24.569,65.80560959999998
1996-02-01,48.049,120.3915744,49.431,123.85431359999998
1996-03-01,33.558,89.8817472,34.444,92.25480960000003
1996-04-01,19.517,50.588063999999996,20.061,51.998112000000006
1996-05-01,2.604,6.974553600000002,2.604,6.974553600000002
1996-06-01,0,0.0,0,0.0
1996-07-01,0,0.0,0,0.0
1996-08-01,1.942,5.2014528,0.153,0.40979519999999997
1996-09-01,3.801,9.852192,0,0.0
1996-10-01,2.759,7.389705599999999,0,0.0
1996-11-01,1.509,3.9113279999999997,0,0.0
1996-12-01,3.73,9.990432,2.743,7.3468512
1997-01-01,8.334,22.3217856,8.772,23.4949248
1997-02-01,14.667,35.48240639999999,15.5,37.4976
1997-03-01,9.076,24.3091584,9.551,25.581398400000005
1997-04-01,0.847,2.1954239999999996,0.904,2.343168
1997-05-01,0.235,0.629424,0.235,0.629424
1997-06-01,0,0.0,0,0.0
1997-07-01,0,0.0,0,0.0
1997-08-01,3.238,8.6726592,0.414,1.1088576
1997-09-01,1.57,4.06944,0,0.0
1997-10-01,0.232,0.6213888000000001,0,0.0
1997-11-01,0.413,1.070496,0,0.0
1997-12-01,6.989,18.7193376,6.402,17.1471168
1998-01-01,95.465,255.69345600000005,96.422,258.25668479999996
1998-02-01,55.436,134.1107712,56.051,135.59857920000002
1998-03-01,74.912,200.64430080000002,75.665,202.66113600000006
1998-04-01,34.733,90.027936,35.105,90.99215999999998
1998-05-01,0.623,1.6686432000000002,0.623,1.6686432000000002
1998-06-01,0.555,1.4385600000000003,0.555,1.4385600000000003
1998-07-01,0.503,1.3472351999999999,0.503,1.3472351999999999
1998-08-01,2.471,6.618326399999998,0.023,0.0616032
1998-09-01,2.293,5.943456,0,0.0
1998-10-01,1.608,4.3068672,0,0.0
1998-11-01,1.179,3.055968,0,0.0
1998-12-01,2.64,7.070976,1.583,4.2399072
1999-01-01,4.855,13.003632,4.958,13.279507200000003
1999-02-01,106.026,256.49809919999996,107.829,260.8599168
1999-03-01,94.447,252.96684479999996,95.914,256.8960576
1999-04-01,33.468,86.749056,34.024,88.190208
1999-05-01,6.676,17.8809984,6.676,17.8809984
1999-06-01,1.14,2.9548799999999993,1.14,2.9548799999999993
1999-07-01,0.925,2.47752,0.925,2.47752
1999-08-01,2.564,6.8674176,0.352,0.9427967999999998
1999-09-01,3.571,9.256032,0,0.0
1999-10-01,3.084,8.2601856,0,0.0
1999-11-01,1.922,4.981824,0,0.0
1999-12-01,5.085,13.619664,3.615,9.682416
2000-01-01,29.743,79.66365119999999,30.425,81.49032
2000-02-01,56.189,140.7871584,57.57,144.247392
2000-03-01,70.884,189.8557056,72.467,194.09561279999997
2000-04-01,15.126,39.206592,15.498,40.17081600000001
2000-05-01,5.705,15.280272,5.705,15.280272
2000-06-01,1.293,3.3514560000000007,1.293,3.3514560000000007
2000-07-01,1.181,3.1631904000000004,1.181,3.1631904000000004
2000-08-01,2.029,5.4344736,0.179,0.47943359999999996
2000-09-01,4.338,11.244096,0,0.0
2000-10-01,3.629,9.719913600000002,0,0.0
2000-11-01,2.041,5.290272,0,0.0
2000-12-01,6.059,16.2284256,5.205,13.941072
2001-01-01,57.047,152.79468479999997,58.209,155.90698559999998
2001-02-01,55.291,133.7599872,56.521,136.7356032
2001-03-01,89.223,238.9748832,91.016,243.77725439999998
2001-04-01,22.24,57.646079999999984,22.727,58.908384000000005
2001-05-01,2.795,7.486128,2.795,7.486128
2001-06-01,1.395,3.61584,1.395,3.61584
2001-07-01,1.497,4.009564800000001,0.665,1.7811360000000005
2001-08-01,3.257,8.723548800000001,0,0.0
2001-09-01,4.744,12.296448,0,0.0
2001-10-01,1.866,4.997894400000001,0,0.0
2001-11-01,1.972,5.111424,0,0.0
2001-12-01,2.191,5.868374399999999,0,0.0
2002-01-01,6.044,16.1882496,5.747,15.3927648
2002-02-01,29.077,70.34307840000001,30.029,72.64615679999999
2002-03-01,39.374,105.4593216,40.544,108.5930496
2002-04-01,13.905,36.04176,14.344,37.179648
2002-05-01,2.407,6.446908800000001,2.407,6.446908800000001
2002-06-01,0.744,1.9284480000000002,0.744,1.9284480000000002
2002-07-01,0.604,1.6177536000000001,0.604,1.6177536000000001
2002-08-01,2.524,6.7602816,0.027,0.07231679999999999
2002-09-01,3.483,9.027936,0,0.0
2002-10-01,1.854,4.9657536,0,0.0
2002-11-01,4.495,11.65104,4.167,10.800864
2002-12-01,3.875,10.3788,3.875,10.3788
2003-01-01,12.435,33.305904,12.449922,33.3458710848
2003-02-01,49.099,118.78030079999998,49.236477199999996,119.11288564223999
2003-03-01,37.299,99.90164159999999,37.3885176,100.14140553984
2003-04-01,16.277,42.189984,16.3193202,42.2996779584
2003-05-01,1.338,3.5836992000000003,1.338,3.5836992000000003
2003-06-01,0.901,2.3353920000000006,0.901,2.3353920000000006
2003-07-01,0.47,1.258848,0.46670999999999996,1.2500360640000001
2003-08-01,4.56,12.213503999999997,1.0214399999999997,2.7358248959999987
2003-09-01,2.942,7.625664000000001,0.129448,0.335529216
2003-10-01,2.169,5.809449600000001,0.11495699999999998,0.3079008287999999
2003-11-01,0.478,1.238976,0.03537199999999996,0.0916842239999999
2003-12-01,5.479,14.674953600000002,2.2463900000000003,6.016730976000002
