date,caudal_rio_chira_m3s,caudal_rio_piura_m3s,volumen_rio_chira_mmc,volumen_rio_piura_mmc
1937-01-01,45.935,,123.034,
1937-02-01,66.821,,161.654,
1937-03-01,81.065,,217.123,
1937-04-01,78.867,,204.422,
1937-05-01,40.065,,107.309,
1937-06-01,49.433,,128.131,
1937-07-01,41.452,,111.024,
1937-08-01,15.935,,42.682,
1937-09-01,21.033,,54.518,
1937-10-01,16.71,,44.755,
1937-11-01,7.4,,19.181,
1937-12-01,20.645,,55.296,
1938-01-01,19.161,,51.322,
1938-02-01,58.071,,140.486,
1938-03-01,237.903,,637.2,
1938-04-01,302.833,,784.944,
1938-05-01,116.903,,313.114,
1938-06-01,88.833,,230.256,
1938-07-01,53.29,,142.733,
1938-08-01,31.935,,85.536,
1938-09-01,30.533,,79.142,
1938-10-01,26.774,,71.712,
1938-11-01,18.3,,47.434,
1938-12-01,14.903,,39.917,
1939-01-01,69.71,,186.71,
1939-02-01,323.821,,783.389,
1939-03-01,473.806,,1269.043,
1939-04-01,700.133,,1814.746,
1939-05-01,330.29,,884.65,
1939-06-01,239.4,,620.525,
1939-07-01,136.0,,364.262,
1939-08-01,121.194,,324.605,
1939-09-01,67.533,,175.046,
1939-10-01,40.903,,109.555,
1939-11-01,20.8,,53.914,
1939-12-01,52.032,,139.363,
1940-01-01,92.065,,246.586,
1940-02-01,117.643,,294.766,
1940-03-01,242.194,,648.691,
1940-04-01,145.833,,378.0,
1940-05-01,119.742,,320.717,
1940-06-01,90.867,,235.526,
1940-07-01,72.097,,193.104,
1940-08-01,66.935,,179.28,
1940-09-01,57.767,,149.731,
1940-10-01,49.323,,132.106,
1940-11-01,38.367,,99.446,
1940-12-01,56.097,,150.25,
1941-01-01,176.742,,473.386,
1941-02-01,877.714,,2123.366,
1941-03-01,667.161,,1786.925,
1941-04-01,537.167,,1392.336,
1941-05-01,388.161,,1039.651,
1941-06-01,128.767,,333.763,
1941-07-01,57.548,,154.138,
1941-08-01,27.516,,73.699,
1941-09-01,27.167,,70.416,
1941-10-01,23.645,,63.331,
1941-11-01,13.767,,35.683,
1941-12-01,36.419,,97.546,
1942-01-01,86.355,,231.293,
1942-02-01,50.893,,123.12,
1942-03-01,144.516,,387.072,
1942-04-01,87.8,,227.578,
1942-05-01,91.613,,245.376,
1942-06-01,27.767,,71.971,
1942-07-01,20.935,,56.074,
1942-08-01,24.903,,66.701,
1942-09-01,25.8,,66.874,
1942-10-01,18.839,,50.458,
1942-11-01,6.067,,15.725,
1942-12-01,6.065,,16.243,
1943-01-01,104.452,,279.763,
1943-02-01,774.071,,1872.634,
1943-03-01,801.097,,2145.658,
1943-04-01,721.798,,1870.9,
1943-05-01,390.98,,1047.2,
1943-06-01,204.9,,531.1,
1943-07-01,67.018,,179.5,
1943-08-01,42.003,,112.5,
1943-09-01,42.207,,109.4,
1943-10-01,31.806,,85.19,
1943-11-01,22.533,,58.406,
1943-12-01,26.508,,71.0,
1944-01-01,74.129,,198.547,
1944-02-01,150.0,,375.84,
1944-03-01,182.677,,489.283,
1944-04-01,151.4,,392.429,
1944-05-01,115.161,,308.448,
1944-06-01,42.333,,109.728,
1944-07-01,37.419,,100.224,
1944-08-01,18.387,,49.248,
1944-09-01,24.833,,64.368,
1944-10-01,13.935,,37.325,
1944-11-01,5.767,,14.947,
1944-12-01,26.839,,71.885,
1945-01-01,81.387,,217.987,
1945-02-01,294.786,,713.146,
1945-03-01,154.774,,414.547,
1945-04-01,179.233,,464.573,
1945-05-01,60.452,,161.914,
1945-06-01,39.7,,102.902,
1945-07-01,37.71,,101.002,
1945-08-01,36.774,,98.496,
1945-09-01,27.867,,72.23,
1945-10-01,9.645,,25.834,
1945-11-01,16.0,,41.472,
1945-12-01,23.484,,62.899,
1946-01-01,38.258,,102.47,
1946-02-01,128.75,,311.472,
1946-03-01,196.452,,526.176,
1946-04-01,151.0,,391.392,
1946-05-01,49.774,,133.315,
1946-06-01,70.1,,181.699,
1946-07-01,31.871,,85.363,
1946-08-01,38.419,,102.902,
1946-09-01,40.267,,104.371,
1946-10-01,25.29,,67.738,
1946-11-01,27.733,,71.885,
1946-12-01,19.968,,53.482,
1947-01-01,35.516,,95.126,
1947-02-01,64.893,,156.989,
1947-03-01,64.806,,173.578,
1947-04-01,62.133,,161.05,
1947-05-01,55.387,,148.349,
1947-06-01,32.633,,84.586,
1947-07-01,24.258,,64.973,
1947-08-01,24.419,,65.405,
1947-09-01,20.033,,51.926,
1947-10-01,37.129,,99.446,
1947-11-01,52.367,,135.734,
1947-12-01,54.194,,145.152,
1948-01-01,70.677,,189.302,
1948-02-01,62.107,,155.616,
1948-03-01,83.032,,222.394,
1948-04-01,133.933,,347.155,
1948-05-01,42.548,,113.962,
1948-06-01,39.233,,101.693,
1948-07-01,28.742,,76.982,
1948-08-01,15.516,,41.558,
1948-09-01,12.733,,33.005,
1948-10-01,18.742,,50.198,
1948-11-01,16.533,,42.854,
1948-12-01,12.871,,34.474,
1949-01-01,25.419,,68.083,
1949-02-01,125.992,,304.8,
1949-03-01,727.001,,1947.2,
1949-04-01,364.506,,944.8,
1949-05-01,45.935,,123.034,
1949-06-01,41.233,,106.877,
1949-07-01,33.0,,88.387,
1949-08-01,17.226,,46.138,
1949-09-01,26.9,,69.725,
1949-10-01,33.415,,89.5,
1949-11-01,18.981,,49.2,
1949-12-01,33.005,,88.4,
1950-01-01,22.806,,61.085,
1950-02-01,57.071,,138.067,
1950-03-01,26.807,,71.8,
1950-04-01,51.196,,132.7,
1950-05-01,35.506,,95.1,
1950-06-01,34.799,,90.2,
1950-07-01,29.197,,78.2,
1950-08-01,37.484,,100.397,
1950-09-01,17.433,,45.187,
1950-10-01,24.806,,66.442,
1950-11-01,16.967,,43.978,
1950-12-01,62.29,,166.838,
1951-01-01,164.935,,441.763,
1951-02-01,179.25,,433.642,
1951-03-01,166.742,,446.602,
1951-04-01,176.167,,456.624,
1951-05-01,99.065,,265.334,
1951-06-01,54.533,,141.35,
1951-07-01,46.355,,124.157,
1951-08-01,18.387,,49.248,
1951-09-01,8.533,,22.118,
1951-10-01,18.0,,48.211,
1951-11-01,29.5,,76.464,
1951-12-01,44.419,,118.973,
1952-01-01,101.226,,271.123,
1952-02-01,160.821,,402.954,
1952-03-01,235.097,,629.683,
1952-04-01,154.933,,401.587,
1952-05-01,90.129,,241.402,
1952-06-01,52.733,,136.685,
1952-07-01,27.581,,73.872,
1952-08-01,23.806,,63.763,
1952-09-01,11.333,,29.376,
1952-10-01,18.452,,49.421,
1952-11-01,11.967,,31.018,
1952-12-01,17.774,,47.606,
1953-01-01,87.645,0.0,234.749,0.0
1953-02-01,378.714,88.121,916.186,213.183
1953-03-01,696.387,340.265,1865.203,911.364
1953-04-01,936.733,331.053,2428.013,858.09
1953-05-01,253.355,47.384,678.586,126.913
1953-06-01,220.567,19.683,571.709,51.019
1953-07-01,130.645,10.813,349.92,28.961
1953-08-01,41.677,5.571,111.629,14.921
1953-09-01,34.5,2.34,89.424,6.065
1953-10-01,33.065,0.768,88.56,2.056
1953-11-01,63.733,0.247,165.197,0.639
1953-12-01,68.839,3.815,184.378,10.217
1954-01-01,46.742,7.652,125.194,20.494
1954-02-01,105.786,21.789,255.917,52.713
1954-03-01,102.839,24.297,275.443,65.076
1954-04-01,78.9,19.347,204.509,50.147
1954-05-01,42.065,11.881,112.666,31.821
1954-06-01,26.2,8.478,67.91,21.974
1954-07-01,19.452,4.953,52.099,13.267
1954-08-01,14.806,5.084,39.658,13.617
1954-09-01,16.633,2.783,43.114,7.214
1954-10-01,43.0,2.871,115.171,7.69
1954-11-01,16.4,1.273,42.509,3.3
1954-12-01,41.71,0.058,111.715,0.155
1955-01-01,133.29,2.016,357.005,5.4
1955-02-01,89.214,14.939,215.827,36.141
1955-03-01,150.29,37.823,402.538,101.304
1955-04-01,193.133,57.417,500.602,148.824
1955-05-01,88.548,24.316,237.168,65.128
1955-06-01,49.567,11.613,128.477,30.102
1955-07-01,48.581,7.223,130.118,19.345
1955-08-01,24.645,3.958,66.01,10.601
1955-09-01,13.867,2.907,35.942,7.534
1955-10-01,14.839,1.297,39.744,3.473
1955-11-01,16.567,0.533,42.941,1.381
1955-12-01,29.258,0.0,78.365,0.0
1956-01-01,21.258,5.171,56.938,13.85
1956-02-01,88.536,27.686,221.835,69.369
1956-03-01,279.581,153.558,748.829,411.29
1956-04-01,125.4,44.29,325.037,114.8
1956-05-01,72.645,20.106,194.573,53.853
1956-06-01,62.7,9.827,162.518,25.471
1956-07-01,63.548,8.765,170.208,23.475
1956-08-01,42.903,5.077,114.912,13.599
1956-09-01,36.733,4.757,95.213,12.329
1956-10-01,40.774,4.177,109.21,11.189
1956-11-01,22.3,1.497,57.802,3.881
1956-12-01,12.581,0.0,33.696,0.0
1957-01-01,17.839,0.0,47.779,0.0
1957-02-01,80.786,27.921,195.437,67.548
1957-03-01,291.774,136.4,781.488,365.334
1957-04-01,433.3,351.467,1123.114,911.002
1957-05-01,202.355,64.639,541.987,173.128
1957-06-01,46.033,15.88,119.318,41.161
1957-07-01,26.71,8.645,71.539,23.155
1957-08-01,20.968,7.961,56.16,21.324
1957-09-01,15.867,4.617,41.126,11.966
1957-10-01,14.0,2.423,37.498,6.489
1957-11-01,36.267,0.85,94.003,2.203
1957-12-01,13.71,0.061,36.72,0.164
1958-01-01,60.258,8.535,161.395,22.861
1958-02-01,112.964,66.6,273.283,161.119
1958-03-01,295.613,108.097,791.77,289.526
1958-04-01,233.7,47.547,605.75,123.241
1958-05-01,162.355,29.329,434.851,78.555
1958-06-01,47.567,18.527,123.293,48.021
1958-07-01,33.419,9.377,89.51,25.116
1958-08-01,28.29,13.761,75.773,36.858
1958-09-01,25.267,7.43,65.491,19.259
1958-10-01,24.774,2.774,66.355,7.43
1958-11-01,18.067,1.593,46.829,4.13
1958-12-01,9.935,0.0,26.611,0.0
1959-01-01,13.871,0.0,37.152,0.0
1959-02-01,36.75,59.582,88.906,144.141
1959-03-01,197.226,93.606,528.25,250.716
1959-04-01,114.733,115.597,297.389,299.627
1959-05-01,62.806,18.768,168.221,50.268
1959-06-01,26.667,13.093,69.12,33.938
1959-07-01,45.903,6.89,122.947,18.455
1959-08-01,17.419,4.444,46.656,11.904
1959-09-01,15.367,4.505,39.83,11.678
1959-10-01,12.774,5.703,34.214,15.276
1959-11-01,19.867,5.346,51.494,13.856
1959-12-01,23.581,2.057,63.158,5.51
1960-01-01,32.484,1.926,87.005,5.158
1960-02-01,126.679,42.37,317.406,106.163
1960-03-01,160.613,24.806,430.186,66.442
1960-04-01,111.733,25.12,289.613,65.111
1960-05-01,47.935,21.384,128.39,57.275
1960-06-01,44.7,17.693,115.862,45.861
1960-07-01,16.742,8.716,44.842,23.345
1960-08-01,15.097,3.013,40.435,8.07
1960-09-01,14.667,1.09,38.016,2.825
1960-10-01,12.129,1.052,32.486,2.817
1960-11-01,9.0,2.9,23.328,7.517
1960-12-01,8.645,1.4,23.155,3.75
1961-01-01,21.742,0.19,58.234,0.51
1961-02-01,45.429,7.368,109.901,17.824
1961-03-01,90.742,21.687,243.043,58.087
1961-04-01,99.0,20.42,256.608,52.929
1961-05-01,87.0,16.748,233.021,44.859
1961-06-01,40.867,15.877,105.926,41.152
1961-07-01,23.226,8.103,62.208,21.704
1961-08-01,15.387,0.448,41.213,1.201
1961-09-01,9.267,0.0,24.019,0.0
1961-10-01,15.226,0.284,40.781,0.76
1961-11-01,8.033,0.137,20.822,0.354
1961-12-01,12.516,0.371,33.523,0.994
1962-01-01,63.935,0.116,171.245,0.311
1962-02-01,140.393,28.279,339.638,68.412
1962-03-01,218.355,50.303,584.842,134.732
1962-04-01,141.0,33.323,365.472,86.374
1962-05-01,97.742,20.345,261.792,54.492
1962-06-01,37.5,18.627,97.2,48.28
1962-07-01,23.548,11.374,63.072,30.465
1962-08-01,27.355,4.258,73.267,11.405
1962-09-01,21.467,1.127,55.642,2.92
1962-10-01,12.613,2.103,33.782,5.633
1962-11-01,12.7,0.453,32.918,1.175
1962-12-01,13.71,0.455,36.72,1.218
1963-01-01,29.0,0.439,77.674,1.175
1963-02-01,56.036,15.389,135.562,37.23
1963-03-01,96.258,20.813,257.818,55.745
1963-04-01,66.233,16.27,171.677,42.172
1963-05-01,38.613,13.455,103.421,36.038
1963-06-01,27.7,13.418,71.798,34.778
1963-07-01,14.516,5.431,38.88,14.546
1963-08-01,9.065,0.521,24.278,1.395
1963-09-01,5.6,0.0,14.515,0.0
1963-10-01,5.355,0.0,14.342,0.0
1963-11-01,11.367,0.0,29.462,0.0
1963-12-01,30.742,0.0,82.339,0.0
1964-01-01,25.774,0.0,69.034,0.0
1964-02-01,40.714,8.245,102.014,20.658
1964-03-01,34.903,13.803,93.485,36.969
1964-04-01,71.1,15.479,184.291,40.121
1964-05-01,51.258,11.558,137.29,30.957
1964-06-01,31.833,12.158,82.512,31.513
1964-07-01,14.161,10.051,37.93,26.922
1964-08-01,24.355,2.456,65.232,6.578
1964-09-01,35.8,0.0,92.794,0.0
1964-10-01,22.323,0.01,59.789,0.026
1964-11-01,14.367,0.21,37.238,0.544
1964-12-01,6.484,0.0,17.366,0.0
1965-01-01,10.774,0.0,28.858,0.0
1965-02-01,26.679,5.164,64.541,12.492
1965-03-01,562.0,228.432,1505.261,611.833
1965-04-01,643.367,293.547,1667.606,760.874
1965-05-01,283.613,51.686,759.629,138.436
1965-06-01,114.933,23.702,297.907,61.435
1965-07-01,56.645,12.506,151.718,33.497
1965-08-01,23.742,7.384,63.59,19.777
1965-09-01,22.333,1.957,57.888,5.072
1965-10-01,13.71,0.0,36.72,0.0
1965-11-01,23.9,0.0,61.949,0.0
1965-12-01,11.452,0.0,30.672,0.0
1966-01-01,48.258,0.0,129.254,0.0
1966-02-01,58.179,24.768,140.746,59.918
1966-03-01,104.968,21.755,281.146,58.268
1966-04-01,83.733,15.93,217.037,41.291
1966-05-01,48.194,16.661,129.082,44.626
1966-06-01,14.167,12.933,36.72,33.523
1966-07-01,18.258,5.484,48.902,14.688
1966-08-01,10.484,0.0,28.08,0.0
1966-09-01,6.6,0.0,17.107,0.0
1966-10-01,9.548,0.0,25.574,0.0
1966-11-01,4.367,0.0,11.318,0.0
1966-12-01,4.516,0.0,12.096,0.0
1967-01-01,23.161,0.0,62.035,0.0
1967-02-01,77.821,22.857,188.266,55.296
1967-03-01,87.29,23.839,233.798,63.85
1967-04-01,52.433,17.893,135.907,46.38
1967-05-01,21.226,10.748,56.851,28.788
1967-06-01,18.9,0.787,48.989,2.039
1967-07-01,31.194,0.0,83.549,0.0
1967-08-01,24.645,0.0,66.01,0.0
1967-09-01,12.533,0.0,32.486,0.0
1967-10-01,9.871,0.0,26.438,0.0
1967-11-01,8.0,0.0,20.736,0.0
1967-12-01,11.194,0.0,29.981,0.0
1968-01-01,28.903,0.0,77.414,0.0
1968-02-01,11.571,15.221,28.993,38.139
1968-03-01,53.097,10.955,142.214,29.341
1968-04-01,37.567,12.873,97.373,33.368
1968-05-01,11.548,2.274,30.931,6.091
1968-06-01,9.567,0.0,24.797,0.0
1968-07-01,35.871,3.561,96.077,9.539
1968-08-01,14.71,4.835,39.398,12.951
1968-09-01,11.467,0.0,29.722,0.0
1968-10-01,15.258,0.0,40.867,0.0
1968-11-01,8.067,0.0,20.909,0.0
1968-12-01,4.129,0.0,11.059,0.0
1969-01-01,20.548,0.0,55.037,0.0
1969-02-01,42.536,0.0,102.902,0.0
1969-03-01,89.484,24.719,239.674,66.208
1969-04-01,161.2,24.993,417.83,64.783
1969-05-01,42.065,11.158,112.666,29.886
1969-06-01,22.933,10.023,59.443,25.98
1969-07-01,15.387,3.748,41.213,10.04
1969-08-01,23.032,0.0,61.69,0.0
1969-09-01,15.6,0.0,40.435,0.0
1969-10-01,9.871,0.0,26.438,0.0
1969-11-01,21.733,0.0,56.333,0.0
1969-12-01,41.194,0.0,110.333,0.0
1970-01-01,90.548,0.0,242.525,0.0
1970-02-01,159.893,9.271,386.813,22.429
1970-03-01,169.839,16.865,454.896,45.17
1970-04-01,74.1,10.323,192.067,26.758
1970-05-01,80.484,13.887,215.568,37.195
1970-06-01,95.667,13.26,247.968,34.37
1970-07-01,25.613,11.206,68.602,30.015
1970-08-01,24.677,3.171,66.096,8.493
1970-09-01,13.6,0.0,35.251,0.0
1970-10-01,19.355,0.0,51.84,0.0
1970-11-01,20.4,0.0,52.877,0.0
1970-12-01,41.71,0.0,111.715,0.0
1971-01-01,49.355,0.0,132.192,0.0
1971-02-01,109.357,14.539,264.557,35.173
1971-03-01,476.935,73.194,1277.424,196.042
1971-04-01,279.467,95.993,724.378,248.815
1971-05-01,72.323,21.387,193.709,57.283
1971-06-01,81.8,12.053,212.026,31.242
1971-07-01,59.484,13.519,159.322,36.21
1971-08-01,40.419,7.126,108.259,19.086
1971-09-01,27.7,0.277,71.798,0.717
1971-10-01,24.258,0.0,64.973,0.0
1971-11-01,19.033,0.0,49.334,0.0
1971-12-01,26.129,0.0,69.984,0.0
1972-01-01,65.355,6.603,175.046,17.686
1972-02-01,85.071,31.975,213.155,80.117
1972-03-01,925.645,437.984,2479.248,1173.096
1972-04-01,329.667,107.257,854.496,278.009
1972-05-01,150.806,22.642,403.92,60.644
1972-06-01,94.0,16.563,243.648,42.932
1972-07-01,84.935,8.023,227.491,21.488
1972-08-01,31.935,4.184,85.536,11.206
1972-09-01,38.633,2.22,100.138,5.754
1972-10-01,22.161,2.519,59.357,6.748
1972-11-01,30.5,2.02,79.056,5.236
1972-12-01,67.097,1.129,179.712,3.024
1973-01-01,130.613,20.813,349.834,55.745
1973-02-01,336.929,230.821,815.098,558.403
1973-03-01,363.742,177.813,974.246,476.254
1973-04-01,411.133,149.447,1065.658,387.366
1973-05-01,168.935,33.584,452.477,89.951
1973-06-01,78.4,15.88,203.213,41.161
1973-07-01,55.742,11.574,149.299,31.0
1973-08-01,43.935,1.745,117.677,4.674
1973-09-01,29.267,1.313,75.859,3.404
1973-10-01,15.323,0.919,41.04,2.462
1973-11-01,17.9,0.793,46.397,2.056
1973-12-01,32.387,0.894,86.746,2.393
1974-01-01,41.806,1.335,111.974,3.577
1974-02-01,138.0,13.35,333.85,32.296
1974-03-01,149.129,26.01,399.427,69.664
1974-04-01,67.633,19.92,175.306,51.633
1974-05-01,46.452,15.2,124.416,40.712
1974-06-01,30.567,6.5,79.229,16.848
1974-07-01,64.065,1.3,171.59,3.482
1974-08-01,22.194,2.5,59.443,6.696
1974-09-01,13.333,0.0,34.56,0.0
1974-10-01,26.065,0.2,69.811,0.536
1974-11-01,23.667,0.0,61.344,0.0
1974-12-01,62.581,0.2,167.616,0.536
1975-01-01,61.839,4.2,165.629,11.249
1975-02-01,128.214,15.9,310.176,38.465
1975-03-01,379.871,85.7,1017.446,229.539
1975-04-01,283.333,61.6,734.4,159.667
1975-05-01,98.774,16.0,264.557,42.854
1975-06-01,152.7,4.5,395.798,11.664
1975-07-01,65.935,3.9,176.602,10.446
1975-08-01,54.581,1.5,146.189,4.018
1975-09-01,35.5,1.5,92.016,3.888
1975-10-01,28.774,0.9,77.069,2.411
1975-11-01,28.1,0.6,72.835,1.555
1975-12-01,14.742,0.4,39.485,1.071
1976-01-01,83.484,16.2,223.603,43.39
1976-02-01,273.286,72.8,684.745,182.408
1976-03-01,494.516,115.2,1324.512,308.552
1976-04-01,384.3,82.5,996.106,213.84
1976-05-01,187.742,32.0,502.848,85.709
1976-06-01,167.1,14.8,433.123,38.362
1976-07-01,124.258,5.1,332.813,13.66
1976-08-01,104.581,3.1,280.109,8.303
1976-09-01,59.133,4.7,153.274,12.182
1976-10-01,36.097,2.3,96.682,6.16
1976-11-01,49.8,1.8,129.082,4.666
1976-12-01,67.742,5.9,181.44,15.803
1977-01-01,66.839,3.7,179.021,9.91
1977-02-01,193.571,59.4,468.288,143.7
1977-03-01,290.129,109.3,777.082,292.749
1977-04-01,279.4,73.8,724.205,191.29
1977-05-01,131.129,29.6,351.216,79.281
1977-06-01,99.767,9.9,258.595,25.661
1977-07-01,77.968,1.7,208.829,4.553
1977-08-01,49.516,4.4,132.624,11.785
1977-09-01,38.833,5.8,100.656,15.034
1977-10-01,42.484,2.1,113.789,5.625
1977-11-01,27.467,4.5,71.194,11.664
1977-12-01,39.032,1.1,104.544,2.946
1978-01-01,39.032,1.3,104.544,3.482
1978-02-01,49.143,2.2,118.886,5.322
1978-03-01,84.226,0.0,225.59,0.0
1978-04-01,87.033,16.5,225.59,42.768
1978-05-01,55.516,0.9,148.694,2.411
1978-06-01,56.067,0.2,145.325,0.518
1978-07-01,36.355,0.3,97.373,0.804
1978-08-01,43.355,1.5,116.122,4.018
1978-09-01,26.433,0.4,68.515,1.037
1978-10-01,40.452,0.0,108.346,0.0
1978-11-01,18.433,0.0,47.779,0.0
1978-12-01,31.29,1.5,83.808,4.018
1979-01-01,39.226,0.0,105.062,0.0
1979-02-01,39.607,0.0,95.818,0.0
1979-03-01,167.871,3.5,449.626,9.374
1979-04-01,103.067,0.0,267.149,0.0
1979-05-01,59.161,0.0,158.458,0.0
1979-06-01,42.133,0.0,109.21,0.0
1979-07-01,38.097,0.0,102.038,0.0
1979-08-01,29.484,0.0,78.97,0.0
1979-09-01,30.267,0.0,78.451,0.0
1979-10-01,27.419,0.0,73.44,0.0
1979-11-01,16.233,1.8,42.077,4.666
1979-12-01,29.032,0.0,77.76,0.0
1980-01-01,36.097,0.0,96.682,0.0
1980-02-01,93.786,0.0,234.989,0.0
1980-03-01,93.903,0.0,251.51,0.0
1980-04-01,148.267,0.7,384.307,1.814
1980-05-01,60.29,0.0,161.482,0.0
1980-06-01,52.667,0.0,136.512,0.0
1980-07-01,47.452,0.0,127.094,0.0
1980-08-01,25.71,0.2,68.861,0.536
1980-09-01,23.233,0.4,60.221,1.037
1980-10-01,33.419,0.0,89.51,0.0
1980-11-01,28.2,0.7,73.094,1.814
1980-12-01,46.516,0.0,124.589,0.0
1981-01-01,42.065,6.4,112.666,17.142
1981-02-01,59.679,4.2,144.374,10.161
1981-03-01,277.129,103.2,742.262,276.411
1981-04-01,105.567,9.0,273.629,23.328
1981-05-01,61.129,0.0,163.728,0.0
1981-06-01,45.3,0.0,117.418,0.0
1981-07-01,34.452,1.1,92.275,2.946
1981-08-01,18.71,1.4,50.112,3.75
1981-09-01,17.667,0.8,45.792,2.074
1981-10-01,19.065,0.5,51.062,1.339
1981-11-01,11.5,0.0,29.808,0.0
1981-12-01,29.097,2.1,77.933,5.625
1982-01-01,39.032,0.0,104.544,0.0
1982-02-01,54.179,0.0,131.069,0.0
1982-03-01,58.452,0.0,156.557,0.0
1982-04-01,76.067,0.0,197.165,0.0
1982-05-01,41.774,0.0,111.888,0.0
1982-06-01,33.133,0.0,85.882,0.0
1982-07-01,32.968,0.0,88.301,0.0
1982-08-01,23.323,0.0,62.467,0.0
1982-09-01,16.0,0.0,41.472,0.0
1982-10-01,27.774,0.0,74.39,0.0
1982-11-01,41.7,0.0,108.086,0.0
1982-12-01,179.323,23.2,480.298,62.139
1983-01-01,750.258,288.3,2009.491,772.183
1983-02-01,753.571,474.8,1823.04,1148.636
1983-03-01,1064.742,817.4,2851.805,2189.324
1983-04-01,1417.267,1208.4,3673.555,3132.173
1983-05-01,928.161,854.1,2485.987,2287.621
1983-06-01,602.8,521.693,1562.458,1352.229
1983-07-01,168.194,118.8,450.49,318.194
1983-08-01,86.903,24.0,232.762,64.282
1983-09-01,74.833,10.2,193.968,26.438
1983-10-01,109.161,7.742,292.378,20.736
1983-11-01,60.867,7.167,157.766,18.576
1983-12-01,74.194,5.1,198.72,13.66
1984-01-01,91.032,8.829,243.821,23.648
1984-02-01,450.393,143.1,1128.504,358.551
1984-03-01,716.742,210.6,1919.722,564.071
1984-04-01,462.333,112.6,1198.368,291.859
1984-05-01,180.71,55.8,484.013,149.455
1984-06-01,164.4,21.4,426.125,55.469
1984-07-01,128.065,12.9,343.008,34.551
1984-08-01,81.194,6.9,217.469,18.481
1984-09-01,49.9,5.2,129.341,13.478
1984-10-01,68.548,3.8,183.6,10.178
1984-11-01,52.0,1.7,134.784,4.406
1984-12-01,86.839,1.9,232.589,5.089
1985-01-01,99.452,7.265,266.371,19.457
1985-02-01,82.714,10.174,200.102,24.614
1985-03-01,101.129,34.513,270.864,92.44
1985-04-01,69.567,9.527,180.317,24.693
1985-05-01,61.452,3.594,164.592,9.625
1985-06-01,64.933,2.27,168.307,5.884
1985-07-01,39.774,3.787,106.531,10.144
1985-08-01,41.452,0.0,111.024,0.0
1985-09-01,25.033,0.0,64.886,0.0
1985-10-01,29.065,0.0,77.846,0.0
1985-11-01,18.267,0.0,47.347,0.0
1985-12-01,35.548,0.0,95.213,0.0
1986-01-01,65.806,0.0,176.256,0.0
1986-02-01,135.75,0.0,328.406,0.0
1986-03-01,107.258,0.0,287.28,0.0
1986-04-01,137.867,0.0,357.35,0.0
1986-05-01,83.581,0.0,223.862,0.0
1986-06-01,41.267,0.0,106.963,0.0
1986-07-01,45.355,0.0,121.478,0.0
1986-08-01,26.484,0.0,70.934,0.0
1986-09-01,27.867,0.0,72.23,0.0
1986-10-01,22.032,0.0,59.011,0.0
1986-11-01,28.233,0.0,73.181,0.0
1986-12-01,42.968,0.0,115.085,0.0
1987-01-01,83.419,0.0,223.43,0.0
1987-02-01,213.643,28.024,516.845,67.796
1987-03-01,374.0,190.716,1001.722,510.815
1987-04-01,259.0,73.527,671.328,190.581
1987-05-01,184.0,70.568,492.826,189.009
1987-06-01,74.5,19.273,193.104,49.956
1987-07-01,69.258,0.0,185.501,0.0
1987-08-01,39.258,0.0,105.149,0.0
1987-09-01,32.4,0.0,83.981,0.0
1987-10-01,28.548,0.0,76.464,0.0
1987-11-01,17.8,0.0,46.138,0.0
1987-12-01,30.032,0.0,80.438,0.0
1988-01-01,52.452,0.0,140.486,0.0
1988-02-01,127.414,0.0,319.249,0.0
1988-03-01,79.742,0.0,213.581,0.0
1988-04-01,102.783,0.0,266.414,0.0
1988-05-01,51.029,0.0,136.676,0.0
1988-06-01,23.633,0.0,61.258,0.0
1988-07-01,29.41,0.0,78.771,0.0
1988-08-01,10.806,0.0,28.944,0.0
1988-09-01,8.44,0.0,21.876,0.0
1988-10-01,17.542,0.0,46.984,0.0
1988-11-01,18.813,0.0,48.764,0.0
1988-12-01,18.371,0.0,49.205,0.0
1989-01-01,108.087,0.0,289.5,0.0
1989-02-01,305.184,89.974,738.3,217.666
1989-03-01,422.454,210.039,1131.5,562.569
1989-04-01,307.33,96.253,796.6,249.489
1989-05-01,133.699,1.816,358.1,4.864
1989-06-01,92.785,0.0,240.5,0.0
1989-07-01,58.766,0.0,157.4,0.0
1989-08-01,33.303,0.0,89.2,0.0
1989-09-01,25.386,0.0,65.8,0.0
1989-10-01,47.79,1.107,128.0,2.965
1989-11-01,20.216,2.243,52.4,5.815
1989-12-01,8.513,0.0,22.8,0.0
1990-01-01,39.539,0.0,105.9,0.0
1990-02-01,86.682,0.0,209.7,0.0
1990-03-01,95.803,0.0,256.6,0.0
1990-04-01,140.972,0.0,365.4,0.0
1990-05-01,86.47,0.0,231.6,0.0
1990-06-01,83.873,0.0,217.4,0.0
1990-07-01,41.928,0.0,112.3,0.0
1990-08-01,25.724,0.0,68.9,0.0
1990-09-01,15.162,0.0,39.3,0.0
1990-10-01,11.201,0.0,30.0,0.0
1990-11-01,20.139,0.0,52.2,0.0
1990-12-01,33.864,0.0,90.7,0.0
1991-01-01,33.378,0.0,89.4,0.0
1991-02-01,91.27,0.0,220.8,0.0
1991-03-01,227.636,0.0,609.7,0.0
1991-04-01,123.765,0.0,320.8,0.0
1991-05-01,78.181,0.0,209.4,0.0
1991-06-01,48.032,0.0,124.5,0.0
1991-07-01,44.579,0.0,119.4,0.0
1991-08-01,30.242,0.0,81.0,0.0
1991-09-01,19.213,0.0,49.8,0.0
1991-10-01,16.502,0.0,44.2,0.0
1991-11-01,25.154,0.0,65.2,0.0
1991-12-01,16.801,0.0,45.0,0.0
1992-01-01,25.762,0.0,69.0,0.0
1992-02-01,83.788,0.0,209.939,0.0
1992-03-01,471.476,169.22,1262.8,453.238
1992-04-01,869.252,449.633,2253.1,1165.45
1992-05-01,212.328,70.661,568.7,189.259
1992-06-01,98.457,5.303,255.2,13.746
1992-07-01,45.96,0.0,123.1,0.0
1992-08-01,24.492,0.0,65.6,0.0
1992-09-01,20.062,0.0,52.0,0.0
1992-10-01,9.894,0.0,26.5,0.0
1992-11-01,15.741,0.0,40.8,0.0
1992-12-01,27.591,0.0,73.9,0.0
1993-01-01,36.44,0.0,97.6,0.0
1993-02-01,150.918,0.78,365.1,1.886
1993-03-01,685.372,226.488,1835.7,606.626
1993-04-01,561.034,145.631,1454.2,377.474
1993-05-01,168.683,14.307,451.8,38.32
1993-06-01,98.495,18.672,255.3,48.398
1993-07-01,74.298,1.431,199.0,3.832
1993-08-01,40.957,0.0,109.7,0.0
1993-09-01,28.356,0.0,73.5,0.0
1993-10-01,35.469,0.0,95.0,0.0
1993-11-01,36.535,0.0,94.7,0.0
1993-12-01,81.765,0.0,219.0,0.0
1994-01-01,151.546,0.0,405.9,0.0
1994-02-01,384.755,62.246,930.8,150.586
1994-03-01,329.637,93.2,882.9,249.626
1994-04-01,372.377,141.387,965.2,366.474
1994-05-01,139.486,22.446,373.6,60.12
1994-06-01,110.147,40.663,285.5,105.398
1994-07-01,76.426,0.0,204.7,0.0
1994-08-01,61.604,0.0,165.0,0.0
1994-09-01,57.06,0.0,147.9,0.0
1994-10-01,47.23,0.0,126.5,0.0
1994-11-01,40.394,0.0,104.7,0.0
1994-12-01,59.102,0.0,158.3,0.0
1995-01-01,59.7,0.0,159.9,0.0
1995-02-01,84.78,0.0,205.1,0.0
1995-03-01,98.79,0.0,264.6,0.0
1995-04-01,107.292,0.0,278.1,0.0
1995-05-01,71.834,0.0,192.4,0.0
1995-06-01,43.248,0.0,112.1,0.0
1995-07-01,27.068,0.0,72.5,0.0
1995-08-01,6.384,0.0,17.1,0.0
1995-09-01,8.873,0.0,23.0,0.0
1995-10-01,9.371,0.0,25.1,0.0
1995-11-01,28.549,0.0,74.0,0.0
1995-12-01,26.21,0.0,70.2,0.0
1996-01-01,43.048,0.0,115.3,0.0
1996-02-01,84.449,0.0,211.596,0.0
1996-03-01,222.036,1.167,594.7,3.126
1996-04-01,82.022,0.0,212.6,0.0
1996-05-01,54.996,0.0,147.3,0.0
1996-06-01,35.802,0.0,92.8,0.0
1996-07-01,32.557,0.0,87.2,0.0
1996-08-01,22.215,0.0,59.5,0.0
1996-09-01,12.307,0.0,31.9,0.0
1996-10-01,14.038,0.0,37.6,0.0
1996-11-01,6.25,0.0,16.2,0.0
1996-12-01,11.835,0.0,31.7,0.0
1997-01-01,19.527,0.0,52.3,0.0
1997-02-01,61.012,0.0,147.6,0.0
1997-03-01,119.661,0.0,320.5,0.0
1997-04-01,99.46,0.0,257.8,0.0
1997-05-01,77.472,0.0,207.5,0.0
1997-06-01,31.211,0.0,80.9,0.0
1997-07-01,35.805,0.0,95.9,0.0
1997-08-01,24.679,0.0,66.1,0.0
1997-09-01,13.927,0.0,36.1,0.0
1997-10-01,7.99,0.0,21.4,0.0
1997-11-01,34.684,0.0,89.9,0.0
1997-12-01,322.543,101.809,863.9,272.685
1998-01-01,839.792,687.465,2249.3,1841.307
1998-02-01,1271.66,1209.32,3076.4,2925.586
1998-03-01,1679.361,1641.998,4498.0,4397.926
1998-04-01,1861.96,1207.21,4826.2,3129.088
1998-05-01,584.752,322.32,1566.2,863.302
1998-06-01,195.64,106.56,507.1,276.204
1998-07-01,93.19,38.01,249.6,101.806
1998-08-01,66.98,22.71,179.4,60.826
1998-09-01,48.418,3.09,125.5,8.009
1998-10-01,38.418,1.42,102.9,3.803
1998-11-01,46.412,2.08,120.3,5.391
1998-12-01,20.572,0.11,55.1,0.295
1999-01-01,75.68,1.75,202.7,4.687
1999-02-01,509.631,331.84,1232.9,802.786
1999-03-01,971.924,297.314,2603.2,796.326
1999-04-01,322.917,117.66,837.0,304.974
1999-05-01,295.512,84.424,791.5,226.12
1999-06-01,175.154,41.743,454.0,108.198
1999-07-01,102.076,21.891,273.4,58.632
1999-08-01,57.833,6.854,154.9,18.356
1999-09-01,41.975,4.752,108.8,12.318
1999-10-01,28.039,0.0,75.1,0.0
1999-11-01,25.424,0.0,65.9,0.0
1999-12-01,81.392,0.0,218.0,0.0
2000-01-01,71.087,0.0,190.4,0.0
2000-02-01,252.356,31.658,632.304,79.322
2000-03-01,701.949,328.265,1880.1,879.226
2000-04-01,602.392,167.583,1561.4,434.374
2000-05-01,288.941,73.297,773.9,196.32
2000-06-01,159.452,43.363,413.3,112.398
2000-07-01,90.091,28.088,241.3,75.232
2000-08-01,56.788,11.745,152.1,31.456
2000-09-01,39.198,0.0,101.6,0.0
2000-10-01,21.841,0.0,58.5,0.0
2000-11-01,9.606,0.0,24.9,0.0
2000-12-01,39.427,1.189,105.6,3.185
