date,caudal_rio_huaura_alco_sayan_m3s,volumen_rio_huaura_alco_sayan_mmc,caudal_natural_rio_huaura_alco_sayan_m3s,volumen_natural_rio_huaura_alco_sayan_mmc,caudal_rio_chico_m3s,volumen_rio_chico_mmc,caudal_rio_pativilca_yanapampa_m3s,volumen_rio_pativilca_yanapampa_mmc,caudal_rio_chancay_huaral_santo_domingo_m3s,volumen_rio_chancay_huaral_santo_domingo_mmc,caudal_laguna_surasaca_m3s,volumen_laguna_surasaca_mmc
1911-01-01,,,,,,,,,,,,
1911-02-01,,,,,,,,,,,,
1911-03-01,,,,,,,,,,,,
1911-04-01,,,,,,,,,,,,
1911-05-01,,,,,,,,,,,,
1911-06-01,,,,,,,,,,,,
1911-07-01,,,,,,,,,,,,
1911-08-01,,,,,,,,,,,,
1911-09-01,12.8,33.1776,12.8,33.1776,,,,,,,,
1911-10-01,17.9,47.9434,17.9,47.9434,,,,,,,,
1911-11-01,23.0,59.616,23.0,59.616,,,,,,,,
1911-12-01,24.1,64.5494,24.1,64.5494,,,,,,,,
1912-01-01,27.1,72.5846,27.1,72.5846,,,,,,,,
1912-02-01,33.0,82.6848,33.0,82.6848,,,,,,,,
1912-03-01,39.4,105.529,39.4,105.529,,,,,,,,
1912-04-01,29.5,76.464,29.5,76.464,,,,,,,,
1912-05-01,18.6,49.8182,18.6,49.8182,,,,,,,,
1912-06-01,14.0,36.288,14.0,36.288,,,,,,,,
1912-07-01,13.7,36.6941,13.7,36.6941,,,,,,,,
1912-08-01,13.3,35.6227,13.3,35.6227,,,,,,,,
1912-09-01,12.7,32.9184,12.7,32.9184,,,,,,,,
1912-10-01,15.3,40.9795,15.3,40.9795,,,,,,,,
1912-11-01,18.1,46.9152,18.1,46.9152,,,,,,,,
1912-12-01,24.3,65.0851,24.3,65.0851,,,,,,,,
1913-01-01,46.4,124.2778,46.4,124.2778,,,,,,,,
1913-02-01,60.2,145.6358,60.2,145.6358,,,,,,,,
1913-03-01,87.2,233.5565,87.2,233.5565,,,,,,,,
1913-04-01,22.7,58.8384,22.7,58.8384,,,,,,,,
1913-05-01,18.5,49.5504,18.5,49.5504,,,,,,,,
1913-06-01,14.5,37.584,14.5,37.584,,,,,,,,
1913-07-01,14.1,37.7654,14.1,37.7654,,,,,,,,
1913-08-01,12.3,32.9443,12.3,32.9443,,,,,,,,
1913-09-01,9.0,23.328,9.0,23.328,,,,,,,,
1913-10-01,14.5,38.8368,14.5,38.8368,,,,,,,,
1913-11-01,22.2,57.5424,22.2,57.5424,,,,,,,,
1913-12-01,19.5,52.2288,19.5,52.2288,,,,,,,,
1914-01-01,32.2,86.2445,32.2,86.2445,,,,,,,,
1914-02-01,27.2,65.8022,27.2,65.8022,,,,,,,,
1914-03-01,62.3,166.8643,62.3,166.8643,,,,,,,,
1914-04-01,121.4,314.6688,121.4,314.6688,,,,,,,,
1914-05-01,24.3,65.0851,24.3,65.0851,,,,,,,,
1914-06-01,18.1,46.9152,18.1,46.9152,,,,,,,,
1914-07-01,11.8,31.6051,11.8,31.6051,,,,,,,,
1914-08-01,10.0,26.784,10.0,26.784,,,,,,,,
1914-09-01,10.0,25.92,10.0,25.92,,,,,,,,
1914-10-01,14.8,39.6403,14.8,39.6403,,,,,,,,
1914-11-01,20.8,53.9136,20.8,53.9136,,,,,,,,
1914-12-01,55.3,148.1155,55.3,148.1155,,,,,,,,
1915-01-01,71.6,191.7734,71.6,191.7734,,,,,,,,
1915-02-01,50.7,122.6534,50.7,122.6534,,,,,,,,
1915-03-01,46.8,125.3491,46.8,125.3491,,,,,,,,
1915-04-01,40.3,104.4576,40.3,104.4576,,,,,,,,
1915-05-01,18.0,48.2112,18.0,48.2112,,,,,,,,
1915-06-01,15.0,38.88,15.0,38.88,,,,,,,,
1915-07-01,13.6,36.4262,13.6,36.4262,,,,,,,,
1915-08-01,13.2,35.3549,13.2,35.3549,,,,,,,,
1915-09-01,17.3,44.8416,17.3,44.8416,,,,,,,,
1915-10-01,16.4,43.9258,16.4,43.9258,,,,,,,,
1915-11-01,26.2,67.9104,26.2,67.9104,,,,,,,,
1915-12-01,29.4,78.745,29.4,78.745,,,,,,,,
1916-01-01,64.6,173.0246,64.6,173.0246,,,,,,,,
1916-02-01,72.9,182.6582,72.9,182.6582,,,,,,,,
1916-03-01,51.2,137.1341,51.2,137.1341,,,,,,,,
1916-04-01,42.0,108.864,42.0,108.864,,,,,,,,
1916-05-01,28.7,76.8701,28.7,76.8701,,,,,,,,
1916-06-01,16.7,43.2864,16.7,43.2864,,,,,,,,
1916-07-01,13.8,36.9619,13.8,36.9619,,,,,,,,
1916-08-01,10.1,27.0518,10.1,27.0518,,,,,,,,
1916-09-01,10.5,27.216,10.5,27.216,,,,,,,,
1916-10-01,12.6,33.7478,12.6,33.7478,,,,,,,,
1916-11-01,14.5,37.584,14.5,37.584,,,,,,,,
1916-12-01,18.7,50.0861,18.7,50.0861,,,,,,,,
1917-01-01,44.3,118.6531,44.3,118.6531,,,,,,,,
1917-02-01,29.7,71.8502,29.7,71.8502,,,,,,,,
1917-03-01,39.3,105.2611,39.3,105.2611,,,,,,,,
1917-04-01,42.4,109.9008,42.4,109.9008,,,,,,,,
1917-05-01,15.1,40.4438,15.1,40.4438,,,,,,,,
1917-06-01,9.6,24.8832,9.6,24.8832,,,,,,,,
1917-07-01,8.8,23.5699,8.8,23.5699,,,,,,,,
1917-08-01,8.7,23.3021,8.7,23.3021,,,,,,,,
1917-09-01,11.5,29.808,11.5,29.808,,,,,,,,
1917-10-01,14.4,38.569,14.4,38.569,,,,,,,,
1917-11-01,29.8,77.2416,29.8,77.2416,,,,,,,,
1917-12-01,39.3,105.2611,39.3,105.2611,,,,,,,,
1918-01-01,58.4,156.4186,58.4,156.4186,,,,,,,,
1918-02-01,86.8,209.9866,86.8,209.9866,,,,,,,,
1918-03-01,78.7,210.7901,78.7,210.7901,,,,,,,,
1918-04-01,45.3,117.4176,45.3,117.4176,,,,,,,,
1918-05-01,27.2,72.8525,27.2,72.8525,,,,,,,,
1918-06-01,22.2,57.5424,22.2,57.5424,,,,,,,,
1918-07-01,16.9,45.265,16.9,45.265,,,,,,,,
1918-08-01,14.9,39.9082,14.9,39.9082,,,,,,,,
1918-09-01,15.2,39.3984,15.2,39.3984,,,,,,,,
1918-10-01,19.2,51.4253,19.2,51.4253,,,,,,,,
1918-11-01,28.0,72.576,28.0,72.576,,,,,,,,
1918-12-01,36.9,98.833,36.9,98.833,,,,,,,,
1919-01-01,28.7,76.8701,28.7,76.8701,,,,,,,,
1919-02-01,52.3,126.5242,52.3,126.5242,,,,,,,,
1919-03-01,59.1,158.2934,59.1,158.2934,,,,,,,,
1919-04-01,43.0,111.456,43.0,111.456,,,,,,,,
1919-05-01,20.7,55.4429,20.7,55.4429,,,,,,,,
1919-06-01,15.7,40.6944,15.7,40.6944,,,,,,,,
1919-07-01,12.8,34.2835,12.8,34.2835,,,,,,,,
1919-08-01,10.8,28.9267,10.8,28.9267,,,,,,,,
1919-09-01,10.2,26.4384,10.2,26.4384,,,,,,,,
1919-10-01,13.9,37.2298,13.9,37.2298,,,,,,,,
1919-11-01,22.7,58.8384,22.7,58.8384,,,,,,,,
1919-12-01,49.7,133.1165,49.7,133.1165,,,,,,,,
1920-01-01,52.2,139.8125,52.2,139.8125,,,,,,,,
1920-02-01,47.6,119.2666,47.6,119.2666,,,,,,,,
1920-03-01,70.7,189.3629,70.7,189.3629,,,,,,,,
1920-04-01,56.0,145.152,56.0,145.152,,,,,,,,
1920-05-01,26.7,71.5133,26.7,71.5133,,,,,,,,
1920-06-01,16.7,43.2864,16.7,43.2864,,,,,,,,
1920-07-01,11.3,30.2659,11.3,30.2659,,,,,,,,
1920-08-01,9.2,24.6413,9.2,24.6413,,,,,,,,
1920-09-01,9.7,25.1424,9.7,25.1424,,,,,,,,
1920-10-01,14.7,39.3725,14.7,39.3725,,,,,,,,
1920-11-01,16.3,42.2496,16.3,42.2496,,,,,,,,
1920-12-01,22.9,61.3354,22.9,61.3354,,,,,,,,
1921-01-01,47.5,127.224,47.5,127.224,,,,,,,,
1921-02-01,56.0,135.4752,56.0,135.4752,,,,,,,,
1921-03-01,61.0,163.3824,61.0,163.3824,,,,,,,,
1921-04-01,46.0,119.232,46.0,119.232,,,,,,,,
1921-05-01,26.0,69.6384,26.0,69.6384,,,,,,,,
1921-06-01,16.5,42.768,16.5,42.768,,,,,,,,
1921-07-01,12.5,33.48,12.5,33.48,,,,,,,,
1921-08-01,10.0,26.784,10.0,26.784,,,,,,,,
1921-09-01,14.0,36.288,14.0,36.288,,,,,,,,
1921-10-01,12.0,32.1408,12.0,32.1408,,,,,,,,
1921-11-01,14.5,37.584,14.5,37.584,,,,,,,,
1921-12-01,28.0,74.9952,28.0,74.9952,,,,,,,,
1922-01-01,29.5,79.0128,29.5,79.0128,,,,,,,,
1922-02-01,47.5,114.912,47.5,114.912,,,,,,,,
1922-03-01,58.5,156.6864,58.5,156.6864,,,,,,,,
1922-04-01,44.0,114.048,44.0,114.048,,,,,,,,
1922-05-01,30.0,80.352,30.0,80.352,,,,,,,,
1922-06-01,12.0,31.104,12.0,31.104,,,,,,,,
1922-07-01,11.8,31.6051,11.8,31.6051,,,,,,,,
1922-08-01,9.6,25.7126,9.6,25.7126,,,,,,,,
1922-09-01,13.0,33.696,13.0,33.696,,,,,,,,
1922-10-01,16.0,42.8544,16.0,42.8544,,,,,,,,
1922-11-01,17.5,45.36,17.5,45.36,,,,,,,,
1922-12-01,34.5,92.4048,34.5,92.4048,,,,,,,,
1923-01-01,50.0,133.92,50.0,133.92,,,,,,,,
1923-02-01,44.0,106.4448,44.0,106.4448,,,,,,,,
1923-03-01,58.0,155.3472,58.0,155.3472,,,,,,,,
1923-04-01,52.5,136.08,52.5,136.08,,,,,,,,
1923-05-01,25.5,68.2992,25.5,68.2992,,,,,,,,
1923-06-01,15.0,38.88,15.0,38.88,,,,,,,,
1923-07-01,11.7,31.3373,11.7,31.3373,,,,,,,,
1923-08-01,8.5,22.7664,8.5,22.7664,,,,,,,,
1923-09-01,14.5,37.584,14.5,37.584,,,,,,,,
1923-10-01,17.5,46.872,17.5,46.872,,,,,,,,
1923-11-01,19.5,50.544,19.5,50.544,,,,,,,,
1923-12-01,38.5,103.1184,38.5,103.1184,,,,,,,,
1924-01-01,38.0,101.7792,38.0,101.7792,,,,,,,,
1924-02-01,45.0,112.752,45.0,112.752,,,,,,,,
1924-03-01,57.5,154.008,57.5,154.008,,,,,,,,
1924-04-01,46.5,120.528,46.5,120.528,,,,,,,,
1924-05-01,22.0,58.9248,22.0,58.9248,,,,,,,,
1924-06-01,14.0,36.288,14.0,36.288,,,,,,,,
1924-07-01,12.0,32.1408,12.0,32.1408,,,,,,,,
1924-08-01,13.0,34.8192,13.0,34.8192,,,,,,,,
1924-09-01,15.5,40.176,15.5,40.176,,,,,,,,
1924-10-01,17.0,45.5328,17.0,45.5328,,,,,,,,
1924-11-01,17.5,45.36,17.5,45.36,,,,,,,,
1924-12-01,20.0,53.568,20.0,53.568,,,,,,,,
1925-01-01,32.0,85.7088,32.0,85.7088,,,,,,,,
1925-02-01,40.0,96.768,40.0,96.768,,,,,,,,
1925-03-01,,,,,,,,,,,,
1925-04-01,,,,,,,,,,,,
1925-05-01,,,,,,,,,,,,
1925-06-01,,,,,,,,,,,,
1925-07-01,21.4,57.3178,21.4,57.3178,,,,,,,,
1925-08-01,13.1,35.087,13.1,35.087,,,,,,,,
1925-09-01,12.9,33.4368,12.9,33.4368,,,,,,,,
1925-10-01,12.5,33.48,12.5,33.48,,,,,,,,
1925-11-01,14.0,36.288,14.0,36.288,,,,,,,,
1925-12-01,23.7,63.4781,23.7,63.4781,,,,,,,,
1926-01-01,16.0,42.8544,16.0,42.8544,,,,,,,,
1926-02-01,32.6,78.8659,32.6,78.8659,,,,,,,,
1926-03-01,61.3,164.1859,61.3,164.1859,,,,,,,,
1926-04-01,44.5,115.344,44.5,115.344,,,,,,,,
1926-05-01,16.3,43.6579,16.3,43.6579,,,,,,,,
1926-06-01,14.5,37.584,14.5,37.584,,,,,,,,
1926-07-01,12.8,34.2835,12.8,34.2835,,,,,,,,
1926-08-01,10.2,27.3197,10.2,27.3197,,,,,,,,
1926-09-01,10.9,28.2528,10.9,28.2528,,,,,,,,
1926-10-01,13.9,37.2298,13.9,37.2298,,,,,,,,
1926-11-01,18.8,48.7296,18.8,48.7296,,,,,,,,
1926-12-01,23.4,62.6746,23.4,62.6746,,,,,,,,
1927-01-01,48.0,128.5632,48.0,128.5632,,,,,,,,
1927-02-01,78.8,190.633,78.8,190.633,,,,,,,,
1927-03-01,56.7,151.8653,56.7,151.8653,,,,,,,,
1927-04-01,35.6,92.2752,35.6,92.2752,,,,,,,,
1927-05-01,18.2,48.7469,18.2,48.7469,,,,,,,,
1927-06-01,12.7,32.9184,12.7,32.9184,,,,,,,,
1927-07-01,10.6,28.391,10.6,28.391,,,,,,,,
1927-08-01,12.7,34.0157,12.7,34.0157,,,,,,,,
1927-09-01,11.6,30.0672,11.6,30.0672,,,,,,,,
1927-10-01,16.7,44.7293,16.7,44.7293,,,,,,,,
1927-11-01,16.4,42.5088,16.4,42.5088,,,,,,,,
1927-12-01,34.7,92.9405,34.7,92.9405,,,,,,,,
1928-01-01,28.7,76.8701,28.7,76.8701,,,,,,,,
1928-02-01,62.7,157.1011,62.7,157.1011,,,,,,,,
1928-03-01,83.9,224.7178,83.9,224.7178,,,,,,,,
1928-04-01,44.8,116.1216,44.8,116.1216,,,,,,,,
1928-05-01,18.1,48.479,18.1,48.479,,,,,,,,
1928-06-01,13.9,36.0288,13.9,36.0288,,,,,,,,
1928-07-01,12.3,32.9443,12.3,32.9443,,,,,,,,
1928-08-01,10.5,28.1232,10.5,28.1232,,,,,,,,
1928-09-01,10.6,27.4752,10.6,27.4752,,,,,,,,
1928-10-01,12.9,34.5514,12.9,34.5514,,,,,,,,
1928-11-01,15.5,40.176,15.5,40.176,,,,,,,,
1928-12-01,28.1,75.263,28.1,75.263,,,,,,,,
1929-01-01,29.2,78.2093,29.2,78.2093,,,,,,,,
1929-02-01,106.8,258.3706,106.8,258.3706,,,,,,,,
1929-03-01,54.2,145.1693,54.2,145.1693,,,,,,,,
1929-04-01,31.6,81.9072,31.6,81.9072,,,,,,,,
1929-05-01,15.2,40.7117,15.2,40.7117,,,,,,,,
1929-06-01,11.7,30.3264,11.7,30.3264,,,,,,,,
1929-07-01,10.6,28.391,10.6,28.391,,,,,,,,
1929-08-01,10.7,28.6589,10.7,28.6589,,,,,,,,
1929-09-01,15.2,39.3984,15.2,39.3984,,,,,,,,
1929-10-01,41.2,110.3501,41.2,110.3501,,,,,,,,
1929-11-01,24.4,63.2448,24.4,63.2448,,,,,,,,
1929-12-01,21.2,56.7821,21.2,56.7821,,,,,,,,
1930-01-01,84.9,227.3962,84.9,227.3962,,,,,,,,
1930-02-01,80.4,194.5037,80.4,194.5037,,,,,,,,
1930-03-01,84.9,227.3962,84.9,227.3962,,,,,,,,
1930-04-01,36.5,94.608,36.5,94.608,,,,,,,,
1930-05-01,18.7,50.0861,18.7,50.0861,,,,,,,,
1930-06-01,15.0,38.88,15.0,38.88,,,,,,,,
1930-07-01,13.6,36.4262,13.6,36.4262,,,,,,,,
1930-08-01,18.7,50.0861,18.7,50.0861,,,,,,,,
1930-09-01,10.7,27.7344,10.7,27.7344,,,,,,,,
1930-10-01,17.3,46.3363,17.3,46.3363,,,,,,,,
1930-11-01,29.3,75.9456,29.3,75.9456,,,,,,,,
1930-12-01,34.2,91.6013,34.2,91.6013,,,,,,,,
1931-01-01,28.5,76.3344,28.5,76.3344,,,,,,,,
1931-02-01,42.5,102.816,42.5,102.816,,,,,,,,
1931-03-01,42.4,113.5642,42.4,113.5642,,,,,,,,
1931-04-01,32.0,82.944,32.0,82.944,,,,,,,,
1931-05-01,24.0,64.2816,24.0,64.2816,,,,,,,,
1931-06-01,18.5,47.952,18.5,47.952,,,,,,,,
1931-07-01,9.1,24.3734,9.1,24.3734,,,,,,,,
1931-08-01,7.7,20.6237,7.7,20.6237,,,,,,,,
1931-09-01,7.6,19.6992,7.6,19.6992,,,,,,,,
1931-10-01,10.6,28.391,10.6,28.391,,,,,,,,
1931-11-01,11.3,29.2896,11.3,29.2896,,,,,,,,
1931-12-01,19.9,53.3002,19.9,53.3002,,,,,,,,
1932-01-01,42.3,113.2963,42.3,113.2963,,,,,,,,
1932-02-01,76.7,192.1795,76.7,192.1795,,,,,,,,
1932-03-01,48.5,129.9024,48.5,129.9024,,,,,,,,
1932-04-01,36.7,95.1264,36.7,95.1264,,,,,,,,
1932-05-01,20.7,55.4429,20.7,55.4429,,,,,,,,
1932-06-01,16.0,41.472,16.0,41.472,,,,,,,,
1932-07-01,15.7,42.0509,15.7,42.0509,,,,,,,,
1932-08-01,12.0,32.1408,12.0,32.1408,,,,,,,,
1932-09-01,11.1,28.7712,11.1,28.7712,,,,,,,,
1932-10-01,15.0,40.176,15.0,40.176,,,,,,,,
1932-11-01,24.2,62.7264,24.2,62.7264,,,,,,,,
1932-12-01,37.9,101.5114,37.9,101.5114,,,,,,,,
1933-01-01,74.3,199.0051,74.3,199.0051,,,,,,,,
1933-02-01,77.4,187.2461,77.4,187.2461,,,,,,,,
1933-03-01,87.8,235.1635,87.8,235.1635,,,,,,,,
1933-04-01,75.2,194.9184,75.2,194.9184,,,,,,,,
1933-05-01,40.2,107.6717,40.2,107.6717,,,,,,,,
1933-06-01,16.1,41.7312,16.1,41.7312,,,,,,,,
1933-07-01,13.4,35.8906,13.4,35.8906,,,,,,,,
1933-08-01,10.9,29.1946,10.9,29.1946,,,,,,,,
1933-09-01,10.1,26.1792,10.1,26.1792,,,,,,,,
1933-10-01,10.9,29.1946,10.9,29.1946,,,,,,,,
1933-11-01,11.9,30.8448,11.9,30.8448,,,,,,,,
1933-12-01,16.1,43.1222,16.1,43.1222,,,,,,,,
1934-01-01,33.8,90.5299,33.8,90.5299,,,,,,,,
1934-02-01,40.1,97.0099,40.1,97.0099,,,,,,,,
1934-03-01,63.1,169.007,63.1,169.007,,,,,,,,
1934-04-01,46.6,120.7872,46.6,120.7872,,,,,,,,
1934-05-01,26.3,70.4419,26.3,70.4419,,,,,,,,
1934-06-01,19.1,49.5072,19.1,49.5072,,,,,,,,
1934-07-01,15.4,41.2474,15.4,41.2474,,,,,,,,
1934-08-01,12.5,33.48,12.5,33.48,,,,,,,,
1934-09-01,11.8,30.5856,11.8,30.5856,,,,,,,,
1934-10-01,13.2,35.3549,13.2,35.3549,,,,,,,,
1934-11-01,14.9,38.6208,14.9,38.6208,,,,,,,,
1934-12-01,15.2,40.7117,15.2,40.7117,,,,,,,,
1935-01-01,25.8,69.1027,25.8,69.1027,,,,,,,,
1935-02-01,33.4,80.8013,33.4,80.8013,,,,,,,,
1935-03-01,65.9,176.5066,65.9,176.5066,,,,,,,,
1935-04-01,42.0,108.864,42.0,108.864,,,,,,,,
1935-05-01,21.5,57.5856,21.5,57.5856,,,,,,,,
1935-06-01,17.4,45.1008,17.4,45.1008,,,,,,,,
1935-07-01,15.4,41.2474,15.4,41.2474,,,,,,,,
1935-08-01,12.5,33.48,12.5,33.48,,,,,,,,
1935-09-01,10.9,28.2528,10.9,28.2528,,,,,,,,
1935-10-01,14.7,39.3725,14.7,39.3725,,,,,,,,
1935-11-01,16.9,43.8048,16.9,43.8048,,,,,,,,
1935-12-01,30.2,80.8877,30.2,80.8877,,,,,,,,
1936-01-01,49.8,133.3843,49.8,133.3843,,,,,,,,
1936-02-01,38.5,96.4656,38.5,96.4656,,,,,,,,
1936-03-01,26.6,71.2454,26.6,71.2454,,,,,,,,
1936-04-01,24.1,62.4672,24.1,62.4672,,,,,,,,
1936-05-01,17.5,46.872,17.5,46.872,,,,,,,,
1936-06-01,18.8,48.7296,18.8,48.7296,,,,,,,,
1936-07-01,15.1,40.4438,15.1,40.4438,,,,,,,,
1936-08-01,13.2,35.3549,13.2,35.3549,,,,,,,,
1936-09-01,11.7,30.3264,11.7,30.3264,,,,,,,,
1936-10-01,13.5,36.1584,13.5,36.1584,,,,,,,,
1936-11-01,14.2,36.8064,14.2,36.8064,,,,,,,,
1936-12-01,12.2,32.6765,12.2,32.6765,,,,,,,,
1937-01-01,16.7,44.7293,16.7,44.7293,,,,,,,,
1937-02-01,19.4,46.9325,19.4,46.9325,,,,,,,,
1937-03-01,35.7,95.6189,35.7,95.6189,,,,,,,,
1937-04-01,36.5,94.608,36.5,94.608,,,,,,,,
1937-05-01,18.5,49.5504,18.5,49.5504,,,,,,,,
1937-06-01,14.5,37.584,14.5,37.584,,,,,,,,
1937-07-01,12.4,33.2122,12.4,33.2122,,,,,,,,
1937-08-01,10.5,28.1232,10.5,28.1232,,,,,,,,
1937-09-01,9.3,24.1056,9.3,24.1056,,,,,,,,
1937-10-01,11.6,31.0694,11.6,31.0694,,,,,,,,
1937-11-01,16.5,42.768,16.5,42.768,,,,,,,,
1937-12-01,25.0,66.96,25.0,66.96,,,,,,,,
1938-01-01,22.7,60.7997,22.7,60.7997,,,,,,,,
1938-02-01,54.3,131.3626,54.3,131.3626,,,,,,,,
1938-03-01,55.0,147.312,55.0,147.312,,,,,,,,
1938-04-01,46.0,119.232,46.0,119.232,,,,,,,,
1938-05-01,24.1,64.5494,24.1,64.5494,,,,,,,,
1938-06-01,16.6,43.0272,16.6,43.0272,,,,,,,,
1938-07-01,12.1,32.4086,12.1,32.4086,,,,,,,,
1938-08-01,10.1,27.0518,10.1,27.0518,,,,,,,,
1938-09-01,8.6,22.2912,8.6,22.2912,,,,,,,,
1938-10-01,12.4,33.2122,12.4,33.2122,,,,,,,,
1938-11-01,10.6,27.4752,10.6,27.4752,,,,,,,,
1938-12-01,12.4,33.2122,12.4,33.2122,,,,,,,,
1939-01-01,30.8,82.4947,30.8,82.4947,,,,,,,,
1939-02-01,46.3,112.009,46.3,112.009,,,,,,,,
1939-03-01,73.9,197.9338,73.9,197.9338,,,,,,,,
1939-04-01,56.2,145.6704,56.2,145.6704,,,,,,,,
1939-05-01,26.5,70.9776,26.5,70.9776,,,,,,,,
1939-06-01,18.9,48.9888,18.9,48.9888,,,,,,,,
1939-07-01,12.7,34.0157,12.7,34.0157,,,,,,,,
1939-08-01,11.5,30.8016,11.5,30.8016,,,,,,,,
1939-09-01,11.7,30.3264,11.7,30.3264,,,,,,,,
1939-10-01,12.0,32.1408,12.0,32.1408,,,,,,,,
1939-11-01,12.7,32.9184,12.7,32.9184,,,,,,,,
1939-12-01,33.0,88.3872,33.0,88.3872,,,,,,,,
1940-01-01,68.6,183.7382,68.6,183.7382,,,,,,,,
1940-02-01,50.5,126.5328,50.5,126.5328,,,,,,,,
1940-03-01,71.8,192.3091,71.8,192.3091,,,,,,,,
1940-04-01,37.0,95.904,37.0,95.904,,,,,,,,
1940-05-01,24.5,65.6208,24.6,65.8886,,,,,,,,
1940-06-01,20.8,53.9136,20.8,53.9136,,,,,,,,
1940-07-01,17.7,47.4077,17.7,47.4077,,,,,,,,
1940-08-01,15.4,41.2474,15.4,41.2474,,,,,,,,
1940-09-01,12.0,31.104,12.0,31.104,,,,,,,,
1940-10-01,15.9,42.5866,15.9,42.5866,,,,,,,,
1940-11-01,18.6,48.2112,18.6,48.2112,,,,,,,,
1940-12-01,19.1,51.1574,19.1,51.1574,,,,,,,,
1941-01-01,52.4,140.3482,52.4,140.3482,,,,,,,,
1941-02-01,70.9,171.5213,70.9,171.5213,,,,,,,,
1941-03-01,84.2,225.5213,84.2,225.5213,,,,,,,,
1941-04-01,29.8,77.2416,29.8,77.2416,,,,,,,,
1941-05-01,23.9,64.0138,23.9,64.0138,,,,,,,,
1941-06-01,14.7,38.1024,14.7,38.1024,,,,,,,,
1941-07-01,13.4,35.8906,13.4,35.8906,,,,,,,,
1941-08-01,13.0,34.8192,13.0,34.8192,,,,,,,,
1941-09-01,13.2,34.2144,13.2,34.2144,,,,,,,,
1941-10-01,18.9,50.6218,18.9,50.6218,,,,,,,,
1941-11-01,21.3,55.2096,21.3,55.2096,,,,,,,,
1941-12-01,28.2,75.5309,28.2,75.5309,,,,,,,,
1942-01-01,38.4,102.8506,38.4,102.8506,,,,,,,,
1942-02-01,62.2,150.4742,62.2,150.4742,,,,,,,,
1942-03-01,61.5,164.7216,61.5,164.7216,,,,,,,,
1942-04-01,34.8,90.2016,34.8,90.2016,,,,,,,,
1942-05-01,28.9,77.4058,28.9,77.4058,,,,,,,,
1942-06-01,16.9,43.8048,16.9,43.8048,,,,,,,,
1942-07-01,14.2,38.0333,14.2,38.0333,,,,,,,,
1942-08-01,12.4,33.2122,12.4,33.2122,,,,,,,,
1942-09-01,12.0,31.104,12.0,31.104,,,,,,,,
1942-10-01,13.2,35.3549,13.2,35.3549,,,,,,,,
1942-11-01,13.4,34.7328,13.4,34.7328,,,,,,,,
1942-12-01,17.7,47.4077,17.7,47.4077,,,,,,,,
1943-01-01,33.5,89.7264,33.5,89.7264,,,,,,,,
1943-02-01,79.5,192.3264,79.5,192.3264,,,,,,,,
1943-03-01,71.3,190.9699,71.3,190.9699,,,,,,,,
1943-04-01,56.3,145.9296,56.3,145.9296,,,,,,,,
1943-05-01,22.0,58.9248,22.0,58.9248,,,,,,,,
1943-06-01,18.1,46.9152,18.1,46.9152,,,,,,,,
1943-07-01,15.9,42.5866,15.9,42.5866,,,,,,,,
1943-08-01,13.5,36.1584,13.5,36.1584,,,,,,,,
1943-09-01,13.3,34.4736,13.3,34.4736,,,,,,,,
1943-10-01,17.5,46.872,17.5,46.872,,,,,,,,
1943-11-01,16.2,41.9904,16.2,41.9904,,,,,,,,
1943-12-01,23.4,62.6746,23.4,62.6746,,,,,,,,
1944-01-01,46.4,124.2778,46.4,124.2778,,,,,,,,
1944-02-01,69.1,173.137,69.1,173.137,,,,,,,,
1944-03-01,72.7,194.7197,72.7,194.7197,,,,,,,,
1944-04-01,45.6,118.1952,45.6,118.1952,,,,,,,,
1944-05-01,25.0,66.96,25.0,66.96,,,,,,,,
1944-06-01,17.8,46.1376,17.8,46.1376,,,,,,,,
1944-07-01,13.7,36.6941,13.7,36.6941,,,,,,,,
1944-08-01,11.3,30.2659,11.3,30.2659,,,,,,,,
1944-09-01,10.5,27.216,10.5,27.216,,,,,,,,
1944-10-01,10.2,27.3197,10.2,27.3197,,,,,,,,
1944-11-01,11.9,30.8448,11.9,30.8448,,,,,,,,
1944-12-01,16.1,43.1222,16.1,43.1222,,,,,,,,
1945-01-01,33.1,88.655,33.1,88.655,,,,,,,,
1945-02-01,43.7,105.719,43.7,105.719,,,,,,,,
1945-03-01,62.5,167.4,62.5,167.4,,,,,,,,
1945-04-01,42.1,109.1232,42.1,109.1232,,,,,,,,
1945-05-01,17.4,46.6042,17.4,46.6042,,,,,,,,
1945-06-01,12.5,32.4,12.5,32.4,,,,,,,,
1945-07-01,11.7,31.3373,11.7,31.3373,,,,,,,,
1945-08-01,11.4,30.5338,11.4,30.5338,,,,,,,,
1945-09-01,11.1,28.7712,11.1,28.7712,,,,,,,,
1945-10-01,11.2,29.9981,11.2,29.9981,,,,,,,,
1945-11-01,20.7,53.6544,20.7,53.6544,,,,,,,,
1945-12-01,34.1,91.3334,34.1,91.3334,,,,,,,,
1946-01-01,71.8,192.3091,71.8,192.3091,,,,,,,,
1946-02-01,84.0,203.2128,84.0,203.2128,,,,,,,,
1946-03-01,94.5,253.1088,94.5,253.1088,,,,,,,,
1946-04-01,64.0,165.888,64.0,165.888,,,,,,,,
1946-05-01,30.4,81.4234,30.4,81.4234,,,,,,,,
1946-06-01,16.6,43.0272,16.6,43.0272,,,,,,,,
1946-07-01,11.4,30.5338,11.4,30.5338,,,,,,,,
1946-08-01,11.3,30.2659,11.3,30.2659,,,,,,,,
1946-09-01,10.6,27.4752,10.6,27.4752,,,,,,,,
1946-10-01,15.0,40.176,15.0,40.176,,,,,,,,
1946-11-01,21.0,54.432,21.0,54.432,,,,,,,,
1946-12-01,38.5,103.1184,38.5,103.1184,,,,,,,,
1947-01-01,44.8,119.9923,44.8,119.9923,,,,,,,,
1947-02-01,52.9,127.9757,52.9,127.9757,,,,,,,,
1947-03-01,87.0,233.0208,87.0,233.0208,,,,,,,,
1947-04-01,39.4,102.1248,39.4,102.1248,,,,,,,,
1947-05-01,33.1,88.655,33.1,88.655,,,,,,,,
1947-06-01,25.5,66.096,25.5,66.096,,,,,,,,
1947-07-01,12.8,34.2835,12.8,34.2835,,,,,,,,
1947-08-01,11.0,29.4624,11.0,29.4624,,,,,,,,
1947-09-01,10.6,27.4752,10.6,27.4752,,,,,,,,
1947-10-01,14.2,38.0333,14.2,38.0333,,,,,,,,
1947-11-01,17.3,44.8416,17.3,44.8416,,,,,,,,
1947-12-01,27.0,72.3168,27.0,72.3168,,,,,,,,
1948-01-01,57.8,154.8115,57.8,154.8115,,,,,,,,
1948-02-01,46.3,116.0093,46.3,116.0093,,,,,,,,
1948-03-01,47.4,126.9562,47.4,126.9562,,,,,,,,
1948-04-01,36.7,95.1264,36.7,95.1264,,,,,,,,
1948-05-01,23.9,64.0138,23.9,64.0138,,,,,,,,
1948-06-01,15.1,39.1392,15.1,39.1392,,,,,,,,
1948-07-01,12.8,34.2835,12.8,34.2835,,,,,,,,
1948-08-01,9.9,26.5162,9.9,26.5162,,,,,,,,
1948-09-01,10.1,26.1792,10.1,26.1792,,,,,,,,
1948-10-01,27.7,74.1917,27.7,74.1917,,,,,,,,
1948-11-01,35.0,90.72,35.0,90.72,,,,,,,,
1948-12-01,21.2,56.7821,21.2,56.7821,,,,,,,,
1949-01-01,60.6,162.311,60.6,162.311,,,,,,,,
1949-02-01,33.4,80.8013,33.4,80.8013,,,,,,,,
1949-03-01,65.6,175.703,65.6,175.703,,,,,,,,
1949-04-01,48.5,125.712,48.5,125.712,,,,,,,,
1949-05-01,28.2,75.5309,28.2,75.5309,,,,,,,,
1949-06-01,19.0,49.248,19.0,49.248,,,,,,,,
1949-07-01,15.3,40.9795,15.3,40.9795,,,,,,,,
1949-08-01,11.3,30.2659,11.3,30.2659,,,,,,,,
1949-09-01,11.2,29.0304,11.2,29.0304,,,,,,,,
1949-10-01,10.4,27.8554,10.4,27.8554,,,,,,,,
1949-11-01,20.5,53.136,20.5,53.136,,,,,,,,
1949-12-01,12.8,34.2835,12.8,34.2835,,,,,,,,
1950-01-01,28.7,76.8701,28.7,76.8701,,,,,,,,
1950-02-01,45.8,110.7994,45.8,110.7994,,,,,,,,
1950-03-01,38.5,103.1184,38.6,103.3862,,,,,,,,
1950-04-01,36.1,93.5712,36.1,93.5712,,,,,,,,
1950-05-01,20.9,55.9786,20.9,55.9786,,,,,,,,
1950-06-01,12.9,33.4368,12.9,33.4368,,,,,,,,
1950-07-01,11.6,31.0694,11.6,31.0694,,,,,,,,
1950-08-01,10.4,27.8554,10.4,27.8554,,,,,,,,
1950-09-01,10.1,26.1792,10.1,26.1792,,,,,,,,
1950-10-01,10.9,29.1946,10.9,29.1946,,,,,,,,
1950-11-01,14.3,37.0656,14.3,37.0656,,,,,,,,
1950-12-01,41.2,110.3501,41.2,110.3501,,,,,,,,
1951-01-01,37.4,100.1722,37.4,100.1722,,,,,,,,
1951-02-01,71.3,172.489,71.3,172.489,,,,,,,,
1951-03-01,96.8,259.2691,96.8,259.2691,,,,,,,,
1951-04-01,54.6,141.5232,54.6,141.5232,,,,,,,,
1951-05-01,21.2,56.7821,21.2,56.7821,,,,,,,,
1951-06-01,18.5,47.952,18.5,47.952,,,,,,,,
1951-07-01,14.9,39.9082,14.9,39.9082,,,,,,,,
1951-08-01,11.6,31.0694,11.6,31.0694,,,,,,,,
1951-09-01,11.2,29.0304,11.2,29.0304,,,,,,,,
1951-10-01,12.6,33.7478,12.6,33.7478,,,,,,,,
1951-11-01,43.5,112.752,43.5,112.752,,,,,,,,
1951-12-01,45.0,120.528,45.0,120.528,,,,,,,,
1952-01-01,86.6,231.9494,86.6,231.9494,,,,,,,,
1952-02-01,83.3,208.7165,83.3,208.7165,,,,,,,,
1952-03-01,98.6,264.0902,98.6,264.0902,,,,,,,,
1952-04-01,71.5,185.328,71.5,185.328,,,,,,,,
1952-05-01,26.4,70.7098,26.4,70.7098,,,,,,,,
1952-06-01,20.7,53.6544,20.7,53.6544,,,,,,,,
1952-07-01,15.4,41.2474,15.4,41.2474,,,,,,,,
1952-08-01,11.1,29.7302,11.1,29.7302,,,,,,,,
1952-09-01,9.0,23.328,9.0,23.328,,,,,,,,
1952-10-01,10.5,28.1232,10.5,28.1232,,,,,,,,
1952-11-01,15.5,40.176,15.5,40.176,,,,,,,,
1952-12-01,25.5,68.2992,25.5,68.2992,,,,,,,,
1953-01-01,39.5,105.7968,39.5,105.7968,,,,,,,,
1953-02-01,71.5,172.9728,71.5,172.9728,,,,,,,,
1953-03-01,60.6,162.311,60.6,162.311,,,,,,,,
1953-04-01,60.4,156.5568,60.4,156.5568,,,,,,,,
1953-05-01,35.6,95.351,35.6,95.351,,,,,,,,
1953-06-01,22.1,57.2832,22.1,57.2832,,,,,,,,
1953-07-01,12.8,34.2835,12.8,34.2835,,,,,,,,
1953-08-01,9.1,24.3734,9.1,24.3734,,,,,,,,
1953-09-01,8.9,23.0688,8.9,23.0688,,,,,,,,
1953-10-01,12.5,33.48,12.5,33.48,,,,,,,,
1953-11-01,22.7,58.8384,22.7,58.8384,,,,,,,,
1953-12-01,28.6,76.6022,28.6,76.6022,,,,,,,,
1954-01-01,51.3,137.4019,51.3,137.4019,,,,,,,,
1954-02-01,75.6,182.8915,75.6,182.8915,,,,,,,,
1954-03-01,102.9,275.6074,102.9,275.6074,,,,,,,,
1954-04-01,37.4,96.9408,37.4,96.9408,,,,,,,,
1954-05-01,25.6,68.567,25.6,68.567,,,,,,,,
1954-06-01,15.7,40.6944,15.7,40.6944,,,,,,,,
1954-07-01,12.5,33.48,12.5,33.48,,,,,,,,
1954-08-01,8.7,23.3021,9.1,24.3734,,,,,,,,
1954-09-01,9.0,23.328,9.0,23.328,,,,,,,,
1954-10-01,11.9,31.873,11.9,31.873,,,,,,,,
1954-11-01,18.5,47.952,18.5,47.952,,,,,,,,
1954-12-01,22.2,59.4605,22.2,59.4605,,,,,,,,
1955-01-01,42.6,114.0998,42.6,114.0998,,,,,,,,
1955-02-01,79.5,192.3264,79.5,192.3264,,,,,,,,
1955-03-01,94.4,252.841,94.4,252.841,,,,,,,,
1955-04-01,48.8,126.4896,48.8,126.4896,,,,,,,,
1955-05-01,29.3,78.4771,29.3,78.4771,,,,,,,,
1955-06-01,13.5,34.992,13.5,34.992,,,,,,,,
1955-07-01,11.7,31.3373,11.7,31.3373,,,,,,,,
1955-08-01,10.2,27.3197,8.7,23.3021,,,,,,,,
1955-09-01,8.8,22.8096,8.8,22.8096,,,,,,,,
1955-10-01,9.2,24.6413,9.2,24.6413,,,,,,,,
1955-11-01,8.9,23.0688,8.9,23.0688,,,,,,,,
1955-12-01,16.8,44.9971,16.8,44.9971,,,,,,,,
1956-01-01,15.5,41.5152,15.5,41.5152,,,,,,,,
1956-02-01,58.6,146.8282,58.6,146.8282,,,,,,,,
1956-03-01,62.0,166.0608,62.0,166.0608,,,,,,,,
1956-04-01,50.1,129.8592,50.1,129.8592,,,,,,,,
1956-05-01,21.1,56.5142,21.1,56.5142,,,,,,,,
1956-06-01,10.4,26.9568,10.4,26.9568,,,,,,,,
1956-07-01,7.9,21.1594,7.9,21.1594,,,,,,,,
1956-08-01,10.2,27.3197,10.2,27.3197,,,,,,,,
1956-09-01,9.9,25.6608,9.9,25.6608,,,,,,,,
1956-10-01,12.5,33.48,12.5,33.48,,,,,,,,
1956-11-01,11.7,30.3264,11.7,30.3264,,,,,,,,
1956-12-01,9.2,24.6413,9.2,24.6413,,,,,,,,
1957-01-01,16.6,44.4614,17.2,46.0685,,,,,,,,
1957-02-01,45.0,108.864,46.1,111.5251,,,,,,,,
1957-03-01,36.6,98.0294,37.9,101.5114,,,,,,,,
1957-04-01,32.0,82.944,32.9,85.2768,,,,,,,,
1957-05-01,15.6,41.783,15.7,42.0509,,,,,,,,
1957-06-01,11.8,30.5856,11.2,29.0304,,,,,,,,
1957-07-01,10.1,27.0518,9.4,25.177,,,,,,,,
1957-08-01,10.1,27.0518,9.0,24.1056,,,,,,,,
1957-09-01,9.8,25.4016,8.7,22.5504,,,,,,,,
1957-10-01,11.1,29.7302,10.4,27.8554,,,,,,,,
1957-11-01,13.8,35.7696,13.6,35.2512,,,,,,,,
1957-12-01,17.9,47.9434,18.0,48.2112,,,,,,,,
1958-01-01,19.9,53.3002,20.5,54.9072,,,,,,,,
1958-02-01,36.1,87.3331,37.2,89.9942,,,,,,,,
1958-03-01,55.0,147.312,56.3,150.7939,,,,,,,,
1958-04-01,20.6,53.3952,21.5,55.728,,,,,,,,
1958-05-01,12.5,33.48,12.6,33.7478,,,,,,,,
1958-06-01,10.0,25.92,9.4,24.3648,,,,,,,,
1958-07-01,7.9,21.1594,7.2,19.2845,,,,,,,,
1958-08-01,7.3,19.5523,6.2,16.6061,,,,,,,,
1958-09-01,7.2,18.6624,6.1,15.8112,,,,,,,,
1958-10-01,10.8,28.9267,10.1,27.0518,,,,,,,,
1958-11-01,8.2,21.2544,8.0,20.736,,,,,,,,
1958-12-01,9.4,25.177,9.5,25.4448,,,,,,,,
1959-01-01,9.9,26.5162,10.5,28.1232,,,,,,,,
1959-02-01,59.3,143.4586,60.4,146.1197,,,,,,,,
1959-03-01,57.1,152.9366,58.4,156.4186,,,,,,,,
1959-04-01,41.0,106.272,41.9,108.6048,,,,,,,,
1959-05-01,19.5,52.2288,19.6,52.4966,,,,,,,,
1959-06-01,10.8,27.9936,10.2,26.4384,,,,,,,,
1959-07-01,9.2,24.6413,8.5,22.7664,,,,,,,,
1959-08-01,7.2,19.2845,6.1,16.3382,,,,,,,,
1959-09-01,6.9,17.8848,5.8,15.0336,,,,,,,,
1959-10-01,9.2,24.6413,8.5,22.7664,,,,,,,,
1959-11-01,9.3,24.1056,9.1,23.5872,,,,,,,,
1959-12-01,27.7,74.1917,27.8,74.4595,,,,,,,,
1960-01-01,35.3,94.5475,36.6,98.0294,,,,,,,,
1960-02-01,41.4,103.7318,43.5,108.9936,,,,,,,,
1960-03-01,34.9,93.4762,37.4,100.1722,,,,,,,,
1960-04-01,22.9,59.3568,24.5,63.504,,,,,,,,
1960-05-01,13.8,36.9619,14.2,38.0333,,,,,,,,
1960-06-01,9.7,25.1424,9.2,23.8464,,,,,,,,
1960-07-01,8.0,21.4272,7.2,19.2845,,,,,,,,
1960-08-01,7.0,18.7488,5.6,14.999,,,,,,,,
1960-09-01,7.3,18.9216,5.2,13.4784,,,,,,,,
1960-10-01,9.7,25.9805,7.8,20.8915,,,,,,,,
1960-11-01,12.2,31.6224,10.9,28.2528,,,,,,,,
1960-12-01,9.6,25.7126,9.8,26.2483,,,,,,,,
1961-01-01,25.2,67.4957,26.5,70.9776,,,,,,,,
1961-02-01,43.4,104.9933,45.5,110.0736,,,,,,,,
1961-03-01,40.4,108.2074,42.9,114.9034,,,,,,,,
1961-04-01,17.8,46.1376,19.4,50.2848,,,,,,,,
1961-05-01,17.4,46.6042,17.8,47.6755,,,,,,,,
1961-06-01,11.8,30.5856,11.3,29.2896,,,,,,,,
1961-07-01,8.7,23.3021,7.9,21.1594,,,,,,,,
1961-08-01,8.0,21.4272,6.6,17.6774,,,,,,,,
1961-09-01,8.1,20.9952,6.0,15.552,,,,,,,,
1961-10-01,8.9,23.8378,7.0,18.7488,,,,,,,,
1961-11-01,19.1,49.5072,17.8,46.1376,,,,,,,,
1961-12-01,41.3,110.6179,41.5,111.1536,,,,,,,,
1962-01-01,43.7,117.0461,45.0,120.528,,,,,,,,
1962-02-01,45.7,110.5574,47.8,115.6378,,,,,,,,
1962-03-01,67.0,179.4528,69.5,186.1488,,,,,,,,
1962-04-01,43.8,113.5296,45.4,117.6768,,,,,,,,
1962-05-01,16.6,44.4614,17.0,45.5328,,,,,,,,
1962-06-01,11.9,30.8448,11.4,29.5488,,,,,,,,
1962-07-01,11.3,30.2659,10.5,28.1232,,,,,,,,
1962-08-01,10.1,27.0518,8.7,23.3021,,,,,,,,
1962-09-01,10.2,26.4384,8.1,20.9952,,,,,,,,
1962-10-01,11.3,30.2659,9.4,25.177,,,,,,,,
1962-11-01,15.2,39.3984,13.9,36.0288,,,,,,,,
1962-12-01,17.1,45.8006,17.3,46.3363,,,,,,,,
1963-01-01,38.1,102.047,39.4,105.529,,,,,,,,
1963-02-01,50.0,120.96,52.1,126.0403,,,,,,,,
1963-03-01,69.3,185.6131,71.8,192.3091,,,,,,,,
1963-04-01,41.8,108.3456,43.4,112.4928,,,,,,,,
1963-05-01,18.9,50.6218,19.3,51.6931,,,,,,,,
1963-06-01,12.9,33.4368,12.4,32.1408,,,,,,,,
1963-07-01,10.2,27.3197,9.4,25.177,,,,,,,,
1963-08-01,10.6,28.391,9.2,24.6413,,,,,,,,
1963-09-01,10.6,27.4752,8.5,22.032,,,,,,,,
1963-10-01,10.4,27.8554,8.5,22.7664,,,,,,,,
1963-11-01,24.4,63.2448,23.1,59.8752,,,,,,,,
1963-12-01,40.9,109.5466,41.1,110.0822,,,,,,,,
1964-01-01,26.6,71.2454,27.9,74.7274,,,,,,,,
1964-02-01,51.8,129.7901,53.9,135.0518,,,,,,,,
1964-03-01,72.8,194.9875,75.3,201.6835,,,,,,,,
1964-04-01,50.0,129.6,51.6,133.7472,,,,,,,,
1964-05-01,22.8,61.0675,23.2,62.1389,,,,,,,,
1964-06-01,15.8,40.9536,15.3,39.6576,,,,,,,,
1964-07-01,13.4,35.8906,12.6,33.7478,,,,,,,,
1964-08-01,11.7,31.3373,10.3,27.5875,,,,,,,,
1964-09-01,11.9,30.8448,9.8,25.4016,,,,,,,,
1964-10-01,16.0,42.8544,14.1,37.7654,,,,,,,,
1964-11-01,20.0,51.84,18.7,48.4704,,,,,,,,
1964-12-01,15.7,42.0509,15.9,42.5866,,,,,,,,
1965-01-01,24.0,64.2816,25.3,67.7635,,,,,,,,
1965-02-01,42.3,102.3322,44.4,107.4125,,,,,,,,
1965-03-01,65.5,175.4352,68.0,182.1312,,,,,,,,
1965-04-01,24.3,62.9856,25.9,67.1328,,,,,,,,
1965-05-01,13.8,36.9619,14.2,38.0333,,,,,,,,
1965-06-01,11.5,29.808,11.0,28.512,,,,,,,,
1965-07-01,10.7,28.6589,9.9,26.5162,,,,,,,,
1965-08-01,9.9,26.5162,8.5,22.7664,,,,,,,,
1965-09-01,9.9,25.6608,7.8,20.2176,,,,,,,,
1965-10-01,10.3,27.5875,8.4,22.4986,,,,,,,,
1965-11-01,11.6,30.0672,10.3,26.6976,,,,,,,,
1965-12-01,14.1,37.7654,14.3,38.3011,,,,,,,,
1966-01-01,34.0,91.0656,35.3,94.5475,,,,,,,,
1966-02-01,23.5,56.8512,25.6,61.9315,,,,,,,,
1966-03-01,38.3,102.5827,40.8,109.2787,,,,,,,,
1966-04-01,20.9,54.1728,22.5,58.32,,,,,,,,
1966-05-01,14.5,38.8368,14.9,39.9082,,,,,,,,
1966-06-01,10.8,27.9936,10.3,26.6976,,,,,,,,
1966-07-01,9.8,26.2483,9.0,24.1056,,,,,,,,
1966-08-01,10.0,26.784,8.6,23.0342,,,,,,,,
1966-09-01,9.7,25.1424,7.6,19.6992,,,,,,,,
1966-10-01,19.7,52.7645,17.8,47.6755,,,,,,,,
1966-11-01,19.3,50.0256,18.0,46.656,,,,,,,,
1966-12-01,26.4,70.7098,26.6,71.2454,,,,,,,,
1967-01-01,35.7,95.6189,35.5,95.0832,7.0,18.7488,64.0,171.4176,34.4,92.137,0.411,1.1008
1967-02-01,89.6,216.7603,86.8,209.9866,13.7,33.143,185.9,449.7293,135.5,327.8016,0.329,0.7959
1967-03-01,75.2,201.4157,92.4,247.4842,6.7,17.9453,125.4,335.8714,113.6,304.2662,1.052,2.8177
1967-04-01,32.0,82.944,40.0,103.68,2.3,5.9616,52.1,135.0432,20.8,53.9136,0.47,1.2182
1967-05-01,21.3,57.0499,22.9,61.3354,0.7,1.8749,25.1,67.2278,11.0,29.4624,0.334,0.8946
1967-06-01,17.1,44.3232,16.6,43.0272,0.9,2.3328,22.7,58.8384,7.1,18.4032,0.601,1.5578
1967-07-01,15.1,40.4438,15.0,40.176,0.9,2.4106,19.8,53.0323,5.9,15.8026,2.19,5.8657
1967-08-01,13.2,35.3549,13.0,34.8192,0.7,1.8749,16.5,44.1936,5.5,14.7312,2.504,6.7067
1967-09-01,13.3,34.4736,12.16,31.5187,0.3,0.7776,16.1,41.7312,5.3,13.7376,2.845,7.3742
1967-10-01,22.4,59.9962,19.8,53.0323,0.1,0.2678,38.6,103.3862,7.8,20.8915,2.323,6.2219
1967-11-01,20.8,53.9136,18.3,47.4336,0.1,0.2592,29.5,76.464,6.8,17.6256,0.856,2.2188
1967-12-01,22.7,60.7997,22.1,59.1926,0.2,0.5357,28.4,76.0666,7.7,20.6237,0.836,2.2391
1968-01-01,28.5,76.3344,30.0,80.352,0.9,2.4106,41.8,111.9571,12.9,34.5514,1.21,3.2409
1968-02-01,23.9,59.8838,26.6,66.649,1.4,3.5078,46.4,116.2598,11.0,27.5616,0.148,0.3708
1968-03-01,37.9,101.5114,40.6,108.743,1.3,3.4819,60.3,161.5075,22.4,59.9962,0.084,0.225
1968-04-01,19.2,49.7664,22.4,58.0608,0.3,0.7776,33.6,87.0912,12.0,31.104,0.056,0.1452
1968-05-01,12.4,33.2122,15.0,40.176,0.1,0.2678,22.2,59.4605,4.5,12.0528,1.481,3.9667
1968-06-01,10.8,27.9936,11.6,30.0672,0.6,1.5552,16.6,43.0272,4.2,10.8864,1.95,5.0544
1968-07-01,9.8,26.2483,11.1,29.7302,0.6,1.607,13.4,35.8906,4.1,10.9814,0.498,1.3338
1968-08-01,10.9,29.1946,10.5,28.1232,0.5,1.3392,13.1,35.087,4.0,10.7136,0.199,0.533
1968-09-01,10.9,28.2528,11.2,29.0304,0.2,0.5184,15.8,40.9536,3.7,9.5904,0.064,0.1659
1968-10-01,14.4,38.569,16.8,44.9971,0.1,0.2678,25.1,67.2278,5.1,13.6598,0.474,1.2696
1968-11-01,16.6,43.0272,20.8,53.9136,0.1,0.2592,33.1,85.7952,7.7,19.9584,1.262,3.2711
1968-12-01,16.7,44.7293,20.9,55.9786,1.2,3.2141,32.6,87.3158,7.3,19.5523,1.251,3.3507
1969-01-01,13.3,35.6227,11.3,30.2659,1.7,4.5533,28.6,76.6022,6.9,18.481,0.333,0.8919
1969-02-01,28.9,69.9149,22.1,53.4643,6.0,14.5152,55.6,134.5075,12.1,29.2723,0.041,0.0992
1969-03-01,38.5,103.1184,34.9,93.4762,11.9,31.873,95.3,255.2515,52.3,140.0803,0.048,0.1286
1969-04-01,26.2,67.9104,33.3,86.3136,7.2,18.6624,74.2,192.3264,28.3,73.3536,0.341,0.8839
1969-05-01,12.0,32.1408,14.0,37.4976,1.9,5.089,25.3,67.7635,6.1,16.3382,0.56,1.4999
1969-06-01,11.3,29.2896,11.5,29.808,1.7,4.4064,18.2,47.1744,4.3,11.1456,0.32,0.8294
1969-07-01,10.1,27.0518,10.4,27.8554,1.4,3.7498,15.3,40.9795,3.9,10.4458,0.388,1.0392
1969-08-01,8.6,23.0342,9.8,26.2483,1.1,2.9462,12.5,33.48,3.7,9.9101,1.352,3.6212
1969-09-01,8.1,20.9952,9.7,25.1424,0.7,1.8144,13.7,35.5104,3.4,8.8128,1.95,5.0544
1969-10-01,10.9,29.1946,12.1,32.4086,0.2,0.5357,22.2,59.4605,4.4,11.785,1.005,2.6918
1969-11-01,12.6,32.6592,16.9,43.8048,0.4,1.0368,37.6,97.4592,4.4,11.4048,0.02,0.0518
1969-12-01,40.4,108.2074,62.1,166.3286,3.1,8.303,97.5,261.144,34.0,91.0656,0.042,0.1125
1970-01-01,70.3,188.2915,64.6,173.0246,4.3,11.5171,135.8,363.7267,85.5,229.0032,0.476,1.2749
1970-02-01,41.4,100.1549,44.0,106.4448,3.3,7.9834,74.9,181.1981,26.9,65.0765,1.19,2.8788
1970-03-01,41.5,111.1536,42.2,113.0285,2.7,7.2317,87.1,233.2886,23.9,64.0138,1.409,3.7739
1970-04-01,37.4,96.9408,36.4,94.3488,2.9,7.5168,84.1,217.9872,17.8,46.1376,1.403,3.6366
1970-05-01,26.4,70.7098,25.7,68.8349,1.2,3.2141,52.4,140.3482,12.5,33.48,0.98,2.6248
1970-06-01,20.9,54.1728,19.6,50.8032,1.4,3.6288,35.3,91.4976,8.8,22.8096,1.149,2.9782
1970-07-01,15.3,40.9795,14.9,39.9082,1.3,3.4819,27.2,72.8525,5.8,15.5347,0.632,1.6927
1970-08-01,13.4,35.8906,12.8,34.2835,1.1,2.9462,24.1,64.5494,4.7,12.5885,0.957,2.5632
1970-09-01,17.9,46.3968,16.5,42.768,0.7,1.8144,28.9,74.9088,7.2,18.6624,0.931,2.4132
1970-10-01,17.9,47.9434,16.7,44.7293,0.4,1.0714,31.2,83.5661,5.5,14.7312,1.19,3.1873
1970-11-01,19.4,50.2848,17.2,44.5824,1.1,2.8512,43.3,112.2336,7.0,18.144,1.095,2.8382
1970-12-01,28.9,77.4058,26.7,71.5133,2.4,6.4282,63.0,168.7392,13.7,36.6941,1.859,4.9791
1971-01-01,37.9,101.5114,37.3,99.9043,2.9,7.7674,87.7,234.8957,25.9,69.3706,1.38,3.6962
1971-02-01,44.4,107.4125,41.8,101.1226,7.6,18.3859,111.6,269.9827,36.6,88.5427,1.296,3.1353
1971-03-01,80.0,214.272,55.0,147.312,11.3,30.2659,132.6,355.1558,50.2,134.4557,2.338,6.2621
1971-04-01,42.2,109.3824,42.3,109.6416,7.2,18.6624,91.9,238.2048,25.8,66.8736,1.248,3.2348
1971-05-01,20.8,55.7107,21.5,57.5856,2.5,6.696,32.0,85.7088,8.3,22.2307,0.461,1.2347
1971-06-01,16.7,43.2864,16.7,43.2864,2.2,5.7024,25.3,65.5776,7.0,18.144,0.263,0.6817
1971-07-01,13.5,36.1584,12.8,34.2835,1.9,5.089,20.2,54.1037,6.0,16.0704,0.192,0.5143
1971-08-01,11.8,31.6051,11.2,29.9981,2.0,5.3568,19.7,52.7645,5.6,14.999,0.19,0.5089
1971-09-01,11.3,29.2896,10.6,27.4752,1.4,3.6288,19.1,49.5072,5.2,13.4784,0.229,0.5936
1971-10-01,16.7,44.7293,13.8,36.9619,0.7,1.8749,23.3,62.4067,5.0,13.392,0.557,1.4919
1971-11-01,14.8,38.3616,12.3,31.8816,0.7,1.8144,20.1,52.0992,5.9,15.2928,0.403,1.0446
1971-12-01,23.6,63.2102,25.3,67.7635,1.9,5.089,43.4,116.2426,10.0,26.784,1.02,2.732
1972-01-01,37.6,100.7078,38.3,102.5827,2.6,6.9638,77.4,207.3082,31.2,83.5661,1.25,3.348
1972-02-01,34.0,85.1904,34.6,86.6938,4.9,12.2774,81.1,203.2042,36.7,91.9555,0.746,1.8692
1972-03-01,118.3,316.8547,114.6,306.9446,10.3,27.5875,172.6,462.2918,219.4,587.641,0.088,0.2357
1972-04-01,77.1,199.8432,77.8,201.6576,7.9,20.4768,83.1,215.3952,39.7,102.9024,0.962,2.4935
1972-05-01,32.5,87.048,32.5,87.048,2.9,7.7674,45.0,120.528,15.4,41.2474,1.072,2.8712
1972-06-01,16.4,42.5088,16.0,41.472,2.5,6.48,24.6,63.7632,10.3,26.6976,0.357,0.9253
1972-07-01,13.5,36.1584,12.8,34.2835,2.0,5.3568,18.0,48.2112,7.2,19.2845,0.546,1.4624
1972-08-01,12.5,33.48,10.9,29.1946,1.9,5.089,18.2,48.7469,6.9,18.481,1.834,4.9122
1972-09-01,12.8,33.1776,9.4,24.3648,1.3,3.3696,21.1,54.6912,6.1,15.8112,1.352,3.5044
1972-10-01,15.1,40.4438,14.5,38.8368,0.7,1.8749,22.5,60.264,6.0,16.0704,0.898,2.4052
1972-11-01,14.7,38.1024,12.8,33.1776,0.8,2.0736,24.8,64.2816,6.5,16.848,0.778,2.0166
1972-12-01,30.2,80.8877,30.1,80.6198,2.1,5.6246,44.9,120.2602,16.4,43.9258,1.107,2.965
1973-01-01,54.3,145.4371,52.4,140.3482,7.2,19.2845,96.1,257.3942,45.2,121.0637,0.669,1.7918
1973-02-01,79.4,192.0845,73.8,178.537,11.9,28.7885,115.3,278.9338,47.6,115.1539,0.04,0.0968
1973-03-01,103.4,276.9466,102.6,274.8038,9.0,24.1056,155.9,417.5626,72.2,193.3805,0.777,2.0811
1973-04-01,75.0,194.4,69.7,180.6624,5.3,13.7376,125.1,324.2592,43.7,113.2704,1.553,4.0254
1973-05-01,34.1,91.3334,30.9,82.7626,2.5,6.696,39.5,105.7968,17.9,47.9434,0.992,2.657
1973-06-01,17.0,44.064,11.0,28.512,2.4,6.2208,26.0,67.392,10.2,26.4384,5.675,14.7096
1973-07-01,14.7,39.3725,13.6,36.4262,2.1,5.6246,22.4,59.9962,7.3,19.5523,0.769,2.0597
1973-08-01,12.4,33.2122,10.9,29.1946,1.8,4.8211,19.0,50.8896,6.8,18.2131,0.979,2.6222
1973-09-01,14.2,36.8064,12.8,33.1776,1.4,3.6288,25.1,65.0592,7.6,19.6992,0.879,2.2784
1973-10-01,25.0,66.96,24.6,65.8886,3.7,9.9101,41.5,111.1536,9.2,24.6413,0.489,1.3097
1973-11-01,23.5,60.912,23.5,60.912,4.5,11.664,47.4,122.8608,9.0,23.328,1.33,3.4474
1973-12-01,44.9,120.2602,46.7,125.0813,6.5,17.4096,63.2,169.2749,24.9,66.6922,1.247,3.34
1974-01-01,60.3,161.5075,61.4,164.4538,4.9,13.1242,87.5,234.36,39.8,106.6003,0.58,1.5535
1974-02-01,76.5,185.0688,83.5,202.0032,13.7,33.143,139.1,336.5107,58.2,140.7974,1.123,2.7168
1974-03-01,73.3,196.3267,88.3,236.5027,11.7,31.3373,137.2,367.4765,61.7,165.2573,1.083,2.9007
1974-04-01,52.1,135.0432,49.4,128.0448,4.6,11.9232,68.5,177.552,24.9,64.5408,0.95,2.4624
1974-05-01,37.5,100.44,28.1,75.263,2.6,6.9638,30.2,80.8877,12.6,33.7478,0.553,1.4812
1974-06-01,17.9,46.3968,18.2,47.1744,2.7,6.9984,21.8,56.5056,9.5,24.624,0.418,1.0835
1974-07-01,14.0,37.4976,14.2,38.0333,2.4,6.4282,19.5,52.2288,7.7,20.6237,0.46,1.2321
1974-08-01,13.3,35.6227,12.5,33.48,2.8,7.4995,20.0,53.568,7.3,19.5523,0.726,1.9445
1974-09-01,14.2,36.8064,12.2,31.6224,2.0,5.184,20.7,53.6544,6.0,15.552,0.979,2.5376
1974-10-01,15.7,42.0509,13.1,35.087,1.2,3.2141,22.6,60.5318,5.0,13.392,0.979,2.6222
1974-11-01,16.1,41.7312,14.2,36.8064,1.3,3.3696,22.0,57.024,5.6,14.5152,0.815,2.1125
1974-12-01,16.7,44.7293,17.2,46.0685,1.4,3.7498,,,5.6,14.999,0.761,2.0383
1975-01-01,42.0,112.4928,40.6,108.743,2.9,7.7674,77.0,206.2368,15.2,40.7117,3.309,8.8628
1975-02-01,36.8,89.0266,34.4,83.2205,5.4,13.0637,79.4,192.0845,16.2,39.191,4.626,11.1912
1975-03-01,85.2,228.1997,90.0,241.056,8.3,22.2307,122.0,326.7648,60.1,160.9718,1.206,3.2302
1975-04-01,42.0,108.864,43.4,112.4928,6.0,15.552,72.9,188.9568,18.4,47.6928,1.069,2.7708
1975-05-01,24.9,66.6922,27.9,74.7274,2.5,6.696,45.2,121.0637,10.1,27.0518,0.718,1.9231
1975-06-01,14.4,37.3248,19.7,51.0624,2.4,6.2208,28.7,74.3904,7.3,18.9216,0.422,1.0938
1975-07-01,11.0,29.4624,15.5,41.5152,2.1,5.6246,20.0,53.568,5.6,14.999,0.612,1.6392
1975-08-01,9.9,26.5162,13.2,35.3549,1.9,5.089,19.4,51.961,5.5,14.7312,1.527,4.0899
1975-09-01,11.9,30.8448,10.6,27.4752,1.4,3.6288,26.4,68.4288,5.5,14.256,1.577,4.0876
1975-10-01,16.5,44.1936,13.6,36.4262,0.8,2.1427,41.6,111.4214,5.7,15.2669,0.632,1.6927
1975-11-01,16.3,42.2496,14.6,37.8432,0.9,2.3328,37.7,97.7184,6.1,15.8112,0.988,2.5609
1975-12-01,18.1,48.479,17.7,47.4077,1.5,4.0176,26.2,70.1741,7.9,21.1594,1.011,2.7079
1976-01-01,43.7,117.0461,48.2,129.0989,3.5,9.3744,52.7,141.1517,23.0,61.6032,1.15,3.0802
1976-02-01,76.5,191.6784,79.8,199.9469,6.4,16.0358,97.6,244.5466,47.1,118.0138,1.771,4.4374
1976-03-01,77.3,207.0403,80.4,215.3434,5.6,14.999,89.1,238.6454,42.8,114.6355,1.185,3.1739
1976-04-01,43.2,111.9744,45.0,116.64,3.6,9.3312,80.2,207.8784,20.7,53.6544,0.139,0.3603
1976-05-01,17.8,47.6755,18.7,50.0861,1.7,4.5533,52.2,139.8125,9.6,25.7126,0.329,0.8812
1976-06-01,15.5,40.176,14.8,38.3616,1.9,4.9248,25.9,67.1328,7.4,19.1808,0.706,1.83
1976-07-01,13.5,36.1584,12.4,33.2122,1.7,4.5533,21.4,57.3178,6.2,16.6061,0.89,2.3838
1976-08-01,13.2,35.3549,11.0,29.4624,1.6,4.2854,18.2,48.7469,5.6,14.999,1.731,4.6363
1976-09-01,13.2,34.2144,10.7,27.7344,1.1,2.8512,17.9,46.3968,6.0,15.552,1.394,3.6132
1976-10-01,12.6,33.7478,11.1,29.7302,0.5,1.3392,17.7,47.4077,5.0,13.392,1.184,3.1712
1976-11-01,13.4,34.7328,12.0,31.104,0.4,1.0368,19.3,50.0256,4.9,12.7008,1.194,3.0948
1976-12-01,14.9,39.9082,14.8,39.6403,0.3,0.8035,21.6,57.8534,6.6,17.6774,0.899,2.4079
1977-01-01,25.3,67.7635,21.4,57.3178,1.0,2.6784,44.4,118.921,11.0,29.4624,1.134,3.0373
1977-02-01,50.9,123.1373,49.8,120.4762,5.9,14.2733,94.5,228.6144,51.8,125.3146,0.06,0.1452
1977-03-01,55.8,149.4547,51.9,139.009,5.8,15.5347,103.1,276.143,45.5,121.8672,0.096,0.2571
1977-04-01,27.8,72.0576,28.2,73.0944,2.8,7.2576,49.4,128.0448,19.7,51.0624,0.115,0.2981
1977-05-01,15.5,41.5152,15.5,41.5152,1.4,3.7498,24.7,66.1565,8.8,23.5699,0.217,0.5812
1977-06-01,12.2,31.6224,11.0,28.512,1.6,4.1472,19.0,49.248,6.3,16.3296,0.865,2.2421
1977-07-01,12.2,32.6765,9.6,25.7126,1.4,3.7498,15.5,41.5152,5.5,14.7312,1.03,2.7588
1977-08-01,11.5,30.8016,10.2,27.3197,1.2,3.2141,18.2,48.7469,4.8,12.8563,1.281,3.431
1977-09-01,11.3,29.2896,11.9,30.8448,0.8,2.0736,16.8,43.5456,4.3,11.1456,1.288,3.3385
1977-10-01,12.4,33.2122,14.2,38.0333,0.3,0.8035,17.6,47.1398,4.4,11.785,0.519,1.3901
1977-11-01,22.5,58.32,21.3,55.2096,0.1,0.2592,27.1,70.2432,10.4,26.9568,0.987,2.5583
1977-12-01,24.9,66.6922,20.6,55.175,1.3,3.4819,30.1,80.6198,10.8,28.9267,0.726,1.9445
1978-01-01,27.4,73.3882,17.7,47.4077,4.3,11.5171,49.7,133.1165,10.0,26.784,0.698,1.8695
1978-02-01,57.0,137.8944,48.0,116.1216,7.4,17.9021,120.9,292.4813,31.6,76.4467,0.06,0.1452
1978-03-01,31.9,85.441,101.1,270.7862,5.1,13.6598,97.5,261.144,20.9,55.9786,0.06,0.1607
1978-04-01,22.1,57.2832,23.7,61.4304,2.2,5.7024,55.8,144.6336,13.3,34.4736,0.077,0.1996
1978-05-01,14.1,37.7654,16.2,43.3901,1.2,3.2141,24.6,65.8886,6.4,17.1418,0.268,0.7178
1978-06-01,11.9,30.8448,12.6,32.6592,1.5,3.888,13.2,34.2144,5.4,13.9968,0.536,1.3893
1978-07-01,11.9,31.873,10.0,26.784,1.4,3.7498,11.8,31.6051,4.4,11.785,1.412,3.7819
1978-08-01,11.3,30.2659,8.7,23.3021,1.2,3.2141,12.0,32.1408,4.3,11.5171,1.22,3.2676
1978-09-01,11.6,30.0672,9.6,24.8832,0.8,2.0736,12.7,32.9184,4.9,12.7008,1.355,3.5122
1978-10-01,12.6,33.7478,11.5,30.8016,0.3,0.8035,14.8,39.6403,4.6,12.3206,1.2,3.2141
1978-11-01,19.4,50.2848,11.7,30.3264,0.4,1.0368,27.7,71.7984,6.5,16.848,1.045,2.7086
1978-12-01,20.0,53.568,14.4,38.569,1.3,3.4819,39.0,104.4576,8.0,21.4272,0.735,1.9686
1979-01-01,27.5,73.656,22.5,60.264,2.5,6.696,41.6,111.4214,6.6,17.6774,0.263,0.7044
1979-02-01,45.9,111.0413,24.9,60.2381,8.1,19.5955,83.7,202.487,26.3,63.625,0.0,0.0
1979-03-01,74.9,200.6122,28.2,75.5309,8.8,23.5699,108.8,291.4099,51.2,137.1341,0.0,0.0
1979-04-01,48.2,124.9344,22.3,57.8016,4.2,10.8864,43.3,112.2336,13.3,34.4736,0.0,0.0
1979-05-01,28.2,75.5309,12.0,32.1408,1.7,4.5533,25.5,68.2992,6.2,16.6061,0.0,0.0
1979-06-01,14.0,36.288,8.0,20.736,1.8,4.6656,18.1,46.9152,6.1,15.8112,0.855,2.2162
1979-07-01,11.6,31.0694,6.9,18.481,1.6,4.2854,16.8,44.9971,4.8,12.8563,1.242,3.3266
1979-08-01,11.0,29.4624,7.5,20.088,1.4,3.7498,14.9,39.9082,4.8,12.8563,1.523,4.0792
1979-09-01,11.7,30.3264,10.0,25.92,0.9,2.3328,14.4,37.3248,3.9,10.1088,1.546,4.0072
1979-10-01,13.4,35.8906,12.9,34.5514,0.4,1.0714,16.1,43.1222,3.8,10.1779,1.03,2.7588
1979-11-01,12.0,31.104,11.3,29.2896,0.5,1.296,17.9,46.3968,4.0,10.368,0.313,0.8113
1979-12-01,14.3,38.3011,13.4,35.8906,0.4,1.0714,25.7,68.8349,4.6,12.3206,0.411,1.1008
1980-01-01,33.6,89.9942,42.6,114.0998,0.8,2.1427,58.6,156.9542,18.9,50.6218,0.549,1.4704
1980-02-01,32.6,81.6826,34.7,86.9443,1.1,2.7562,62.2,155.8483,9.9,24.8054,0.0,0.0
1980-03-01,35.5,95.0832,37.6,100.7078,3.7,9.9101,48.5,129.9024,19.9,53.3002,0.0,0.0
1980-04-01,29.4,76.2048,31.0,80.352,1.8,4.6656,43.4,112.4928,14.8,38.3616,0.0,0.0
1980-05-01,11.5,30.8016,12.2,32.6765,0.7,1.8749,16.4,43.9258,6.5,17.4096,0.282,0.7553
1980-06-01,7.5,19.44,7.0,18.144,1.1,2.8512,13.1,33.9552,6.2,16.0704,0.0,0.0
1980-07-01,8.2,21.9629,7.6,20.3558,1.1,2.9462,11.2,29.9981,4.1,10.9814,0.31,0.8303
1980-08-01,7.4,19.8202,5.8,15.5347,0.9,2.4106,10.1,27.0518,3.9,10.4458,0.606,1.6231
1980-09-01,9.0,23.328,6.9,17.8848,0.5,1.296,11.6,30.0672,3.9,10.1088,0.784,2.0321
1980-10-01,16.3,43.6579,14.3,38.3011,0.1,0.2678,26.3,70.4419,6.6,17.6774,0.129,0.3455
1980-11-01,18.0,46.656,16.7,43.2864,0.7,1.8144,26.3,68.1696,6.6,17.1072,0.022,0.057
1980-12-01,33.0,88.3872,32.9,88.1194,2.1,5.6246,49.3,132.0451,12.4,33.2122,0.03,0.0804
1981-01-01,30.2,80.8877,37.2,99.6365,7.7,20.6237,47.3,126.6883,15.6,41.783,0.078,0.2089
1981-02-01,74.8,180.9562,77.0,186.2784,9.5,22.9824,187.4,453.3581,65.2,157.7318,0.45,1.0886
1981-03-01,97.2,260.3405,100.9,270.2506,6.3,16.8739,232.5,622.728,69.0,184.8096,2.705,7.2451
1981-04-01,24.1,62.4672,25.6,66.3552,2.5,6.48,54.5,141.264,25.9,67.1328,0.143,0.3707
1981-05-01,14.5,38.8368,14.9,39.9082,0.7,1.8749,23.4,62.6746,8.0,21.4272,0.684,1.832
1981-06-01,10.2,26.4384,9.8,25.4016,0.9,2.3328,17.2,44.5824,6.9,17.8848,1.495,3.875
1981-07-01,8.4,22.4986,7.7,20.6237,0.8,2.1427,15.0,40.176,5.7,15.2669,1.886,5.0515
1981-08-01,10.1,27.0518,8.8,23.5699,0.6,1.607,16.7,44.7293,5.1,13.6598,1.886,5.0515
1981-09-01,10.3,26.6976,8.2,21.2544,0.2,0.5184,16.4,42.5088,5.3,13.7376,0.884,2.2913
1981-10-01,10.8,28.9267,8.9,23.8378,0.1,0.2678,20.1,53.8358,5.9,15.8026,0.319,0.8544
1981-11-01,15.9,41.2128,14.6,37.8432,0.1,0.2592,27.0,69.984,8.0,20.736,0.05,0.1296
1981-12-01,26.1,69.9062,26.3,70.4419,1.3,3.4819,47.4,126.9562,11.6,31.0694,0.066,0.1768
1982-01-01,27.9,74.7274,29.2,78.2093,2.4,6.4282,89.3,239.1811,14.6,39.1046,0.066,0.1768
1982-02-01,60.9,147.3293,63.1,152.6515,7.1,17.1763,119.4,288.8525,48.4,117.0893,0.066,0.1597
1982-03-01,37.7,100.9757,40.2,107.6717,3.0,8.0352,67.1,179.7206,22.9,61.3354,0.178,0.4768
1982-04-01,39.2,101.6064,40.8,105.7536,0.9,2.3328,43.6,113.0112,18.5,47.952,0.202,0.5236
1982-05-01,16.6,44.4614,17.0,45.5328,0.3,0.8035,22.0,58.9248,8.8,23.5699,0.581,1.5562
1982-06-01,11.0,28.512,10.5,27.216,0.8,2.0736,16.6,43.0272,6.6,17.1072,1.092,2.8305
1982-07-01,8.1,21.695,7.4,19.8202,0.8,2.1427,12.9,34.5514,5.6,14.999,1.532,4.1033
1982-08-01,8.4,22.4986,6.9,18.481,0.7,1.8749,12.6,33.7478,5.7,15.2669,1.75,4.6872
1982-09-01,11.3,29.2896,8.4,21.7728,0.8,2.0736,13.6,35.2512,5.2,13.4784,1.762,4.5671
1982-10-01,13.9,37.2298,11.2,29.9981,0.2,0.5357,20.3,54.3715,5.5,14.7312,1.561,4.181
1982-11-01,29.5,76.464,27.6,71.5392,0.3,0.7776,39.5,102.384,17.0,44.064,1.034,2.6801
1982-12-01,36.1,96.6902,35.5,95.0832,0.7,1.8749,87.8,235.1635,15.5,41.5152,0.009,0.0241
1983-01-01,55.9,149.7226,57.2,153.2045,1.9,5.089,101.9,272.929,26.9,72.049,0.09,0.2411
1983-02-01,36.4,88.0589,38.5,93.1392,1.9,4.5965,33.1,80.0755,51.9,125.5565,0.114,0.2758
1983-03-01,60.7,162.5789,63.1,169.007,3.5,9.3744,125.4,335.8714,47.0,125.8848,0.199,0.533
1983-04-01,62.0,160.704,62.9,163.0368,1.2,3.1104,106.5,276.048,39.0,101.088,0.217,0.5625
1983-05-01,23.1,61.871,23.5,62.9424,0.4,1.0714,25.2,67.4957,9.3,24.9091,0.23,0.616
1983-06-01,9.0,23.328,8.5,22.032,0.9,2.3328,17.5,45.36,5.3,13.7376,1.091,2.8279
1983-07-01,9.7,25.9805,8.9,23.8378,0.9,2.4106,16.0,42.8544,4.8,12.8563,1.511,4.0471
1983-08-01,9.6,25.7126,8.2,21.9629,0.7,1.8749,16.3,43.6579,4.5,12.0528,1.916,5.1318
1983-09-01,9.3,24.1056,7.2,18.6624,0.3,0.7776,17.2,44.5824,4.2,10.8864,2.014,5.2203
1983-10-01,11.3,30.2659,9.3,24.9091,0.1,0.2678,17.5,46.872,4.9,13.1242,1.633,4.3738
1983-11-01,14.4,37.3248,13.1,33.9552,0.1,0.2592,23.1,59.8752,5.0,12.96,0.32,0.8294
1983-12-01,21.9,58.657,22.1,59.1926,0.2,0.5357,37.6,100.7078,11.5,30.8016,0.052,0.1393
1984-01-01,29.9,80.0842,19.9,53.3002,1.1,2.9462,43.6,116.7782,13.8,36.9619,0.052,0.1393
1984-02-01,100.9,252.815,55.8,139.8125,4.6,11.5258,246.5,617.6304,62.9,157.6022,0.151,0.3783
1984-03-01,158.8,425.3299,85.1,227.9318,4.7,12.5885,177.6,475.6838,48.9,130.9738,0.239,0.6401
1984-04-01,84.7,219.5424,47.6,123.3792,1.7,4.4064,85.7,222.1344,22.6,58.5792,0.259,0.6713
1984-05-01,31.4,84.1018,20.7,55.4429,0.7,1.8749,38.9,104.1898,12.6,33.7478,0.83,2.2231
1984-06-01,14.0,36.288,11.9,30.8448,1.0,2.592,21.3,55.2096,9.3,24.1056,0.678,1.7574
1984-07-01,10.1,27.0518,9.9,26.5162,1.0,2.6784,19.7,52.7645,6.6,17.6774,0.856,2.2927
1984-08-01,10.5,28.1232,10.2,27.3197,0.8,2.1427,17.1,45.8006,5.8,15.5347,2.167,5.8041
1984-09-01,10.1,26.1792,10.0,25.92,0.4,1.0368,18.7,48.4704,5.3,13.7376,2.415,6.2597
1984-10-01,19.9,53.3002,14.9,39.9082,0.1,0.2678,21.4,57.3178,6.6,17.6774,2.167,5.8041
1984-11-01,15.6,40.4352,12.7,32.9184,0.4,1.0368,19.8,51.3216,7.6,19.6992,1.024,2.6542
1984-12-01,41.2,110.3501,25.7,68.8349,0.6,1.607,31.4,84.1018,13.6,36.4262,0.517,1.3847
1985-01-01,27.2,72.8525,18.7,50.0861,1.5,4.0176,32.0,85.7088,9.2,24.6413,0.517,1.3847
1985-02-01,68.3,165.2314,39.3,95.0746,4.1,9.9187,38.7,93.623,18.1,43.7875,0.066,0.1597
1985-03-01,136.5,365.6016,73.8,197.6659,2.4,6.4282,71.5,191.5056,39.1,104.7254,0.079,0.2116
1985-04-01,74.3,192.5856,42.4,109.9008,1.7,4.4064,60.1,155.7792,20.1,52.0992,0.11,0.2851
1985-05-01,36.9,98.833,23.5,62.9424,0.7,1.8749,29.2,78.2093,12.6,33.7478,0.264,0.7071
1985-06-01,25.4,65.8368,17.7,45.8784,1.0,2.592,18.5,47.952,8.5,22.032,1.287,3.3359
1985-07-01,18.0,48.2112,13.9,37.2298,0.9,2.4106,15.3,40.9795,6.6,17.6774,1.816,4.864
1985-08-01,18.2,48.7469,13.0,34.8192,0.8,2.1427,14.7,39.3725,5.9,15.8026,2.278,6.1014
1985-09-01,18.2,47.1744,14.1,36.5472,0.4,1.0368,17.3,44.8416,5.9,15.2928,1.38,3.577
1985-10-01,15.6,41.783,12.7,34.0157,0.1,0.2678,20.7,55.4429,6.6,17.6774,0.77,2.0624
1985-11-01,11.8,30.5856,10.8,27.9936,0.1,0.2592,20.5,53.136,5.4,13.9968,0.56,1.4515
1985-12-01,27.6,73.9238,18.8,50.3539,0.5,1.3392,23.7,63.4781,11.4,30.5338,0.331,0.8866
1986-01-01,109.5,293.2848,60.3,161.5075,4.9,13.1242,62.8,168.2035,30.2,80.8877,0.331,0.8866
1986-02-01,108.3,261.9994,59.1,142.9747,3.9,9.4349,51.4,124.3469,35.7,86.3654,0.085,0.2056
1986-03-01,134.8,361.0483,71.3,190.9699,3.1,8.303,85.0,227.664,46.9,125.617,0.103,0.2759
1986-04-01,92.1,238.7232,51.4,133.2288,1.1,2.8512,77.4,200.6208,35.3,91.4976,0.209,0.5417
1986-05-01,44.6,119.4566,27.4,73.3882,0.5,1.3392,39.2,104.9933,19.2,51.4253,0.457,1.224
1986-06-01,12.7,32.9184,12.0,31.104,0.9,2.3328,18.8,48.7296,9.2,23.8464,1.03,2.6698
1986-07-01,12.0,32.1408,10.9,29.1946,0.9,2.4106,14.6,39.1046,6.5,17.4096,0.54,1.4463
1986-08-01,12.4,33.2122,11.1,29.7302,0.8,2.1427,12.4,33.2122,5.7,15.2669,1.928,5.164
1986-09-01,12.7,32.9184,11.3,29.2896,0.4,1.0368,18.3,47.4336,5.7,14.7744,2.346,6.0808
1986-10-01,13.2,35.3549,11.5,30.8016,0.1,0.2678,17.9,47.9434,5.4,14.4634,1.603,4.2935
1986-11-01,12.7,32.9184,11.3,29.2896,0.1,0.2592,20.1,52.0992,5.8,15.0336,0.377,0.9772
1986-12-01,25.5,68.2992,17.7,47.4077,3.5,9.3744,24.2,64.8173,15.4,41.2474,0.251,0.6723
1987-01-01,68.4,183.2026,39.1,104.7254,3.1,8.303,156.8,419.9731,44.5,119.1888,0.251,0.6723
1987-02-01,114.2,276.2726,64.0,154.8288,6.2,14.999,188.8,456.745,48.9,118.2989,0.119,0.2879
1987-03-01,60.3,161.5075,35.3,94.5475,5.9,15.8026,129.9,347.9242,26.2,70.1741,0.129,0.3455
1987-04-01,21.3,55.2096,15.6,40.4352,4.4,11.4048,33.7,87.3504,10.1,26.1792,0.129,0.3344
1987-05-01,12.7,34.0157,11.3,30.2659,1.5,4.0176,17.2,46.0685,6.8,18.2131,0.129,0.3455
1987-06-01,11.1,28.7712,10.5,27.216,1.6,4.1472,13.7,35.5104,5.0,12.96,0.593,1.5371
1987-07-01,11.5,30.8016,10.6,28.391,1.4,3.7498,12.1,32.4086,5.0,13.392,1.288,3.4498
1987-08-01,11.3,30.2659,12.4,33.2122,1.1,2.9462,11.0,29.4624,5.8,15.5347,1.288,3.4498
1987-09-01,12.7,32.9184,11.2,29.0304,0.7,1.8144,15.0,38.88,5.4,13.9968,1.288,3.3385
1987-10-01,12.7,34.0157,11.2,29.9981,5.0,13.392,19.0,50.8896,5.0,13.392,1.288,3.4498
1987-11-01,19.2,49.7664,14.5,37.584,4.2,10.8864,25.6,66.3552,5.6,14.5152,0.661,1.7133
1987-12-01,25.8,69.1027,17.9,47.9434,2.2,5.8925,29.9,80.0842,10.4,27.8554,0.085,0.2277
1988-01-01,45.5,121.8672,27.8,74.4595,2.6,6.9638,43.3,115.9747,21.2,56.7821,0.085,0.2277
1988-02-01,82.5,206.712,46.5,116.5104,2.6,6.5146,187.3,469.2989,39.5,98.9712,0.096,0.2405
1988-03-01,28.1,75.263,19.0,50.8896,2.8,7.4995,61.7,165.2573,17.4,46.6042,0.109,0.2919
1988-04-01,52.1,135.0432,31.2,80.8704,2.6,6.7392,57.3,148.5216,27.5,71.28,0.415,1.0757
1988-05-01,26.5,70.9776,18.2,48.7469,1.2,3.2141,36.6,98.0294,12.7,34.0157,1.203,3.2221
1988-06-01,11.1,28.7712,10.4,26.9568,1.5,3.888,16.7,43.2864,6.3,16.3296,1.774,4.5982
1988-07-01,9.9,26.5162,9.8,26.2483,1.3,3.4819,12.1,32.4086,5.3,14.1955,2.211,5.9219
1988-08-01,8.5,22.7664,9.1,24.3734,1.1,2.9462,13.7,36.6941,4.8,12.8563,1.475,3.9506
1988-09-01,9.8,25.4016,9.8,25.4016,0.7,1.8144,17.1,44.3232,5.8,15.0336,1.461,3.7869
1988-10-01,13.6,36.4262,11.7,31.3373,0.2,0.5357,19.7,52.7645,5.5,14.7312,1.725,4.6202
1988-11-01,13.9,36.0288,11.9,30.8448,0.1,0.2592,17.0,44.064,5.2,13.4784,0.454,1.1768
1988-12-01,19.2,51.4253,14.5,38.8368,0.6,1.607,28.7,76.8701,6.3,16.8739,0.151,0.4044
1989-01-01,84.8,227.1283,47.7,127.7597,2.0,5.3568,78.3,209.7187,27.2,72.8525,0.151,0.4044
1989-02-01,113.6,274.8211,62.2,150.4742,2.9,7.0157,109.7,265.3862,57.3,138.6202,0.151,0.3653
1989-03-01,135.6,363.191,73.4,196.5946,2.7,7.2317,135.0,361.584,46.0,123.2064,0.151,0.4044
1989-04-01,68.8,178.3296,39.6,102.6432,1.0,2.592,137.5,356.4,32.9,85.2768,0.176,0.4562
1989-05-01,32.9,88.1194,21.4,57.3178,0.4,1.0714,44.5,119.1888,15.5,41.5152,0.822,2.2016
1989-06-01,25.2,65.3184,17.6,45.6192,0.9,2.3328,24.7,64.0224,10.5,27.216,2.277,5.902
1989-07-01,17.5,46.872,13.7,36.6941,0.9,2.4106,17.4,46.6042,6.8,18.2131,2.061,5.5202
1989-08-01,12.6,33.7478,11.2,29.9981,0.8,2.1427,14.8,39.6403,5.2,13.9277,2.447,6.554
1989-09-01,11.9,30.8448,10.8,27.9936,0.4,1.0368,13.7,35.5104,5.0,12.96,,
1989-10-01,21.0,56.2464,15.5,41.5152,0.5,1.3392,15.1,40.4438,5.5,14.7312,,
1989-11-01,22.6,58.5792,16.3,42.2496,1.3,3.3696,17.5,45.36,3.5,9.072,,
1989-12-01,12.1,32.4086,11.0,29.4624,0.4,1.0714,22.4,59.9962,4.0,10.7136,,
1990-01-01,40.5,108.4752,41.8,111.9571,0.5,1.3392,26.6,71.2454,10.1,27.0518,,
1990-02-01,25.4,61.4477,27.5,66.528,0.5,1.2096,30.0,72.576,7.2,17.4182,,
1990-03-01,33.4,89.4586,35.9,96.1546,0.9,2.4106,64.8,173.5603,9.3,24.9091,,
1990-04-01,14.8,38.3616,16.4,42.5088,0.1,0.2592,34.8,90.2016,5.3,13.7376,,
1990-05-01,12.2,32.6765,12.6,33.7478,0.1,0.2678,18.9,50.6218,4.3,11.5171,,
1990-06-01,12.4,32.1408,11.9,30.8448,0.5,1.296,12.1,31.3632,4.4,11.4048,,
1990-07-01,11.2,29.9981,10.5,28.1232,0.6,1.607,10.2,27.3197,3.9,10.4458,,
1990-08-01,10.1,27.0518,8.7,23.3021,0.5,1.3392,9.2,24.6413,2.9,7.7674,,
1990-09-01,8.1,20.9952,6.0,15.552,0.3,0.7776,9.4,24.3648,3.7,9.5904,,
1990-10-01,20.1,53.8358,18.2,48.7469,0.7,1.8749,29.9,80.0842,6.1,16.3382,,
1990-11-01,33.0,85.536,31.7,82.1664,2.1,5.4432,43.5,112.752,16.8,43.5456,,
1990-12-01,33.5,89.7264,33.7,90.2621,1.3,3.4819,20.1,53.8358,11.8,31.6051,,
1991-01-01,33.2,88.9229,34.5,92.4048,1.4,3.7498,41.7,111.6893,14.3,38.3011,,
1991-02-01,39.7,96.0422,41.9,101.3645,1.5,3.6288,78.1,188.9395,18.2,44.0294,,
1991-03-01,128.2,343.3709,130.7,350.0669,2.3,6.1603,120.2,321.9437,33.5,89.7264,,
1991-04-01,27.2,70.5024,28.8,74.6496,0.8,2.0736,54.5,141.264,10.6,27.4752,,
1991-05-01,18.2,48.7469,18.6,49.8182,0.2,0.5357,35.4,94.8154,8.2,21.9629,,
1991-06-01,12.0,31.104,11.5,29.808,0.7,1.8144,20.3,52.6176,5.6,14.5152,,
1991-07-01,11.0,29.4624,10.2,27.3197,0.7,1.8749,16.1,43.1222,5.2,13.9277,,
1991-08-01,10.7,28.6589,9.3,24.9091,0.6,1.607,11.0,29.4624,4.4,11.785,,
1991-09-01,11.8,30.5856,9.7,25.1424,0.2,0.5184,9.0,23.328,3.9,10.1088,,
1991-10-01,17.6,47.1398,15.6,41.783,0.1,0.2678,13.6,36.4262,4.5,12.0528,,
1991-11-01,21.5,55.728,20.2,52.3584,0.1,0.2592,15.0,38.88,6.8,17.6256,,
1991-12-01,16.6,44.4614,16.7,44.7293,0.1,0.2678,14.5,38.8368,5.3,14.1955,,
1992-01-01,21.9,58.657,23.2,62.1389,0.2,0.5357,31.7,84.9053,8.1,21.695,,
1992-02-01,13.4,33.575,15.5,38.8368,0.7,1.7539,17.6,44.0986,4.6,11.5258,,
1992-03-01,25.3,67.7635,27.8,74.4595,1.0,2.6784,66.9,179.185,14.7,39.3725,,
1992-04-01,18.2,47.1744,19.8,51.3216,0.4,1.0368,40.5,104.976,9.4,24.3648,,
1992-05-01,11.2,29.9981,11.6,31.0694,0.1,0.2678,15.0,40.176,4.1,10.9814,,
1992-06-01,10.8,27.9936,10.3,26.6976,0.5,1.296,12.3,31.8816,3.1,8.0352,,
1992-07-01,9.0,24.1056,8.2,21.9629,0.5,1.3392,11.1,29.7302,3.0,8.0352,,
1992-08-01,8.0,21.4272,6.5,17.4096,0.4,1.0714,11.3,30.2659,2.6,6.9638,,
1992-09-01,8.7,22.5504,6.5,16.848,0.1,0.2592,10.5,27.216,2.9,7.5168,,
1992-10-01,11.4,30.5338,12.5,33.48,0.1,0.2678,14.1,37.7654,4.1,10.9814,,
1992-11-01,10.4,26.9568,9.1,23.5872,0.1,0.2592,16.6,43.0272,2.6,6.7392,,
1992-12-01,9.5,25.4448,9.6,25.7126,0.1,0.2678,18.0,48.2112,3.1,8.303,,
1993-01-01,19.6,52.4966,20.9,55.9786,1.0,2.6784,26.1,69.9062,7.4,19.8202,,
1993-02-01,38.0,91.9296,40.2,97.2518,2.4,5.8061,91.1,220.3891,25.0,60.48,,
1993-03-01,28.5,76.3344,28.9,77.4058,5.0,13.392,135.0,361.584,33.0,88.3872,,
1993-04-01,30.2,78.2784,31.8,82.4256,1.9,4.9248,144.4,374.2848,19.6,50.8032,,
1993-05-01,16.3,43.6579,16.7,44.7293,0.5,1.3392,51.5,137.9376,10.9,29.1946,,
1993-06-01,12.1,31.3632,11.6,30.0672,0.8,2.0736,18.8,48.7296,6.3,16.3296,,
1993-07-01,12.1,32.4086,11.3,30.2659,0.8,2.1427,14.1,37.7654,4.7,12.5885,,
1993-08-01,11.2,29.9981,9.7,25.9805,0.6,1.607,13.6,36.4262,3.2,8.5709,,
1993-09-01,10.2,26.4384,8.1,20.9952,0.3,0.7776,13.1,33.9552,4.0,10.368,,
1993-10-01,12.6,33.7478,10.6,28.391,0.2,0.5357,15.2,40.7117,4.2,11.2493,,
1993-11-01,20.5,53.136,19.2,49.7664,0.3,0.7776,25.2,65.3184,16.1,41.7312,,
1993-12-01,23.2,62.1389,23.3,62.4067,1.0,2.6784,38.3,102.5827,26.0,69.6384,,
1994-01-01,37.4,100.1722,38.7,103.6541,3.3,8.8387,56.1,150.2582,34.1,91.3334,,
1994-02-01,66.5,160.8768,68.6,165.9571,6.6,15.9667,136.1,329.2531,46.9,113.4605,,
1994-03-01,65.6,175.703,68.1,182.399,5.2,13.9277,112.3,300.7843,33.2,88.9229,,
1994-04-01,56.5,146.448,58.0,150.336,4.4,11.4048,87.0,225.504,25.8,66.8736,,
1994-05-01,34.3,91.8691,34.7,92.9405,2.9,7.7674,33.5,89.7264,18.1,48.479,,
1994-06-01,20.7,53.6544,20.3,52.6176,2.5,6.48,21.6,55.9872,9.5,24.624,,
1994-07-01,16.9,45.265,16.1,43.1222,2.1,5.6246,19.0,50.8896,5.7,15.2669,,
1994-08-01,13.3,35.6227,11.8,31.6051,1.1,2.9462,19.2,51.4253,5.1,13.6598,,
1994-09-01,13.1,33.9552,11.0,28.512,0.8,2.0736,19.1,49.5072,4.5,11.664,,
1994-10-01,13.6,36.4262,11.7,31.3373,0.7,1.8749,20.3,54.3715,6.2,16.6061,,
1994-11-01,16.3,42.2496,15.0,38.88,0.8,2.0736,22.1,57.2832,6.6,17.1072,,
1994-12-01,15.1,40.4438,15.3,40.9795,0.9,2.4106,27.7,74.1917,5.8,15.5347,,
1995-01-01,24.2,64.8173,30.2,80.8877,5.4,14.4634,43.6,116.7782,14.3,38.3011,,
1995-02-01,16.8,40.6426,22.8,55.1578,4.5,10.8864,53.3,128.9434,12.5,30.24,,
1995-03-01,35.4,94.8154,41.4,110.8858,6.3,16.8739,78.3,209.7187,,,,
1995-04-01,29.1,75.4272,35.1,90.9792,4.0,10.368,75.4,195.4368,22.7,58.8384,,
1995-05-01,10.2,27.3197,14.7,39.3725,2.1,5.6246,45.7,122.4029,6.9,18.481,,
1995-06-01,7.8,20.2176,12.3,31.8816,1.2,3.1104,24.6,63.7632,5.0,12.96,,
1995-07-01,6.3,16.8739,10.8,28.9267,0.9,2.4106,16.2,43.3901,4.4,11.785,,
1995-08-01,5.6,14.999,10.1,27.0518,0.8,2.1427,15.0,40.176,3.9,10.4458,,
1995-09-01,6.2,16.0704,10.7,27.7344,0.8,2.0736,14.4,37.3248,3.6,9.3312,,
1995-10-01,7.2,19.2845,11.7,31.3373,1.0,2.6784,14.1,37.7654,3.6,9.6422,,
1995-11-01,11.1,28.7712,15.6,40.4352,1.4,3.6288,19.7,51.0624,,,,
1995-12-01,11.8,31.6051,17.8,47.6755,0.8,2.1427,22.5,60.264,8.8,23.5699,,
1996-01-01,25.4,68.0314,31.4,84.1018,4.1,10.9814,48.3,129.3667,23.3,62.4067,,
1996-02-01,49.0,122.7744,55.0,137.808,6.6,16.537,60.3,151.0877,54.2,135.8035,,
1996-03-01,55.9,149.7226,61.9,165.793,6.3,16.8739,74.7,200.0765,34.2,91.6013,,
1996-04-01,44.9,116.3808,50.9,131.9328,3.3,8.5536,72.8,188.6976,20.9,54.1728,,
1996-05-01,15.5,41.5152,20.0,53.568,1.1,2.9462,28.9,77.4058,10.5,28.1232,,
1996-06-01,11.1,28.7712,15.6,40.4352,0.9,2.3328,20.3,52.6176,5.2,13.4784,,
1996-07-01,8.1,21.695,12.6,33.7478,0.4,1.0714,16.5,44.1936,4.1,10.9814,,
1996-08-01,6.6,17.6774,11.1,29.7302,0.1,0.2678,15.1,40.4438,4.0,10.7136,,
1996-09-01,6.7,17.3664,11.2,29.0304,0.1,0.2592,14.7,38.1024,4.2,10.8864,,
1996-10-01,7.3,19.5523,11.8,31.6051,0.1,0.2678,14.4,38.569,4.2,11.2493,,
1996-11-01,9.5,24.624,14.0,36.288,0.3,0.7776,16.5,42.768,4.0,10.368,,
1996-12-01,11.8,31.6051,17.8,47.6755,0.4,1.0714,20.4,54.6394,6.1,16.3382,,
1997-01-01,22.0,58.9248,28.0,74.9952,1.3,3.4819,50.6,135.527,11.6,31.0694,,
1997-02-01,45.1,109.1059,51.1,123.6211,5.2,12.5798,67.4,163.0541,39.6,95.8003,,
1997-03-01,39.0,104.4576,45.0,120.528,2.1,5.6246,61.7,165.2573,18.8,50.3539,,
1997-04-01,11.2,29.0304,17.2,44.5824,0.2,0.5184,22.2,57.5424,6.1,15.8112,,
1997-05-01,9.6,25.7126,14.1,37.7654,0.2,0.5357,19.1,51.1574,4.3,11.5171,,
1997-06-01,7.2,18.6624,11.7,30.3264,0.2,0.5184,12.4,32.1408,3.5,9.072,,
1997-07-01,6.6,17.6774,11.1,29.7302,0.2,0.5357,11.2,29.9981,,,,
1997-08-01,6.7,17.9453,11.2,29.9981,0.2,0.5357,11.2,29.9981,3.2,8.5709,,
1997-09-01,10.8,27.9936,8.682,22.5036,0.2,0.5184,11.9,30.8448,3.4,8.8128,,
1997-10-01,12.6,33.7478,9.751,26.1178,0.2,0.5357,13.5,36.1584,3.4,9.1066,,
1997-11-01,15.1,39.1392,13.163,34.1192,0.4,1.0368,26.0,67.392,6.4,16.5888,,
1997-12-01,29.7,79.5485,30.282,81.1085,6.2,16.6061,59.0,158.0256,33.9,90.7978,,
1998-01-01,56.3,150.7939,59.465,159.2712,16.4,43.9258,80.8,216.4147,48.8,130.7059,,
1998-02-01,93.4,225.9533,96.298,232.9648,15.3,37.0138,101.6,245.7907,64.6,156.2803,,
1998-03-01,97.5,261.144,99.621,266.8245,12.0,32.1408,100.3,268.6435,62.5,167.4,,
1998-04-01,78.9,204.5088,79.854,206.9825,4.4,11.4048,71.8,186.1056,39.2,101.6064,,
1998-05-01,22.1,59.1926,22.302,59.733,0.6,1.607,45.8,122.6707,10.4,27.8554,,
1998-06-01,14.4,37.3248,14.1,36.5472,0.6,1.5552,29.4,76.2048,5.8,15.0336,,
1998-07-01,12.8,34.2835,12.4,33.2122,0.2,0.5357,27.2,72.8525,5.5,14.7312,,
1998-08-01,10.9,29.1946,9.699,25.9765,0.2,0.5357,23.8,63.7459,4.6,12.3206,,
1998-09-01,10.7,27.7344,8.656,22.4374,0.1,0.2592,24.3,62.9856,4.2,10.8864,,
1998-10-01,13.8,36.9619,10.713,28.6932,0.3,0.8035,27.5,73.656,,,,
1998-11-01,12.7,32.9184,9.771,25.3266,0.3,0.7776,27.3,70.7616,7.1,18.4032,,
1998-12-01,12.3,32.9443,12.181,32.6243,0.3,0.8035,20.9,55.9786,6.9,18.481,,
1999-01-01,24.5,65.6208,25.448,68.1608,1.7,4.5533,39.9,106.8682,11.4,30.5338,,
1999-02-01,76.7,185.5526,78.476,189.8501,9.6,23.2243,128.3,310.3834,57.3,138.6202,,
1999-03-01,76.9,205.969,78.722,210.849,5.0,13.392,85.9,230.0746,47.8,128.0275,,
1999-04-01,44.9,116.3808,46.995,121.8108,3.2,8.2944,65.5,169.776,27.8,72.0576,,
1999-05-01,27.6,73.9238,27.861,74.6238,1.2,3.2141,43.5,116.5104,14.0,37.4976,,
1999-06-01,19.3,50.0256,19.003,49.2556,0.2,0.5184,35.3,91.4976,7.3,18.9216,,
1999-07-01,15.9,42.5866,15.553,41.6566,0.2,0.5357,26.0,69.6384,4.8,12.8563,,
1999-08-01,12.3,32.9443,11.314,30.3043,0.2,0.5357,21.7,58.1213,3.9,10.4458,,
1999-09-01,12.0,31.104,10.349,26.824,0.2,0.5184,23.3,60.3936,4.3,11.1456,,
1999-10-01,13.8,36.9619,11.392,30.5119,0.3,0.8035,26.7,71.5133,5.4,14.4634,,
1999-11-01,12.0,31.104,9.095,23.574,0.3,0.7776,23.7,61.4304,4.6,11.9232,,
1999-12-01,18.7,50.0861,21.235,56.8761,0.0,0.0,34.6,92.6726,10.9,29.1946,,
2000-01-01,35.9,96.1546,38.894,104.1746,3.8,10.1779,42.6,114.0998,22.2,59.4605,,
2000-02-01,67.5,169.128,70.128,175.7118,4.7,11.7763,98.7,247.3027,49.2,123.2755,,
2000-03-01,87.6,234.6278,88.186,236.1978,5.3,14.1955,103.1,276.143,44.4,118.921,,
2000-04-01,58.0,150.336,57.961,150.236,3.8,9.8496,70.8,183.5136,23.7,61.4304,,
2000-05-01,27.4,73.3882,27.303,73.1282,2.4,6.4282,,,14.9,39.9082,,
2000-06-01,16.0,41.472,15.695,40.682,2.0,5.184,,,8.3,21.5136,,
2000-07-01,15.6,41.783,15.253,40.853,1.5,4.0176,22.7,60.7997,6.4,17.1418,,
2000-08-01,15.4,41.2474,14.414,38.6074,0.9,2.4106,14.2,38.0333,5.2,13.9277,,
2000-09-01,14.1,36.5472,12.132,31.4472,0.7,1.8144,12.7,32.9184,4.5,11.664,,
2000-10-01,18.5,49.5504,13.707,36.7136,0.7,1.8749,18.7,50.0861,7.5,20.088,,
2000-11-01,13.5,34.992,10.877,28.192,1.0,2.592,15.6,40.4352,6.0,15.552,,
2000-12-01,19.8,53.0323,20.543,55.0223,1.5,4.0176,33.7,90.2621,19.2,51.4253,,
2001-01-01,55.1,147.5798,57.578,154.216,6.0,16.0704,115.6,309.623,41.4,110.8858,,
2001-02-01,54.5,131.8464,56.942,137.7531,4.5,10.8864,92.2,223.0502,38.8,93.865,,
2001-03-01,84.1,225.2534,86.25,231.0113,8.4,22.4986,147.0,393.7248,97.3,260.6083,,
2001-04-01,42.7,110.6784,42.77,110.8598,3.7,9.5904,84.1,217.9872,44.6,115.6032,,
2001-05-01,16.7,44.7293,16.603,44.4693,0.8,2.1427,60.7,162.5789,14.6,39.1046,,
2001-06-01,14.0,36.288,13.675,35.4462,0.5,1.296,33.7,87.3504,8.9,23.0688,,
2001-07-01,12.2,32.6765,11.883,31.8268,0.5,1.3392,24.4,65.353,7.2,19.2845,,
2001-08-01,12.2,32.6765,11.194,29.9829,0.7,1.8749,17.4,46.6042,5.9,15.8026,,
2001-09-01,12.5,32.4,11.448,29.6722,0.7,1.8144,16.0,41.472,5.5,14.256,,
2001-10-01,12.2,32.6765,10.14,27.16,0.5,1.3392,20.7,55.4429,5.7,15.2669,,
2001-11-01,20.1,52.0992,17.345,44.957,1.7,4.4064,46.6,120.7872,11.3,29.2896,,
2001-12-01,22.1,59.1926,22.182,59.4114,2.3,6.1603,49.8,133.3843,12.3,32.9443,,
2002-01-01,20.3,54.3715,20.045,53.689,1.3,3.4819,40.1,107.4038,11.3,30.2659,,
2002-02-01,41.2,99.671,43.733,105.7981,5.9,14.2733,70.6,170.7955,30.2,73.0598,,
2002-03-01,64.7,173.2925,67.143,179.835,6.1,16.3382,98.3,263.2867,53.2,142.4909,,
2002-04-01,48.6,125.9712,48.814,126.5267,4.6,11.9232,75.2,194.9184,36.2,93.8304,,
2002-05-01,19.3,51.6931,19.213,51.4592,1.7,4.5533,30.8,82.4947,11.7,31.3373,,
2002-06-01,15.3,39.6576,14.957,38.7691,0.7,1.8144,21.0,54.432,7.4,19.1808,,
2002-07-01,14.5,38.8368,14.133,37.8532,0.4,1.0714,17.9,47.9434,5.9,15.8026,,
2002-08-01,13.9,37.2298,11.621,31.1258,0.4,1.0714,16.1,43.1222,5.0,13.392,,
2002-09-01,13.6,35.2512,10.97,28.4341,0.3,0.7776,13.7,35.5104,4.7,12.1824,,
2002-10-01,16.1,43.1222,13.245,35.4753,0.3,0.8035,21.0,56.2464,6.4,17.1418,,
2002-11-01,19.7,51.0624,18.733,48.5569,1.5,3.888,37.1,96.1632,13.2,34.2144,,
2002-12-01,25.0,66.96,28.621,76.6595,1.1,2.9462,47.4,126.9562,13.4,35.8906,,
2003-01-01,35.3,94.5475,37.771,101.1657,2.7,7.2317,52.6,140.8838,33.3,89.1907,,
2003-02-01,49.1,118.7827,51.093,123.6036,4.9,11.8541,62.5,151.2,45.6,110.3155,,
2003-03-01,58.9,157.7578,59.682,159.8512,4.8,12.8563,88.4,236.7706,80.8,216.4147,,
2003-04-01,36.7,95.1264,37.331,96.7616,2.0,5.184,51.2,132.7104,29.4,76.2048,,
2003-05-01,20.3,54.3715,20.162,54.0014,1.4,3.7498,27.3,73.1203,11.5,30.8016,,
2003-06-01,15.8,40.9536,15.515,40.2154,0.6,1.5552,17.7,45.8784,6.5,16.848,,
2003-07-01,14.1,37.7654,13.753,36.8354,0.4,1.0714,14.3,38.3011,5.3,14.1955,,
2003-08-01,13.9,37.2298,12.453,33.3533,0.3,0.8035,11.2,29.9981,5.4,14.4634,,
2003-09-01,14.3,37.0656,10.991,28.4897,0.3,0.7776,12.3,31.8816,5.7,14.7744,,
2003-10-01,13.8,36.9619,10.549,28.2548,0.3,0.8035,13.2,35.3549,5.5,14.7312,,
2003-11-01,13.9,36.0288,9.216,23.887,0.3,0.7776,15.5,40.176,4.7,12.1824,,
2003-12-01,19.8,53.0323,22.308,59.7488,0.3,0.8035,45.3,121.3315,14.4,38.569,,
2004-01-01,18.1,48.479,19.514,52.2658,0.5,1.3392,29.0,77.6736,10.6,28.391,,
2004-02-01,31.9,79.9286,34.475,86.3798,3.6,9.0202,59.1,148.081,27.2,68.1523,,
2004-03-01,27.8,74.4595,29.867,79.9963,4.1,10.9814,43.8,117.3139,19.1,51.1574,,
2004-04-01,22.4,58.0608,22.959,59.5104,3.2,8.2944,36.0,93.312,14.3,37.0656,,
2004-05-01,14.4,38.569,14.557,38.99,0.5,1.3392,17.6,47.1398,5.6,14.999,,
2004-06-01,12.1,31.3632,,,0.4,1.0368,12.8,33.1776,4.0,10.368,,
2004-07-01,11.9,31.873,,,0.4,1.0714,10.7,28.6589,3.4,9.1066,,
2004-08-01,10.7,28.6589,,,0.4,1.0714,9.9,26.5162,3.6,9.6422,,
2004-09-01,10.7,27.7344,,,0.4,1.0368,10.8,27.9936,3.6,9.3312,,
2004-10-01,13.7,36.6941,,,0.4,1.0714,21.9,58.657,5.2,13.9277,,
2004-11-01,22.4,58.0608,,,1.1,2.8512,35.3,91.4976,13.6,35.2512,,
2004-12-01,29.1,77.9414,,,2.4,6.4282,42.2,113.0285,24.5,65.6208,,
2005-01-01,33.6,89.9942,,,2.5,6.696,46.0,123.2064,27.9,74.7274,,
2005-02-01,26.5,64.1088,,,0.8,1.9354,45.5,110.0736,14.1,34.1107,,
2005-03-01,36.5,97.7616,,,2.9,7.7674,58.0,155.3472,37.3,99.9043,,
2005-04-01,31.2,80.8704,,,3.6,9.3312,43.3,112.2336,31.7,82.1664,,
2005-05-01,15.2,40.7117,,,0.7,1.8749,19.4,51.961,7.7,20.6237,,
2005-06-01,13.3,34.4736,,,0.7,1.8144,14.6,37.8432,5.4,13.9968,,
2005-07-01,11.4,30.5338,,,0.7,1.8749,12.5,33.48,4.9,13.1242,,
2005-08-01,11.4,30.5338,,,0.7,1.8749,11.4,30.5338,5.2,13.9277,,
2005-09-01,10.6,27.4752,,,0.7,1.8144,11.7,30.3264,5.6,14.5152,,
2005-10-01,10.1,27.0518,,,0.6,1.607,13.3,35.6227,5.4,14.4634,,
2005-11-01,9.6,24.8832,,,0.6,1.5552,16.9,43.8048,5.8,15.0336,,
2005-12-01,12.2,32.6765,,,0.5,1.3392,28.4,76.0666,8.8,23.5699,,
2006-01-01,17.4,46.6042,,,0.9,2.4106,35.5,95.0832,12.3,32.9443,,
2006-02-01,44.4,107.4125,,,5.8,14.0314,57.3,138.6202,37.6,90.9619,,
2006-03-01,64.6,173.0246,,,5.7,15.2669,74.5,199.5408,49.7,133.1165,,
2006-04-01,58.4,151.3728,,,4.0,10.368,77.3,200.3616,37.5,97.2,,
2006-05-01,15.8,42.3187,,,0.8,2.1427,27.8,74.4595,9.5,25.4448,,
2006-06-01,13.8,35.7696,,,0.7,1.8144,18.3,47.4336,6.3,16.3296,,
2006-07-01,12.3,32.9443,,,0.7,1.8749,12.9,34.5514,5.5,14.7312,,
2006-08-01,11.2,29.9981,,,0.6,1.607,10.9,29.1946,5.7,15.2669,,
2006-09-01,11.7,30.3264,,,0.6,1.5552,13.3,34.4736,6.2,16.0704,,
2006-10-01,11.7,31.3373,,,0.6,1.607,18.2,48.7469,6.3,16.8739,,
2006-11-01,14.4,37.3248,,,0.6,1.5552,28.9,74.9088,7.3,18.9216,,
2006-12-01,22.8,61.0675,,,2.0,5.3568,45.4,121.5994,17.1,45.8006,,
2007-01-01,47.7,127.7597,,,5.2,13.9277,60.5,162.0432,41.7,111.6893,,
2007-02-01,62.7,151.6838,,,6.2,14.999,55.5,134.2656,32.4,78.3821,,
2007-03-01,95.1,254.7158,,,8.2,21.9629,71.4,191.2378,50.1,134.1878,,
2007-04-01,73.5,190.512,,,7.4,19.1808,70.1,181.6992,49.5,128.304,,
2007-05-01,28.8,77.1379,,,2.1,5.6246,44.3,118.6531,13.0,34.8192,,
2007-06-01,15.6,40.4352,,,1.4,3.6288,19.2,49.7664,7.9,20.4768,,
2007-07-01,12.9,34.5514,,,0.9,2.4106,14.7,39.3725,5.9,15.8026,,
2007-08-01,12.4,33.2122,,,0.8,2.1427,12.8,34.2835,6.2,16.6061,,
2007-09-01,12.8,33.1776,,,0.7,1.8144,11.9,30.8448,6.6,17.1072,,
2007-10-01,15.9,42.5866,,,0.7,1.8749,16.0,42.8544,7.0,18.7488,,
2007-11-01,21.3,55.2096,,,0.6,1.5552,21.5,55.728,7.9,20.4768,,
2007-12-01,14.8,39.6403,,,0.4,1.0714,21.7,58.1213,8.4,22.4986,,
2008-01-01,49.8,133.3843,,,2.3,6.1603,53.8,144.0979,24.1,64.5494,,
2008-02-01,57.8,144.8237,,,5.4,13.5302,57.5,144.072,35.2,88.1971,,
2008-03-01,48.8,130.7059,,,5.2,13.9277,54.0,144.6336,31.4,84.1018,,
2008-04-01,32.4,83.9808,,,6.9,17.8848,52.1,135.0432,21.1,54.6912,,
2008-05-01,16.4,43.9258,,,2.7,7.2317,23.7,63.4781,7.7,20.6237,,
2008-06-01,13.7,35.5104,,,2.0,5.184,16.0,41.472,,,,
2008-07-01,11.8,31.6051,,,1.7,4.5533,13.1,35.087,5.7,15.2669,,
2008-08-01,10.8,28.9267,,,1.5,4.0176,11.7,31.3373,5.7,15.2669,,
2008-09-01,11.1,28.7712,,,1.4,3.6288,11.3,29.2896,5.3,13.7376,,
2008-10-01,11.8,31.6051,,,1.1,2.9462,17.8,47.6755,6.5,17.4096,,
2008-11-01,11.6,30.0672,,,1.3,3.3696,22.2,57.5424,6.5,16.848,,
2008-12-01,15.0,40.176,,,0.6,1.607,30.3,81.1555,8.3,22.2307,,
