date,volumen_rio_ica_achirana_mmc,volumen_sistema_choclococha_achirana_mmc,dias_con_dato_rio_ica,dias_con_dato_choclococha,dias_calendario_mes
1922-01-01,88.9246,,31,0,31
1922-02-01,181.129,,28,0,28
1922-03-01,202.7506,,31,0,31
1922-04-01,112.1567,,30,0,30
1922-05-01,17.3915,,31,0,31
1922-06-01,18.9829,,30,0,30
1922-07-01,2.2127,,31,0,31
1922-08-01,1.0135,,31,0,31
1922-09-01,0.61,,30,0,30
1922-10-01,,,0,0,31
1922-11-01,,,0,0,30
1922-12-01,23.0939,,31,0,31
1923-01-01,100.0771,,31,0,31
1923-02-01,223.6291,,28,0,28
1923-03-01,139.4263,,31,0,31
1923-04-01,65.0506,,30,0,30
1923-05-01,18.1699,,31,0,31
1923-06-01,5.0596,,30,0,30
1923-07-01,2.1652,,31,0,31
1923-08-01,0.489,,31,0,31
1923-09-01,0.1642,,30,0,30
1923-10-01,,,0,0,31
1923-11-01,,,0,0,30
1923-12-01,33.1379,,31,0,31
1924-01-01,16.9024,,31,0,31
1924-02-01,41.0478,,29,0,29
1924-03-01,147.8676,,31,0,31
1924-04-01,75.9551,,30,0,30
1924-05-01,7.7224,,31,0,31
1924-06-01,1.9837,,30,0,30
1924-07-01,2.0943,,31,0,31
1924-08-01,1.2372,,31,0,31
1924-09-01,0.6532,,30,0,30
1924-10-01,1.3841,,31,0,31
1924-11-01,0.47,,30,0,30
1924-12-01,1.5725,,31,0,31
1925-01-01,36.0305,,31,0,31
1925-02-01,131.4222,,28,0,28
1925-03-01,174.5556,,31,0,31
1925-04-01,78.9852,,30,0,30
1925-05-01,41.0426,,31,0,31
1925-06-01,28.3332,,30,0,30
1925-07-01,9.5265,,31,0,31
1925-08-01,,,0,0,31
1925-09-01,1.9647,,30,0,30
1925-10-01,,,0,0,31
1925-11-01,4.9118,,30,0,30
1925-12-01,19.9204,,31,0,31
1926-01-01,81.4052,,31,0,31
1926-02-01,87.2346,,28,0,28
1926-03-01,100.2741,,31,0,31
1926-04-01,108.3283,,30,0,30
1926-05-01,11.899,,31,0,31
1926-06-01,7.204,,30,0,30
1926-07-01,6.3625,,31,0,31
1926-08-01,4.32,,31,0,31
1926-09-01,1.4187,,30,0,30
1926-10-01,,,0,0,31
1926-11-01,,,0,0,30
1926-12-01,24.1695,,31,0,31
1927-01-01,9.3519,,31,0,31
1927-02-01,74.0051,,28,0,28
1927-03-01,153.4982,,31,0,31
1927-04-01,41.1273,,30,0,30
1927-05-01,11.4558,,31,0,31
1927-06-01,3.6841,,30,0,30
1927-07-01,0.8407,,31,0,31
1927-08-01,,,0,0,31
1927-09-01,0.5253,,30,0,30
1927-10-01,,,0,0,31
1927-11-01,,,0,0,30
1927-12-01,44.5928,,31,0,31
1928-01-01,27.6264,,31,0,31
1928-02-01,50.2632,,29,0,29
1928-03-01,122.8781,,31,0,31
1928-04-01,71.3033,,30,0,30
1928-05-01,16.0557,,31,0,31
1928-06-01,5.7681,,30,0,30
1928-07-01,2.8944,,31,0,31
1928-08-01,,,0,0,31
1928-09-01,0.6186,,30,0,30
1928-10-01,,,0,0,31
1928-11-01,,,0,0,30
1928-12-01,14.0927,,31,0,31
1929-01-01,18.7661,,31,0,31
1929-02-01,65.2208,,28,0,28
1929-03-01,172.6531,,31,0,31
1929-04-01,34.4019,,30,0,30
1929-05-01,30.7999,,31,0,31
1929-06-01,5.616,,30,0,30
1929-07-01,2.3976,,31,0,31
1929-08-01,,,0,0,31
1929-09-01,,,0,0,30
1929-10-01,,,0,0,31
1929-11-01,,,0,0,30
1929-12-01,2.0736,,31,0,31
1930-01-01,39.2463,,31,0,31
1930-02-01,105.3994,,28,0,28
1930-03-01,,,0,0,31
1930-04-01,,,0,0,30
1930-05-01,,,0,0,31
1930-06-01,,,0,0,30
1930-07-01,,,0,0,31
1930-08-01,,,0,0,31
1930-09-01,,,0,0,30
1930-10-01,,,0,0,31
1930-11-01,,,0,0,30
1930-12-01,,,0,0,31
1931-01-01,19.0788,,31,0,31
1931-02-01,15.2729,,28,0,28
1931-03-01,16.6838,,31,0,31
1931-04-01,9.2275,,30,0,30
1931-05-01,0.9513,,31,0,31
1931-06-01,,,0,0,30
1931-07-01,,,0,0,31
1931-08-01,,,0,0,31
1931-09-01,,,0,0,30
1931-10-01,,,0,0,31
1931-11-01,,,0,0,30
1931-12-01,,,0,0,31
1932-01-01,51.4944,,31,0,31
1932-02-01,150.336,,29,0,29
1932-03-01,54.7344,,31,0,31
1932-04-01,13.8931,,30,0,30
1932-05-01,1.3392,,31,0,31
1932-06-01,1.296,,30,0,30
1932-07-01,0.9547,,31,0,31
1932-08-01,0.6739,,31,0,31
1932-09-01,0.5184,,30,0,30
1932-10-01,0.5357,,31,0,31
1932-11-01,0.3067,,30,0,30
1932-12-01,5.089,,31,0,31
1933-01-01,15.336,,31,0,31
1933-02-01,62.2944,,28,0,28
1933-03-01,364.608,,31,0,31
1933-04-01,97.632,,30,0,30
1933-05-01,5.9011,,31,0,31
1933-06-01,1.4083,,30,0,30
1933-07-01,1.4256,,31,0,31
1933-08-01,1.3392,,31,0,31
1933-09-01,0.337,,30,0,30
1933-10-01,,,0,0,31
1933-11-01,,,0,0,30
1933-12-01,,,0,0,31
1934-01-01,121.6512,,31,0,31
1934-02-01,98.8416,,28,0,28
1934-03-01,260.3232,,31,0,31
1934-04-01,26.4384,,30,0,30
1934-05-01,6.9984,,31,0,31
1934-06-01,2.592,,30,0,30
1934-07-01,2.0088,,31,0,31
1934-08-01,1.3859,,31,0,31
1934-09-01,0.9072,,30,0,30
1934-10-01,0.4018,,30,0,31
1934-11-01,,,0,0,30
1934-12-01,0.2678,,31,0,31
1935-01-01,39.0096,,31,0,31
1935-02-01,71.6316,,28,0,28
1935-03-01,245.3026,,31,0,31
1935-04-01,32.6359,,30,0,30
1935-05-01,3.2789,,31,0,31
1935-06-01,,,0,0,30
1935-07-01,,,0,0,31
1935-08-01,,,0,0,31
1935-09-01,,,0,0,30
1935-10-01,,,0,0,31
1935-11-01,,,0,0,30
1935-12-01,51.0875,,31,0,31
1936-01-01,166.2172,,31,0,31
1936-02-01,40.8568,,29,0,29
1936-03-01,39.4641,,31,0,31
1936-04-01,16.5162,,30,0,30
1936-05-01,0.3888,,31,0,31
1936-06-01,,,0,0,30
1936-07-01,,,0,0,31
1936-08-01,,,0,0,31
1936-09-01,,,0,0,30
1936-10-01,,,0,0,31
1936-11-01,,,0,0,30
1936-12-01,,,0,0,31
1937-01-01,60.6969,,31,0,31
1937-02-01,52.8474,,28,0,28
1937-03-01,56.9817,,31,0,31
1937-04-01,4.8851,,30,0,30
1937-05-01,,,0,0,31
1937-06-01,,,0,0,30
1937-07-01,,,0,0,31
1937-08-01,,,0,0,31
1937-09-01,,,0,0,30
1937-10-01,,,0,0,31
1937-11-01,,,0,0,30
1937-12-01,,,0,0,31
1938-01-01,1.5803,,31,0,31
1938-02-01,135.2212,,28,0,28
1938-03-01,119.1033,,31,0,31
1938-04-01,72.824,,30,0,30
1938-05-01,,,0,0,31
1938-06-01,,,0,0,30
1938-07-01,,,0,0,31
1938-08-01,,,0,0,31
1938-09-01,,,0,0,30
1938-10-01,,,0,0,31
1938-11-01,,,0,0,30
1938-12-01,,,0,0,31
1939-01-01,40.405,,31,0,31
1939-02-01,120.9876,,28,0,28
1939-03-01,152.2238,,31,0,31
1939-04-01,42.4777,,30,0,30
1939-05-01,12.5997,,31,0,31
1939-06-01,,,0,0,30
1939-07-01,,,0,0,31
1939-08-01,,,0,0,31
1939-09-01,,,0,0,30
1939-10-01,,,0,0,31
1939-11-01,,,0,0,30
1939-12-01,7.9237,,31,0,31
1940-01-01,12.4096,,31,0,31
1940-02-01,33.5906,,29,0,29
1940-03-01,39.8555,,31,0,31
1940-04-01,,,0,0,30
1940-05-01,,,0,0,31
1940-06-01,,,0,0,30
1940-07-01,,,0,0,31
1940-08-01,,,0,0,31
1940-09-01,,,0,0,30
1940-10-01,,,0,0,31
1940-11-01,,,0,0,30
1940-12-01,,,0,0,31
1941-01-01,33.3245,,31,0,31
1941-02-01,21.6449,,28,0,28
1941-03-01,31.2414,,31,0,31
1941-04-01,,,0,0,30
1941-05-01,,,0,0,31
1941-06-01,,,0,0,30
1941-07-01,,,0,0,31
1941-08-01,,,0,0,31
1941-09-01,,,0,0,30
1941-10-01,,,0,0,31
1941-11-01,,,0,0,30
1941-12-01,,,0,0,31
1942-01-01,118.8207,,31,0,31
1942-02-01,30.793,,28,0,28
1942-03-01,31.4954,,31,0,31
1942-04-01,1.9431,,30,0,30
1942-05-01,,,0,0,31
1942-06-01,,,0,0,30
1942-07-01,,,0,0,31
1942-08-01,,,0,0,31
1942-09-01,,,0,0,30
1942-10-01,,,0,0,31
1942-11-01,,,0,0,30
1942-12-01,1.2753,,31,0,31
1943-01-01,57.5536,,31,0,31
1943-02-01,212.6952,,28,0,28
1943-03-01,96.8082,,31,0,31
1943-04-01,67.824,,30,0,30
1943-05-01,0.7344,,31,0,31
1943-06-01,,,0,0,30
1943-07-01,,,0,0,31
1943-08-01,,,0,0,31
1943-09-01,,,0,0,30
1943-10-01,,,0,0,31
1943-11-01,,,0,0,30
1943-12-01,0.432,,31,0,31
1944-01-01,22.1901,,31,0,31
1944-02-01,119.5474,,29,0,29
1944-03-01,194.9486,,31,0,31
1944-04-01,34.8659,,30,0,30
1944-05-01,,,0,0,31
1944-06-01,,,0,0,30
1944-07-01,,,0,0,31
1944-08-01,,,0,0,31
1944-09-01,,,0,0,30
1944-10-01,,,0,0,31
1944-11-01,,,0,0,30
1944-12-01,0.4821,,31,0,31
1945-01-01,34.8693,,31,0,31
1945-02-01,23.3004,,28,0,28
1945-03-01,101.8794,,31,0,31
1945-04-01,,,0,0,30
1945-05-01,,,0,0,31
1945-06-01,,,0,0,30
1945-07-01,,,0,0,31
1945-08-01,,,0,0,31
1945-09-01,,,0,0,30
1945-10-01,,,0,0,31
1945-11-01,,,0,0,30
1945-12-01,,,0,0,31
1946-01-01,42.7654,,31,0,31
1946-02-01,382.2077,,28,0,28
1946-03-01,314.8036,,31,0,31
1946-04-01,,,0,0,30
1946-05-01,,,0,0,31
1946-06-01,,,0,0,30
1946-07-01,,,0,0,31
1946-08-01,,,0,0,31
1946-09-01,,,0,0,30
1946-10-01,,,0,0,31
1946-11-01,,,0,0,30
1946-12-01,,,0,0,31
1947-01-01,30.4223,,31,0,31
1947-02-01,28.6148,,28,0,28
1947-03-01,4.0902,,31,0,31
1947-04-01,14.5256,,30,0,30
1947-05-01,,,0,0,31
1947-06-01,,,0,0,30
1947-07-01,,,0,0,31
1947-08-01,,,0,0,31
1947-09-01,,,0,0,30
1947-10-01,,,0,0,31
1947-11-01,,,0,0,30
1947-12-01,,,0,0,31
1948-01-01,25.3524,,31,0,31
1948-02-01,112.9179,,29,0,29
1948-03-01,59.7119,,31,0,31
1948-04-01,37.5157,,30,0,30
1948-05-01,24.4996,,31,0,31
1948-06-01,2.6784,,30,0,30
1948-07-01,0.7206,,31,0,31
1948-08-01,,,0,0,31
1948-09-01,,,0,0,30
1948-10-01,,,0,0,31
1948-11-01,,,0,0,30
1948-12-01,,,0,0,31
1949-01-01,32.3352,,31,0,31
1949-02-01,53.2915,,28,0,28
1949-03-01,118.1606,,31,0,31
1949-04-01,65.4221,,30,0,30
1949-05-01,1.8144,,31,0,31
1949-06-01,,,0,0,30
1949-07-01,,,0,0,31
1949-08-01,,,0,0,31
1949-09-01,,,0,0,30
1949-10-01,,,0,0,31
1949-11-01,1.7712,,30,0,30
1949-12-01,,,0,0,31
1950-01-01,8.6849,,31,0,31
1950-02-01,36.5472,,28,0,28
1950-03-01,90.1342,,31,0,31
1950-04-01,52.4431,,30,0,30
1950-05-01,2.6179,,31,0,31
1950-06-01,,,0,0,30
1950-07-01,,,0,0,31
1950-08-01,,,0,0,31
1950-09-01,,,0,0,30
1950-10-01,,,0,0,31
1950-11-01,,,0,0,30
1950-12-01,32.0077,,31,0,31
1951-01-01,100.383,,31,0,31
1951-02-01,110.9661,,28,0,28
1951-03-01,197.5018,,31,0,31
1951-04-01,28.9742,,30,0,30
1951-05-01,,,0,0,31
1951-06-01,,,0,0,30
1951-07-01,,,0,0,31
1951-08-01,,,0,0,31
1951-09-01,,,0,0,30
1951-10-01,,,0,0,31
1951-11-01,,,0,0,30
1951-12-01,15.1114,,31,0,31
1952-01-01,90.2102,,31,0,31
1952-02-01,131.5526,,29,0,29
1952-03-01,85.0522,,31,0,31
1952-04-01,29.0477,,30,0,30
1952-05-01,,,0,0,31
1952-06-01,,,0,0,30
1952-07-01,,,0,0,31
1952-08-01,,,0,0,31
1952-09-01,,,0,0,30
1952-10-01,,,0,0,31
1952-11-01,,,0,0,30
1952-12-01,,,0,0,31
1953-01-01,13.7998,,31,0,31
1953-02-01,193.6613,,28,0,28
1953-03-01,238.3137,,31,0,31
1953-04-01,33.0877,,30,0,30
1953-05-01,,,0,0,31
1953-06-01,,,0,0,30
1953-07-01,,,0,0,31
1953-08-01,,,0,0,31
1953-09-01,,,0,0,30
1953-10-01,,,0,0,31
1953-11-01,2.9428,,30,0,30
1953-12-01,,,0,0,31
1954-01-01,67.2468,,31,0,31
1954-02-01,116.8698,,28,0,28
1954-03-01,120.5712,,31,0,31
1954-04-01,13.8059,,30,0,30
1954-05-01,,,0,0,31
1954-06-01,,,0,0,30
1954-07-01,,,0,0,31
1954-08-01,,,0,0,31
1954-09-01,,,0,0,30
1954-10-01,,,0,0,31
1954-11-01,,,0,0,30
1954-12-01,,,0,0,31
1955-01-01,178.0116,,31,0,31
1955-02-01,170.8474,,28,0,28
1955-03-01,293.8257,,31,0,31
1955-04-01,,,0,0,30
1955-05-01,,,0,0,31
1955-06-01,,,0,0,30
1955-07-01,,,0,0,31
1955-08-01,,,0,0,31
1955-09-01,,,0,0,30
1955-10-01,,,0,0,31
1955-11-01,,,0,0,30
1955-12-01,,,0,0,31
1956-01-01,2.8996,,31,0,31
1956-02-01,92.251,,29,0,29
1956-03-01,40.8862,,31,0,31
1956-04-01,10.7931,,30,0,30
1956-05-01,,,0,0,31
1956-06-01,,,0,0,30
1956-07-01,,,0,0,31
1956-08-01,,,0,0,31
1956-09-01,,,0,0,30
1956-10-01,,,0,0,31
1956-11-01,,,0,0,30
1956-12-01,,,0,0,31
1957-01-01,5.7266,,31,0,31
1957-02-01,51.9307,,28,0,28
1957-03-01,128.0327,,31,0,31
1957-04-01,53.9698,,30,0,30
1957-05-01,,,0,0,31
1957-06-01,,,0,0,30
1957-07-01,,,0,0,31
1957-08-01,,,0,0,31
1957-09-01,,,0,0,30
1957-10-01,,,0,0,31
1957-11-01,,,0,0,30
1957-12-01,,,0,0,31
1958-01-01,5.0112,,31,0,31
1958-02-01,26.6916,,28,0,28
1958-03-01,40.7255,,31,0,31
1958-04-01,6.7478,,30,0,30
1958-05-01,,,0,0,31
1958-06-01,,,0,0,30
1958-07-01,,,0,0,31
1958-08-01,,,0,0,31
1958-09-01,,,0,0,30
1958-10-01,,,0,0,31
1958-11-01,,,0,0,30
1958-12-01,,,0,0,31
1959-01-01,,,0,0,31
1959-02-01,62.221,,28,0,28
1959-03-01,67.4559,,31,0,31
1959-04-01,59.2246,,30,0,30
1959-05-01,1.1318,,31,0,31
1959-06-01,,,0,0,30
1959-07-01,,,0,0,31
1959-08-01,,,0,0,31
1959-09-01,,,0,0,30
1959-10-01,,,0,0,31
1959-11-01,,,0,0,30
1959-12-01,13.354,,31,0,31
1960-01-01,19.3571,,31,0,31
1960-02-01,39.4148,,29,0,29
1960-03-01,22.7966,,31,0,31
1960-04-01,,,0,0,30
1960-05-01,,,0,0,31
1960-06-01,,,0,0,30
1960-07-01,,,0,0,31
1960-08-01,,,0,0,31
1960-09-01,,,0,0,30
1960-10-01,,,0,0,31
1960-11-01,,,0,0,30
1960-12-01,,,0,0,31
1961-01-01,37.6169,,31,0,31
1961-02-01,163.4716,,28,0,28
1961-03-01,73.8463,,31,0,31
1961-04-01,,,0,0,30
1961-05-01,,,0,0,31
1961-06-01,,,0,0,30
1961-07-01,,,0,0,31
1961-08-01,,,0,0,31
1961-09-01,,,0,0,30
1961-10-01,,,0,0,31
1961-11-01,,,0,0,30
1961-12-01,,,0,0,31
1962-01-01,67.2425,,31,0,31
1962-02-01,80.1602,,28,0,28
1962-03-01,87.0601,,31,0,31
1962-04-01,43.4324,,30,0,30
1962-05-01,,,0,0,31
1962-06-01,,,0,0,30
1962-07-01,,,0,0,31
1962-08-01,,,0,0,31
1962-09-01,250.4995,,30,0,30
1962-10-01,110.3985,,31,0,31
1962-11-01,1163.3769,,30,0,30
1962-12-01,28.2044,,31,0,31
1963-01-01,42.1443,,31,0,31
1963-02-01,65.114,,28,0,28
1963-03-01,123.3975,,31,0,31
1963-04-01,42.4673,,30,0,30
1963-05-01,2.6715,,31,0,31
1963-06-01,4.6518,,30,0,30
1963-07-01,10.8821,,31,0,31
1963-08-01,,,0,0,31
1963-09-01,,,0,0,30
1963-10-01,20.8414,,31,0,31
1963-11-01,31.3926,,30,0,30
1963-12-01,47.5753,,31,0,31
1964-01-01,31.4539,,31,0,31
1964-02-01,111.4748,,29,0,29
1964-03-01,56.63,,31,0,31
1964-04-01,12.128,,30,0,30
1964-05-01,1.2493,,31,0,31
1964-06-01,28.5872,,30,0,30
1964-07-01,17.1616,,31,0,31
1964-08-01,,,0,0,31
1964-09-01,,,0,0,30
1964-10-01,116.9199,,31,0,31
1964-11-01,162.1192,,30,0,30
1964-12-01,426.6518,,31,0,31
1965-01-01,4.9766,,31,0,31
1965-02-01,69.3473,,28,0,28
1965-03-01,34.4565,,31,0,31
1965-04-01,5.7612,,30,0,30
1965-05-01,,,0,0,31
1965-06-01,,,0,0,30
1965-07-01,,,0,0,31
1965-08-01,,,0,0,31
1965-09-01,4.8306,,30,0,30
1965-10-01,21.867,,31,0,31
1965-11-01,181.9705,,30,0,30
1965-12-01,89.4741,,31,0,31
1966-01-01,17.3881,,31,0,31
1966-02-01,34.2223,,28,0,28
1966-03-01,42.2608,,31,0,31
1966-04-01,27.9599,,30,0,30
1966-05-01,25.1977,,31,0,31
1966-06-01,32.2255,,30,0,30
1966-07-01,,,0,0,31
1966-08-01,,,0,0,31
1966-09-01,,,0,0,30
1966-10-01,3.3618,,31,0,31
1966-11-01,,,0,0,30
1966-12-01,2.6793,,31,0,31
1967-01-01,39.4875,,31,0,31
1967-02-01,176.4074,,28,0,28
1967-03-01,169.9802,,31,0,31
1967-04-01,21.8272,,30,0,30
1967-05-01,32.019,,31,0,31
1967-06-01,,,0,0,30
1967-07-01,,,0,0,31
1967-08-01,,,0,0,31
1967-09-01,,,0,0,30
1967-10-01,,,0,0,31
1967-11-01,116.697,,30,0,30
1967-12-01,25.4474,,31,0,31
1968-01-01,43.3443,,31,0,31
1968-02-01,24.8478,,29,0,29
1968-03-01,439.4848,,31,0,31
1968-04-01,28.461,,30,0,30
1968-05-01,28.0282,,31,0,31
1968-06-01,26.8937,,30,0,30
1968-07-01,,,0,0,31
1968-08-01,,,0,0,31
1968-09-01,,,0,0,30
1968-10-01,,,0,0,31
1968-11-01,,,0,0,30
1968-12-01,5.8709,,31,0,31
1969-01-01,,,0,0,31
1969-02-01,105.306,,28,0,28
1969-03-01,75.3762,,31,0,31
1969-04-01,410.4664,,29,0,30
1969-05-01,21.2566,,31,0,31
1969-06-01,14.1506,,30,0,30
1969-07-01,,,0,0,31
1969-08-01,,,0,0,31
1969-09-01,,,0,0,30
1969-10-01,,,0,0,31
1969-11-01,,,0,0,30
1969-12-01,10.8251,,31,0,31
1970-01-01,111.6168,,31,0,31
1970-02-01,28.9485,,28,0,28
1970-03-01,23.3349,,31,0,31
1970-04-01,17.1936,,30,0,30
1970-05-01,15.7144,,31,0,31
1970-06-01,23.5371,,30,0,30
1970-07-01,17.356,,31,0,31
1970-08-01,,,0,0,31
1970-09-01,,,0,0,30
1970-10-01,,,0,0,31
1970-11-01,19.8271,,30,0,30
1970-12-01,19.0521,,31,0,31
1971-01-01,80.9801,,31,0,31
1971-02-01,33.9258,,28,0,28
1971-03-01,76.1236,,31,0,31
1971-04-01,29.808,,30,0,30
1971-05-01,24.8689,,31,0,31
1971-06-01,21.5577,,30,0,30
1971-07-01,16.0479,,31,0,31
1971-08-01,,,0,0,31
1971-09-01,10.6479,,30,0,30
1971-10-01,,,0,0,31
1971-11-01,,,0,0,30
1971-12-01,3.6081,,31,0,31
1972-01-01,58.1541,,31,0,31
1972-02-01,68.3014,,29,0,29
1972-03-01,120.0684,,31,0,31
1972-04-01,29.1064,,30,0,30
1972-05-01,1.2658,,31,0,31
1972-06-01,0.4882,,30,0,30
1972-07-01,0.1607,,31,0,31
1972-08-01,,,0,0,31
1972-09-01,,,0,0,30
1972-10-01,83.4468,,31,0,31
1972-11-01,687.9082,,30,0,30
1972-12-01,16.67,,31,0,31
1973-01-01,69.1545,,30,0,31
1973-02-01,75.3831,,28,0,28
1973-03-01,144.4946,,31,0,31
1973-04-01,45.5855,,30,0,30
1973-05-01,7.7233,,31,0,31
1973-06-01,0.6394,,30,0,30
1973-07-01,11.3167,,31,0,31
1973-08-01,,,0,0,31
1973-09-01,725.221,,29,0,30
1973-10-01,26.615,,31,0,31
1973-11-01,940.3448,,30,0,30
1973-12-01,24.6758,,31,0,31
1974-01-01,60.7427,,31,0,31
1974-02-01,80.0722,,28,0,28
1974-03-01,62.6789,,31,0,31
1974-04-01,12.9859,,30,0,30
1974-05-01,1.423,,31,0,31
1974-06-01,0.2592,,30,0,30
1974-07-01,0.1339,,31,0,31
1974-08-01,,,0,0,31
1974-09-01,11.1231,,30,0,30
1974-10-01,192.2806,,31,0,31
1974-11-01,23.0818,,30,0,30
1974-12-01,1.2087,,31,0,31
1975-01-01,21.8514,,31,0,31
1975-02-01,35.8129,,28,0,28
1975-03-01,184.529,,31,0,31
1975-04-01,12.7794,,30,0,30
1975-05-01,3.8265,,30,0,31
1975-06-01,0.3853,,30,0,30
1975-07-01,,,0,0,31
1975-08-01,,,0,0,31
1975-09-01,,,0,0,30
1975-10-01,35.3239,,31,0,31
1975-11-01,23.0261,,30,0,30
1975-12-01,20.552,,31,0,31
1976-01-01,51.4624,,31,0,31
1976-02-01,103.2673,,29,0,29
1976-03-01,105.0977,,31,0,31
1976-04-01,22.0424,,30,0,30
1976-05-01,1.9544,,31,0,31
1976-06-01,,,0,0,30
1976-07-01,,,0,0,31
1976-08-01,,,0,0,31
1976-09-01,13.4317,,30,0,30
1976-10-01,242.9801,,31,0,31
1976-11-01,17.1012,,30,0,30
1976-12-01,3.9139,,31,0,31
1977-01-01,2.1781,,31,0,31
1977-02-01,131.9856,,28,0,28
1977-03-01,92.1991,,31,0,31
1977-04-01,5.8415,,30,0,30
1977-05-01,0.0734,,31,0,31
1977-06-01,,,0,0,30
1977-07-01,,,0,0,31
1977-08-01,,,0,0,31
1977-09-01,,,0,0,30
1977-10-01,27.0743,,31,0,31
1977-11-01,7.4631,,30,0,30
1977-12-01,5.255,,30,0,31
1978-01-01,11.5292,,31,0,31
1978-02-01,26.7615,,28,0,28
1978-03-01,15.8199,,31,0,31
1978-04-01,9.5688,,30,0,30
1978-05-01,0.9564,,31,0,31
1978-06-01,,,0,0,30
1978-07-01,,,0,0,31
1978-08-01,,,0,0,31
1978-09-01,,,0,0,30
1978-10-01,41.3649,,31,0,31
1978-11-01,1.6128,,30,0,30
1978-12-01,1.6515,,30,0,31
1979-01-01,0.9694,,31,0,31
1979-02-01,11.6398,,28,0,28
1979-03-01,69.2272,,31,0,31
1979-04-01,2.5998,,30,0,30
1979-05-01,,,0,0,31
1979-06-01,,,0,0,30
1979-07-01,,,0,0,31
1979-08-01,,,0,0,31
1979-09-01,,,0,0,30
1979-10-01,,,0,0,31
1979-11-01,15.4043,,30,0,30
1979-12-01,0.6262,,31,0,31
1980-01-01,11.2036,,31,0,31
1980-02-01,8.5373,,29,0,29
1980-03-01,35.1354,,31,0,31
1980-04-01,2.9402,,30,0,30
1980-05-01,,,0,0,31
1980-06-01,,,0,0,30
1980-07-01,,,0,0,31
1980-08-01,,,0,0,31
1980-09-01,,,0,0,30
1980-10-01,0.8078,,31,0,31
1980-11-01,,,0,0,30
1980-12-01,0.1322,,31,0,31
1981-01-01,6.9371,,31,0,31
1981-02-01,86.438,,28,0,28
1981-03-01,45.2089,,31,0,31
1981-04-01,44.598,,30,0,30
1981-05-01,,,0,0,31
1981-06-01,,,0,0,30
1981-07-01,,,0,0,31
1981-08-01,,,0,0,31
1981-09-01,72.7721,,30,0,30
1981-10-01,329.6088,,31,0,31
1981-11-01,17.9081,,30,0,30
1981-12-01,,,0,0,31
1982-01-01,19.237,,31,0,31
1982-02-01,132.9991,,28,0,28
1982-03-01,43.7884,,31,0,31
1982-04-01,27.1002,,30,0,30
1982-05-01,,,0,0,31
1982-06-01,,,0,0,30
1982-07-01,,,0,0,31
1982-08-01,,,0,0,31
1982-09-01,0.1184,,30,0,30
1982-10-01,1.5688,,31,0,31
1982-11-01,5.4256,,27,0,30
1982-12-01,779.9581,,1,0,31
1983-01-01,17.103,,31,0,31
1983-02-01,5.5633,,28,0,28
1983-03-01,24.0304,,31,0,31
1983-04-01,23.2589,,30,0,30
1983-05-01,0.032,,31,0,31
1983-06-01,,,0,0,30
1983-07-01,,,0,0,31
1983-08-01,,,0,0,31
1983-09-01,,,0,0,30
1983-10-01,,,0,0,31
1983-11-01,,,0,0,30
1983-12-01,4.7192,,31,0,31
1984-01-01,10.7248,,31,0,31
1984-02-01,76.2368,,29,0,29
1984-03-01,88.0944,,31,0,31
1984-04-01,30.9934,,30,0,30
1984-05-01,10.5132,,31,0,31
1984-06-01,,,0,0,30
1984-07-01,,,0,0,31
1984-08-01,,,0,0,31
1984-09-01,1.5846,,30,0,30
1984-10-01,0.3992,,31,0,31
1984-11-01,9.339,,30,0,30
1984-12-01,1791.322,,1,0,31
1985-01-01,3.5208,,31,0,31
1985-02-01,84.3852,,28,0,28
1985-03-01,44.5236,,31,0,31
1985-04-01,29.503,,30,0,30
1985-05-01,0.8562,,31,0,31
1985-06-01,0.5098,,30,0,30
1985-07-01,0.2048,,31,0,31
1985-08-01,,,0,0,31
1985-09-01,144.8248,,30,0,30
1985-10-01,19.2249,,31,0,31
1985-11-01,19.3804,,30,0,30
1985-12-01,5.3741,,31,0,31
1986-01-01,105.7018,,31,0,31
1986-02-01,117.1567,,28,0,28
1986-03-01,74.2349,,31,0,31
1986-04-01,30.856,,30,0,30
1986-05-01,3.9753,,31,0,31
1986-06-01,,,0,0,30
1986-07-01,,,0,0,31
1986-08-01,,,0,0,31
1986-09-01,11.8593,,30,0,30
1986-10-01,511.4439,,31,0,31
1986-11-01,0.2246,,30,0,30
1986-12-01,11.785,,31,0,31
1987-01-01,56.777,,31,0,31
1987-02-01,38.626,,28,0,28
1987-03-01,8.7592,,31,0,31
1987-04-01,,,0,0,30
1987-05-01,,,0,0,31
1987-06-01,,,0,0,30
1987-07-01,,,0,0,31
1987-08-01,,,0,0,31
1987-09-01,,,0,0,30
1987-10-01,,,0,0,31
1987-11-01,,,0,0,30
1987-12-01,,,0,0,31
1988-01-01,42.7844,,31,0,31
1988-02-01,65.5836,,29,0,29
1988-03-01,22.5513,,31,0,31
1988-04-01,18.9864,,30,0,30
1988-05-01,22.7802,,31,0,31
1988-06-01,0.4657,,30,0,30
1988-07-01,,,0,0,31
1988-08-01,,,0,0,31
1988-09-01,,,0,0,30
1988-10-01,,,0,0,31
1988-11-01,14.6984,,30,0,30
1988-12-01,20.736,,31,0,31
1989-01-01,45.0153,,31,0,31
1989-02-01,97.2285,,28,0,28
1989-03-01,96.457,,31,0,31
1989-04-01,40.6158,,30,0,30
1989-05-01,8.4655,,31,0,31
1989-06-01,,,0,0,30
1989-07-01,,,0,0,31
1989-08-01,,,0,0,31
1989-09-01,,,0,0,30
1989-10-01,17.7958,,31,0,31
1989-11-01,17.623,,30,0,30
1989-12-01,18.2753,,31,0,31
1990-01-01,20.2841,,31,0,31
1990-02-01,0.699,,28,0,28
1990-03-01,29.8702,,31,0,31
1990-04-01,0.0095,,30,0,30
1990-05-01,,,0,0,31
1990-06-01,,,0,0,30
1990-07-01,,,0,0,31
1990-08-01,,,0,0,31
1990-09-01,,,0,0,30
1990-10-01,3.1285,,31,0,31
1990-11-01,11.5163,,30,0,30
1990-12-01,10.0267,,31,0,31
1991-01-01,43.0341,,31,0,31
1991-02-01,24.37,,28,0,28
1991-03-01,51.9428,,31,0,31
1991-04-01,18.4896,,30,0,30
1991-05-01,9.0141,,31,0,31
1991-06-01,,,0,0,30
1991-07-01,,,0,0,31
1991-08-01,,,0,0,31
1991-09-01,,,0,0,30
1991-10-01,15.844,,31,0,31
1991-11-01,16.9569,,30,0,30
1991-12-01,28.201,,31,0,31
1992-01-01,1.0169,,31,0,31
1992-02-01,0.8536,,29,0,29
1992-03-01,1.5984,,31,0,31
1992-04-01,1.1906,,30,0,30
1992-05-01,,,0,0,31
1992-06-01,,,0,0,30
1992-07-01,,,0,0,31
1992-08-01,,,0,0,31
1992-09-01,,,0,0,30
1992-10-01,,,0,0,31
1992-11-01,61.204,,30,0,30
1992-12-01,203.5191,,30,0,31
1993-01-01,15.4932,,31,0,31
1993-02-01,33.9431,,28,0,28
1993-03-01,41.8893,,31,0,31
1993-04-01,28.6606,,30,0,30
1993-05-01,18.8844,,31,0,31
1993-06-01,2.2689,,30,0,30
1993-07-01,,,0,0,31
1993-08-01,,,0,0,31
1993-09-01,,,0,0,30
1993-10-01,,,0,0,31
1993-11-01,,,0,0,30
1993-12-01,,,0,0,31
1994-01-01,54.5227,,31,0,31
1994-02-01,174.7846,,28,0,28
1994-03-01,96.2176,,31,0,31
1994-04-01,35.0127,,30,0,30
1994-05-01,10.0025,,31,0,31
1994-06-01,0.1581,,30,0,30
1994-07-01,,,0,0,31
1994-08-01,,,0,0,31
1994-09-01,,,0,0,30
1994-10-01,,,0,0,31
1994-11-01,,,0,0,30
1994-12-01,,,0,0,31
1995-01-01,27.5509,,30,0,31
1995-02-01,16.7823,,28,0,28
1995-03-01,101.7723,,31,0,31
1995-04-01,25.634,,30,0,30
1995-05-01,14.4573,,31,0,31
1995-06-01,,,0,0,30
1995-07-01,,,0,0,31
1995-08-01,,,0,0,31
1995-09-01,,,0,0,30
1995-10-01,,,0,0,31
1995-11-01,,2.49,0,30,30
1995-12-01,,81.4234,0,1,31
1996-01-01,42.7352,,31,0,31
1996-02-01,121.2382,,29,0,29
1996-03-01,70.7365,,31,0,31
1996-04-01,40.0775,,30,0,30
1996-05-01,2.3674,,31,0,31
1996-06-01,0.1374,,30,0,30
1996-07-01,0.1339,,31,0,31
1996-08-01,0.1339,,31,0,31
1996-09-01,0.1296,,30,0,30
1996-10-01,0.1339,,31,0,31
1996-11-01,0.1296,1.722,30,30,30
1996-12-01,14.1575,6.1119,31,31,31
1997-01-01,29.3432,,31,0,31
1997-02-01,46.7217,,28,0,28
1997-03-01,36.2431,,31,0,31
1997-04-01,18.6088,,30,0,30
1997-05-01,7.3051,,31,0,31
1997-06-01,0.2592,,30,0,30
1997-07-01,0.2678,,31,0,31
1997-08-01,0.2678,,31,0,31
1997-09-01,0.438,,30,0,30
1997-10-01,0.2678,,31,0,31
1997-11-01,0.4104,6.6995,30,30,30
1997-12-01,8.4819,15.8985,31,31,31
1998-01-01,115.8538,2.8149,31,31,31
1998-02-01,57.2616,,28,0,28
1998-03-01,58.6293,,31,0,31
1998-04-01,18.1656,2.478,30,30,30
1998-05-01,1.366,15.8907,31,31,31
1998-06-01,0.972,,30,0,30
1998-07-01,0.254,,31,0,31
1998-08-01,0.2143,,31,0,31
1998-09-01,0.1814,,30,0,30
1998-10-01,0.1737,,31,0,31
1998-11-01,0.0,8.519,30,30,30
1998-12-01,2.3034,12.56,31,31,31
1999-01-01,14.9256,12.6144,31,31,31
1999-02-01,133.062,4.2889,28,28,28
1999-03-01,97.4894,,31,0,31
1999-04-01,41.8427,1.8757,30,30,30
1999-05-01,15.857,7.5799,31,31,31
1999-06-01,,,0,0,30
1999-07-01,,,0,0,31
1999-08-01,,,0,0,31
1999-09-01,0.0,,30,0,30
1999-10-01,0.0,5.8476,31,31,31
1999-11-01,0.0,18.1958,30,30,30
1999-12-01,,42.8544,0,6,31
2000-01-01,56.9998,4.2284,31,31,31
2000-02-01,75.5464,,29,0,29
2000-03-01,92.1948,,31,0,31
2000-04-01,20.5511,2.6352,30,30,30
2000-05-01,0.0,3.208,31,31,31
2000-06-01,,,0,0,30
2000-07-01,,,0,0,31
2000-08-01,,,0,0,31
2000-09-01,0.0,4.6829,30,30,30
2000-10-01,0.0,18.8309,31,31,31
2000-11-01,0.0,16.5819,30,30,30
2000-12-01,21.6544,18.0032,31,31,31
2001-01-01,105.0434,,31,0,31
2001-02-01,123.4993,,28,0,28
2001-03-01,236.7196,,31,0,31
2001-04-01,63.5196,2.2481,30,30,30
2001-05-01,0.0,18.7488,31,31,31
2001-06-01,0.0,3.6288,30,30,30
2001-07-01,,,0,0,31
2001-08-01,,,0,0,31
2001-09-01,,,0,0,30
2001-10-01,0.0,15.0699,31,31,31
2001-11-01,0.0,14.4452,30,30,30
2001-12-01,0.0,16.9223,31,31,31
2002-01-01,34.2818,,31,0,31
2002-02-01,72.3116,,28,0,28
2002-03-01,85.3356,,31,0,31
2002-04-01,51.4365,,30,0,30
2002-05-01,4.0401,,31,0,31
2002-06-01,0.4519,,30,0,30
2002-07-01,0.2756,0.4018,31,31,31
2002-08-01,,,0,0,31
2002-09-01,3.9571,7.0857,30,30,30
2002-10-01,1.4584,16.3529,31,31,31
2002-11-01,14.1229,16.4877,30,30,30
2002-12-01,19.0184,1.1837,31,31,31
2003-01-01,31.3226,,31,0,31
2003-02-01,43.035,,28,0,28
2003-03-01,73.3044,,31,0,31
2003-04-01,30.526,2.2507,30,30,30
2003-05-01,0.8381,18.7756,31,31,31
2003-06-01,1.6658,,30,0,30
2003-07-01,0.4277,,31,0,31
2003-08-01,0.337,,31,0,31
2003-09-01,0.2074,,30,0,30
2003-10-01,4.9671,,31,0,31
2003-11-01,17.623,,30,0,30
2003-12-01,28.83,,31,0,31
2004-01-01,13.0023,1.817,31,31,31
2004-02-01,7.1669,,29,0,29
2004-03-01,49.9591,,31,0,31
2004-04-01,24.726,1.9889,30,30,30
2004-05-01,0.0,15.8475,31,31,31
2004-06-01,12.4416,,30,0,30
2004-07-01,2.5583,,31,0,31
2004-08-01,0.2678,,31,0,31
2004-09-01,0.2506,,30,0,30
2004-10-01,19.3994,,31,0,31
2004-11-01,23.5068,,30,0,30
2004-12-01,19.6845,,31,0,31
2005-01-01,13.7065,10.902,31,31,31
2005-02-01,7.1669,,28,0,28
2005-03-01,43.7944,,31,0,31
2005-04-01,27.5953,2.2507,30,30,30
2005-05-01,0.0,17.6031,31,31,31
2005-06-01,10.038,,30,0,30
2005-07-01,0.5357,,31,0,31
2005-08-01,0.2678,,31,0,31
2005-09-01,0.2592,,30,0,30
2005-10-01,2.7942,,31,0,31
2005-11-01,15.6989,,30,0,30
2005-12-01,22.1184,,31,0,31
