date,caudal_yonan_m3s,volumen_yonan_mmc
1964-08-01,4.4,11.78
1964-09-01,3.5,9.07
1964-10-01,7.2,19.28
1964-11-01,21.9,56.76
1964-12-01,5.9,15.8
1965-01-01,6.4,17.14
1965-02-01,11.4,27.58
1965-03-01,121.9,326.5
1965-04-01,91.7,237.69
1965-05-01,30.9,82.76
1965-06-01,9.4,24.36
1965-07-01,5.1,13.66
1965-08-01,2.8,7.5
1965-09-01,3.5,9.07
1965-10-01,12.8,34.28
1965-11-01,23.4,60.65
1965-12-01,9.0,24.11
1966-01-01,47.1,126.15
1966-02-01,23.4,56.61
1966-03-01,28.1,75.26
1966-04-01,22.6,58.58
1966-05-01,17.9,47.94
1966-06-01,6.5,16.85
1966-07-01,3.1,8.3
1966-08-01,1.9,5.09
1966-09-01,1.4,3.63
1966-10-01,10.1,27.05
1966-11-01,9.3,24.11
1966-12-01,3.8,10.18
1967-01-01,34.1,91.33
1967-02-01,125.7,304.09
1967-03-01,111.3,298.11
1967-04-01,36.4,94.35
1967-05-01,18.3,49.01
1967-06-01,9.1,23.59
1967-07-01,5.6,15.0
1967-08-01,3.2,8.57
1967-09-01,2.1,5.44
1967-10-01,7.1,19.02
1967-11-01,4.7,12.18
1967-12-01,2.5,6.7
1968-01-01,3.0,8.04
1968-02-01,7.4,18.54
1968-03-01,24.1,64.55
1968-04-01,11.3,29.29
1968-05-01,4.7,12.59
1968-06-01,2.7,7.0
1968-07-01,1.5,4.02
1968-08-01,0.8,2.14
1968-09-01,1.7,4.41
1968-10-01,11.3,30.27
1968-11-01,6.9,17.88
1968-12-01,4.0,10.71
1969-01-01,9.1,24.37
1969-02-01,26.9,65.08
1969-03-01,48.5,129.9
1969-04-01,75.8,196.47
1969-05-01,12.7,34.02
1969-06-01,7.5,19.44
1969-07-01,2.4,6.43
1969-08-01,1.3,3.48
1969-09-01,0.8,2.07
1969-10-01,2.2,5.89
1969-11-01,9.8,25.4
1969-12-01,33.2,88.92
1970-01-01,40.7,109.01
1970-02-01,20.5,49.59
1970-03-01,39.3,105.26
1970-04-01,33.2,86.05
1970-05-01,37.9,101.51
1970-06-01,11.3,29.29
1970-07-01,4.4,11.78
1970-08-01,2.4,6.43
1970-09-01,2.9,7.52
1970-10-01,10.2,27.32
1970-11-01,20.5,53.14
1970-12-01,29.8,79.82
1971-01-01,18.4,49.28
1971-02-01,30.9,74.75
1971-03-01,148.1,396.67
1971-04-01,133.9,347.07
1971-05-01,29.7,79.55
1971-06-01,13.6,35.25
1971-07-01,7.5,20.09
1971-08-01,5.9,15.8
1971-09-01,5.0,12.96
1971-10-01,15.6,41.78
1971-11-01,15.6,40.44
1971-12-01,19.7,52.76
1972-01-01,28.9,77.41
1972-02-01,28.4,71.16
1972-03-01,137.0,366.94
1972-04-01,77.3,200.36
1972-05-01,27.3,73.12
1972-06-01,13.1,33.96
1972-07-01,6.2,16.61
1972-08-01,4.5,12.05
1972-09-01,3.7,9.59
1972-10-01,3.6,9.64
1972-11-01,4.3,11.15
1972-12-01,12.7,34.02
1973-01-01,47.2,126.42
1973-02-01,36.1,87.33
1973-03-01,86.1,230.61
1973-04-01,166.8,432.35
1973-05-01,49.4,132.31
1973-06-01,18.3,47.43
1973-07-01,10.7,28.66
1973-08-01,7.1,19.02
1973-09-01,13.5,34.99
1973-10-01,23.3,62.41
1973-11-01,29.9,77.5
1973-12-01,26.5,70.98
1974-01-01,44.5,119.19
1974-02-01,83.8,202.73
1974-03-01,75.1,201.15
1974-04-01,29.4,76.2
1974-05-01,14.4,38.57
1974-06-01,9.1,23.59
1974-07-01,4.9,13.12
1974-08-01,2.9,7.77
1974-09-01,2.9,7.52
1974-10-01,12.7,34.02
1974-11-01,7.8,20.22
1974-12-01,9.6,25.71
1975-01-01,20.2,54.1
1975-02-01,59.5,143.94
1975-03-01,129.3,346.32
1975-04-01,102.9,266.72
1975-05-01,33.8,90.53
1975-06-01,17.3,44.84
1975-07-01,9.1,24.37
1975-08-01,5.0,13.39
1975-09-01,6.6,17.11
1975-10-01,23.3,62.41
1975-11-01,17.6,45.62
1975-12-01,7.2,19.28
1976-01-01,29.6,79.28
1976-02-01,61.9,155.1
1976-03-01,85.7,229.54
1976-04-01,49.8,129.08
1976-05-01,24.4,65.35
1976-06-01,13.3,34.47
1976-07-01,4.4,11.78
1976-08-01,2.8,7.5
1976-09-01,1.8,4.67
1976-10-01,1.4,3.75
1976-11-01,1.8,4.67
1976-12-01,2.3,6.16
1977-01-01,29.7,79.55
1977-02-01,121.4,293.69
1977-03-01,73.6,197.13
1977-04-01,59.2,153.45
1977-05-01,23.0,61.6
1977-06-01,11.5,29.81
1977-07-01,4.9,13.12
1977-08-01,2.2,5.89
1977-09-01,2.3,5.96
1977-10-01,2.9,7.77
1977-11-01,6.1,15.81
1977-12-01,12.5,33.48
1978-01-01,5.9,15.8
1978-02-01,8.3,20.08
1978-03-01,10.4,27.86
1978-04-01,20.3,52.62
1978-05-01,21.4,57.32
1978-06-01,7.2,18.66
1978-07-01,2.8,7.5
1978-08-01,1.4,3.75
1978-09-01,1.3,3.37
1978-10-01,1.1,2.95
1978-11-01,3.6,9.33
1978-12-01,6.1,16.34
1979-01-01,11.3,30.27
1979-02-01,26.4,63.87
1979-03-01,123.9,331.85
1979-04-01,29.6,76.72
1979-05-01,13.2,35.35
1979-06-01,6.2,16.07
1979-07-01,2.5,6.7
1979-08-01,1.5,4.02
1979-09-01,3.1,8.04
1979-10-01,1.3,3.48
1979-11-01,0.7,1.81
1979-12-01,0.5,1.34
1980-01-01,1.0,2.68
1980-02-01,3.8,9.52
1980-03-01,8.6,23.03
1980-04-01,12.0,31.1
1980-05-01,3.3,8.84
1980-06-01,2.1,5.44
1980-07-01,0.4,1.07
1980-08-01,0.0,0.0
1980-09-01,0.0,0.0
1980-10-01,5.6,15.0
1980-11-01,15.5,40.18
1980-12-01,32.1,85.98
1981-01-01,10.6,28.39
1981-02-01,103.5,250.39
1981-03-01,97.4,260.88
1981-04-01,26.2,67.91
1981-05-01,11.6,31.07
1981-06-01,7.2,18.66
1981-07-01,3.5,9.37
1981-08-01,1.4,3.75
1981-09-01,1.4,3.63
1981-10-01,6.6,17.68
1981-11-01,15.7,40.69
1981-12-01,20.7,55.44
1982-01-01,12.8,34.28
1982-02-01,29.7,71.85
1982-03-01,20.4,54.64
1982-04-01,33.2,86.05
1982-05-01,16.9,45.26
1982-06-01,7.9,20.48
1982-07-01,3.3,8.84
1982-08-01,1.3,3.48
1982-09-01,1.4,3.63
1982-10-01,13.4,35.89
1982-11-01,17.2,44.58
1982-12-01,53.9,144.37
1983-01-01,85.4,228.74
1983-02-01,49.7,120.23
1983-03-01,174.2,466.58
1983-04-01,152.5,395.28
1983-05-01,81.4,218.02
1983-06-01,27.6,71.54
1983-07-01,12.5,33.48
1983-08-01,5.8,15.53
1983-09-01,6.1,15.81
1983-10-01,8.1,21.7
1983-11-01,6.7,17.37
1983-12-01,27.5,73.66
1984-01-01,15.8,42.32
1984-02-01,188.3,471.8
1984-03-01,173.0,463.36
1984-04-01,67.8,175.74
1984-05-01,65.4,175.17
1984-06-01,23.4,60.65
1984-07-01,13.1,35.09
1984-08-01,5.1,13.66
1984-09-01,4.4,11.4
1984-10-01,18.1,48.48
1984-11-01,8.8,22.81
1984-12-01,19.0,50.89
1985-01-01,11.0,29.46
1985-02-01,18.0,43.55
1985-03-01,23.7,63.48
1985-04-01,15.0,38.88
1985-05-01,8.7,23.3
1985-06-01,4.8,12.44
1985-07-01,2.4,6.43
1985-08-01,1.3,3.48
1985-09-01,1.6,4.15
1985-10-01,2.5,6.7
1985-11-01,1.3,3.37
1985-12-01,8.6,23.03
1986-01-01,22.9,61.34
1986-02-01,25.3,61.21
1986-03-01,20.4,54.64
1986-04-01,68.7,178.07
1986-05-01,21.1,56.51
1986-06-01,6.7,17.37
1986-07-01,2.8,7.5
1986-08-01,1.2,3.21
1986-09-01,1.1,2.85
1986-10-01,1.4,3.75
1986-11-01,7.1,18.4
1986-12-01,8.7,23.3
1987-01-01,53.3,142.76
1987-02-01,61.1,147.81
1987-03-01,29.7,79.55
1987-04-01,19.9,51.58
1987-05-01,18.8,50.35
1987-06-01,4.7,12.18
1987-07-01,2.2,5.89
1987-08-01,2.1,5.62
1987-09-01,1.7,4.41
1987-10-01,4.3,11.52
1987-11-01,7.3,18.92
1987-12-01,8.8,23.57
1988-01-01,28.2,75.53
1988-02-01,53.3,133.55
1988-03-01,29.1,77.94
1988-04-01,39.1,101.35
1988-05-01,18.4,49.28
1988-06-01,8.0,20.74
1988-07-01,2.4,6.43
1988-08-01,0.7,1.87
1988-09-01,0.7,1.81
1988-10-01,4.1,10.98
1988-11-01,14.2,36.81
1988-12-01,9.3,24.91
1989-01-01,36.6,98.03
1989-02-01,128.5,310.87
1989-03-01,110.4,295.7
1989-04-01,94.9,245.98
1989-05-01,23.9,64.01
1989-06-01,9.1,23.59
1989-07-01,4.8,12.86
1989-08-01,2.2,5.89
1989-09-01,3.6,9.33
1989-10-01,20.9,55.98
1989-11-01,13.5,34.99
1989-12-01,4.1,10.98
1990-01-01,6.0,16.07
1990-02-01,18.4,44.51
1990-03-01,15.5,41.52
1990-04-01,14.4,37.32
1990-05-01,10.5,28.12
1990-06-01,5.3,13.74
1990-07-01,2.2,5.89
1990-08-01,0.4,1.07
1990-09-01,1.1,2.85
1990-10-01,8.3,22.23
1990-11-01,16.4,42.51
1990-12-01,18.0,48.21
1991-01-01,5.7,15.27
1991-02-01,9.7,23.47
1991-03-01,50.5,135.26
1991-04-01,28.4,73.61
1991-05-01,19.4,51.96
1991-06-01,5.0,12.96
1991-07-01,1.7,4.55
1991-08-01,0.4,1.07
1991-09-01,0.4,1.04
1991-10-01,1.1,2.95
1991-11-01,2.2,5.7
1991-12-01,5.0,13.39
1992-01-01,14.6,39.1
1992-02-01,7.2,18.04
1992-03-01,20.5,54.91
1992-04-01,42.3,109.64
1992-05-01,16.9,45.26
1992-06-01,7.6,19.7
1992-07-01,1.6,4.29
1992-08-01,0.4,1.07
1992-09-01,1.2,3.11
1992-10-01,5.3,14.2
1992-11-01,6.4,16.59
1992-12-01,3.9,10.45
1993-01-01,3.8,10.18
1993-02-01,50.4,121.93
1993-03-01,166.5,445.95
1993-04-01,113.0,292.9
1993-05-01,33.7,90.26
1993-06-01,11.9,30.84
1993-07-01,4.8,12.86
1993-08-01,2.0,5.36
1993-09-01,2.7,7.0
1993-10-01,16.7,44.73
1993-11-01,35.51,92.04
1993-12-01,28.13,75.34
1994-01-01,69.88,187.17
1994-02-01,83.91,203.0
1994-03-01,119.76,320.77
1994-04-01,115.93,300.49
1994-05-01,35.81,95.91
1994-06-01,16.34,42.35
1994-07-01,15.57,41.7
1994-08-01,2.39,6.4
1994-09-01,2.32,6.01
1994-10-01,3.72,9.96
1994-11-01,6.59,17.08
1994-12-01,11.01,29.49
1995-01-01,9.1,24.37
1995-02-01,47.41,114.69
1995-03-01,43.74,117.15
1995-04-01,41.49,107.54
1995-05-01,14.43,38.65
1995-06-01,5.83,15.11
1995-07-01,3.23,8.65
1995-08-01,1.49,3.99
1995-09-01,1.33,3.45
1995-10-01,2.5,6.7
1995-11-01,13.53,35.07
1995-12-01,18.25,48.88
1996-01-01,39.14,104.83
1996-02-01,71.09,178.12
1996-03-01,116.47,311.95
1996-04-01,66.51,172.39
1996-05-01,19.0,50.89
1996-06-01,8.9,23.07
1996-07-01,3.48,9.32
1996-08-01,1.39,3.72
1996-09-01,1.72,4.46
1996-10-01,6.36,17.03
1996-11-01,5.94,15.4
1996-12-01,2.68,7.18
1997-01-01,3.42,9.16
1997-02-01,27.25,65.92
1997-03-01,19.32,51.75
1997-04-01,15.49,40.15
1997-05-01,11.27,30.19
1997-06-01,4.24,10.99
1997-07-01,1.46,3.91
1997-08-01,0.37,0.99
1997-09-01,0.45,1.17
1997-10-01,2.69,7.2
1997-11-01,16.43,42.59
1997-12-01,72.66,194.61
1998-01-01,115.33,308.9
1998-02-01,230.23,556.97
1998-03-01,321.45,860.97
1998-04-01,173.6,449.97
1998-05-01,63.34,169.65
1998-06-01,21.65,56.12
1998-07-01,10.25,27.45
1998-08-01,5.77,15.45
1998-09-01,4.36,11.3
1998-10-01,7.392,19.8
1998-11-01,11.971,31.03
1998-12-01,4.927,13.2
1999-01-01,15.361,41.14
1999-02-01,164.746,398.55
1999-03-01,109.544,293.4
1999-04-01,63.456,164.48
1999-05-01,49.776,133.32
1999-06-01,23.338,60.49
1999-07-01,14.556,38.99
1999-08-01,4.27,11.44
1999-09-01,4.75,12.31
1999-10-01,16.46,44.09
1999-11-01,9.57,24.81
1999-12-01,31.94,85.55
2000-01-01,13.24,35.46
2000-02-01,73.05,183.03
2000-03-01,163.46,437.81
2000-04-01,87.36,226.44
2000-05-01,65.07,174.28
2000-06-01,24.54,63.61
2000-07-01,9.64,25.82
2000-08-01,5.0,13.39
2000-09-01,7.31,18.95
2000-10-01,4.41,11.81
2000-11-01,2.04,5.29
2000-12-01,20.39,54.61
2001-01-01,88.94,238.22
2001-02-01,82.72,200.12
2001-03-01,237.64,636.49
2001-04-01,128.52,333.12
2001-05-01,40.48,108.42
2001-06-01,21.83,56.58
2001-07-01,10.03,26.86
2001-08-01,2.73,7.31
2001-09-01,2.47,6.4
2001-10-01,5.52,14.78
2001-11-01,21.14,54.79
2001-12-01,23.97,64.2
2002-01-01,16.77,44.92
2002-02-01,40.64,98.32
2002-03-01,154.26,413.17
2002-04-01,130.02,337.01
2002-05-01,29.41,78.77
2002-06-01,16.22,42.04
2002-07-01,5.49,14.7
2002-08-01,1.37,3.67
2002-09-01,1.21,3.14
2002-10-01,8.71,23.33
2002-11-01,26.89,69.7
2002-12-01,52.36,140.24
2003-01-01,32.96,88.28
2003-02-01,49.54,119.85
2003-03-01,50.81,136.09
2003-04-01,48.01,124.44
2003-05-01,22.05,59.06
2003-06-01,10.83,28.07
2003-07-01,3.98,10.66
