date,precipitacion_cabanaconde_mm,precipitacion_tisco_mm,precipitacion_huambo_mm,precipitacion_madrigal_mm,precipitacion_chivay_mm,precipitacion_sibayo_mm,precipitacion_chuquibamba_mm,precipitacion_condoroma_mm,precipitacion_crucero_mm,precipitacion_imata_mm,precipitacion_angostura_mm,precipitacion_frayle_mm,precipitacion_pane_mm,precipitacion_caylloma_mm,precipitacion_yanque_mm,precipitacion_calera_mm,precipitacion_sumbay_mm,precipitacion_visuyo_mm,precipitacion_huanca_mm,precipitacion_aplao_mm,precipitacion_pampademajes_mm,precipitacion_porpera_mm,precipitacion_pampadearrieros_mm
1963-08-01,0.0,1.5,0.01,0.0,0.48,1.87,0.0,0.5,1.58,0.7,0.53,0.06,5.9,0.8,0.0,2.0,0.23,7.0,0.0,0.05133333333333333,0.23,1.35,0.01
1963-09-01,4.0,46.35,2.0,1.66,14.74,36.99,0.0,12.17,30.12,11.1,43.68,10.15,20.5,18.0,7.5,0.4,4.63,11.5,0.01,0.10090909090909086,0.34,5.78,0.02
1963-10-01,0.0,41.5,0.04,0.14,0.01,0.48,0.0,40.68,24.35,10.6,56.65,0.0,38.3,43.5,7.75,8.0,0.0,23.0,0.0,0.08155555555555555,0.0,10.11,0.0
1963-11-01,0.0,41.1,7.6,14.7,0.0,0.33,0.0,70.12,125.0,17.31,54.17,0.0,67.1,45.2,4.0,55.0,17.9,54.5,1.61,0.05244444444444444,0.01,34.6,3.2
1963-12-01,9.5,131.8,12.9,22.6,43.81,60.7,1.19,192.66,210.61,159.12,169.54,15.6,193.3,137.4,27.5,88.0,52.1,100.0,0.93,0.0,0.0,128.2,4.8
1964-01-01,31.0,86.1,39.9,35.1,37.91,60.7,0.0,144.92,102.9,88.1,162.12,37.4,74.5,98.1,44.0,51.0,52.2,72.0,38.0,0.0,0.2,44.2,8.5
1964-02-01,42.6,72.9,28.9,53.8,48.93,91.8,1.2,78.17,102.8,144.0,113.31,21.2,158.7,131.9,27.3,164.0,19.34,135.0,64.0,0.0,0.0,41.9,30.2
1964-03-01,67.6,114.4,112.3,60.1,62.71,103.3,32.4,109.99,97.89,113.4,105.64,16.6,115.0,111.8,32.1,7.4,50.8,87.5,36.0,7.4,4.51,83.6,26.2
1964-04-01,8.0,42.9,27.6,0.0,14.86,27.1,9.0,42.85,30.72,29.2,45.6,25.6,70.6,48.2,48.4,13.0,14.86,48.5,5.0,0.0,0.2,59.2,8.0
1964-05-01,0.0,22.0,0.0,0.0,5.32,30.8,0.0,17.56,13.65,40.0,12.01,4.5,37.1,26.5,15.5,5.0,0.54,58.0,0.0,0.0,0.0,10.1,0.0
1964-06-01,0.0,0.0,0.0,0.0,0.0,0.0,0.0,0.0,0.0,0.0,0.39,0.0,0.0,0.0,0.0,0.0,0.01,0.0,0.0,0.0,0.0,0.0,0.0
1964-07-01,0.0,0.0,0.0,0.0,0.0,0.0,0.0,0.0,0.0,0.0,0.07,0.0,0.0,0.0,0.0,5.0,0.0,0.0,0.0,0.0,0.0,0.0,0.0
1964-08-01,0.0,6.1,9.1,0.0,2.33,3.8,0.0,4.37,2.43,6.8,3.96,0.9,0.2,3.7,0.7,1.3,0.97,7.5,0.0,0.0,0.0,2.89,0.23
1964-09-01,0.0,4.4,0.0,0.0,0.0,0.7,0.0,4.54,24.9,0.2,8.27,0.0,2.3,1.2,0.0,16.3,0.0,2.5,0.0,0.0,0.0,5.89,0.0
1964-10-01,4.0,17.9,3.4,7.8,14.0,5.8,2.1,15.75,16.39,4.8,24.24,8.7,7.1,20.3,8.2,15.1,7.67,10.0,0.0,0.0,0.0,19.47,5.4
1964-11-01,26.2,59.7,43.1,22.6,49.9,38.3,9.3,56.69,24.9,15.5,55.19,35.4,63.5,70.8,16.5,4.8,40.8,18.5,0.0,0.0,0.0,141.35,24.8
1964-12-01,97.5,57.61,113.0,58.3,75.5,95.4,58.6,54.95,67.82,50.6,77.15,75.1,100.4,97.2,46.6,80.4,56.1,91.5,28.0,2.1,0.41,49.58,62.4
1965-01-01,35.8,75.0,23.1,28.2,34.8,50.7,15.77,38.85,59.84,26.81,114.0,20.4,56.8,72.8,14.0,52.0,60.21,55.0,38.0,0.6,0.2,51.74,38.3
1965-02-01,130.8,161.1,80.2,68.1,107.4,154.5,25.37,102.47,132.6,99.7,164.14,50.0,158.3,176.0,115.8,108.7,77.82,149.0,14.4,0.0,0.7,91.67,30.3
1965-03-01,7.5,89.9,37.7,36.4,31.0,81.4,1.23,70.65,99.2,89.4,103.85,30.9,86.1,114.8,58.3,99.1,54.13,79.9,0.0,0.0,0.01,77.07,0.0
1965-04-01,0.0,42.5,17.2,6.8,0.0,14.3,0.0,33.91,35.7,13.1,27.41,11.8,49.0,25.0,12.5,5.8,33.7,29.0,0.0,0.0,0.0,27.54,0.0
1965-05-01,0.0,0.3,0.0,0.0,0.0,0.3,0.0,2.06,1.8,0.6,0.87,0.0,2.7,2.2,0.0,34.5,0.5,1.0,0.0,0.0,0.03,1.54,0.0
1965-06-01,0.0,0.0,0.0,0.0,0.0,0.0,0.0,0.02,0.0,0.0,0.01,0.0,1.2,1.0,0.0,0.0,0.0,0.0,0.0,0.0,0.01,0.05,0.0
1965-07-01,0.0,9.2,0.0,0.0,2.6,1.8,0.0,0.47,4.7,4.1,2.73,0.0,5.6,6.3,7.0,0.0,0.5,7.5,0.0,0.0,0.0,8.14,0.0
1965-08-01,0.0,0.0,0.0,0.0,0.0,0.0,0.8,0.0,0.0,0.0,0.0,0.0,0.0,0.0,0.5,0.0,0.0,0.0,4.0,0.0,0.21,0.06,10.3
1965-09-01,1.3,24.0,24.7,6.4,10.6,31.3,20.8,5.91,10.9,0.0,12.92,3.9,16.6,21.5,14.2,1.6,2.83,34.0,3.0,2.2,2.26,8.53,21.0
1965-10-01,0.0,22.0,0.0,0.0,1.7,14.8,0.0,18.75,6.9,8.11,22.37,0.8,26.0,15.3,4.7,29.23,0.65,12.0,0.0,0.0,0.0,12.25,0.0
1965-11-01,0.0,10.4,0.0,0.17,1.6,9.6,0.0,19.91,23.0,0.01,20.98,1.0,27.8,22.3,0.0,72.11,2.37,5.5,0.0,0.0,0.0,27.6,0.0
1965-12-01,0.0,151.7,4.0,2.63,40.6,104.2,1.8,153.51,132.1,80.73,157.74,32.1,201.6,136.6,35.3,53.8,26.57,109.5,0.0,1.7,0.2,43.5,0.0
1966-01-01,8.5,110.3,7.0,46.0,14.1,59.3,0.0,108.7,62.2,59.31,140.92,4.6,92.4,100.4,26.0,123.9,51.8,79.5,0.0,0.0,0.0,70.9,7.0
1966-02-01,52.8,184.9,67.3,93.7,73.7,150.3,0.0,125.69,97.6,112.4,193.78,81.0,168.7,134.1,89.2,157.01,28.2,145.5,22.64,0.0,0.31,133.1,38.2
1966-03-01,52.5,64.6,42.0,40.8,60.5,52.2,4.5,55.64,81.9,101.1,78.73,34.0,88.4,80.4,49.6,143.21,27.8,67.5,0.0,0.0,1.01,52.7,6.0
1966-04-01,0.0,10.6,0.0,9.3,0.7,3.5,1.4,17.01,8.8,9.3,23.28,0.01,11.4,8.1,0.0,60.22,4.47,5.0,0.0,0.0,0.2,8.0,0.0
1966-05-01,35.0,45.1,19.83,25.21,33.1,44.6,9.3,12.04,68.0,42.1,7.45,26.42,35.0,33.1,30.0,7.94,0.0,39.5,17.5,1.7,0.5,24.4,20.9
1966-06-01,0.0,0.0,0.0,0.0,0.0,0.0,0.0,0.0,0.5,0.0,0.05,0.0,0.0,0.0,0.0,0.01,0.0,0.0,0.0,0.0,0.68,0.0,0.0
1966-07-01,0.0,0.0,0.0,0.0,0.0,0.0,0.0,0.02,0.0,0.0,0.05,0.0,0.0,0.0,0.0,1.09,0.0,0.0,0.0,0.0,0.0,0.0,0.0
1966-08-01,0.0,4.5,0.0,0.0,0.0,0.0,0.0,6.56,0.0,1.5,2.71,0.0,0.0,2.66,0.0,0.97,0.01,0.0,0.0,0.0,0.2,6.3,0.0
1966-09-01,0.0,0.0,0.0,0.0,0.07,0.0,0.0,0.58,1.2,1.5,0.37,0.0,5.3,4.2,0.0,29.69,0.01,5.0,0.0,0.0,0.0,1.0,0.0
1966-10-01,7.5,43.3,5.4,10.3,39.15,32.3,21.3,36.47,68.81,54.1,44.18,6.1,34.8,39.5,35.2,25.44,36.81,61.0,15.0,2.2,0.2,32.2,17.8
1966-11-01,0.0,79.7,6.0,23.6,26.03,64.3,0.0,67.48,95.0,46.7,86.01,14.01,68.8,124.5,23.0,8.34,11.1,79.5,7.1,0.3,0.01,108.6,10.6
1966-12-01,0.0,55.01,0.0,14.5,22.05,88.6,0.0,70.07,68.8,68.2,97.31,23.01,74.9,76.4,9.0,46.27,15.55,69.5,3.0,0.0,0.01,43.26,3.7
1967-01-01,107.8,103.8,108.8,88.4,115.64,108.5,55.8,98.88,79.1,93.2,167.94,38.12,69.6,98.2,98.5,187.71,56.0,119.5,83.7,11.22,1.82,128.3,50.3
1967-02-01,186.4,161.0,173.35,181.3,148.01,131.6,79.69,99.71,132.5,128.2,160.04,106.8,128.3,156.4,150.6,97.94,160.15,178.5,42.63,0.08,0.63,78.1,133.6
1967-03-01,245.6,220.2,167.55,185.3,81.65,177.8,80.6,229.99,126.6,121.4,211.46,87.8,180.6,230.8,77.36,161.47,96.63,173.5,50.786,2.42,0.03,191.8,91.1
1967-04-01,20.9,64.5,39.4,21.4,20.0,48.5,0.0,92.72,33.9,76.2,85.0,29.3,39.5,42.5,27.5,0.05,46.2,72.5,0.0,0.01,0.02,53.8,7.5
1967-05-01,0.0,13.1,1.3,17.4,7.84,6.3,0.05,15.43,2.0,5.5,11.17,2.3,7.4,20.6,7.7,25.14,0.08,29.5,0.0,0.0,0.0,0.5,0.0
1967-06-01,0.0,0.6,0.0,0.0,0.0,0.0,0.0,0.47,0.0,1.2,1.73,0.0,1.8,0.5,0.0,8.34,0.0,0.0,0.0,0.0,0.27,0.3,0.0
1967-07-01,0.0,8.2,1.2,7.2,2.81,15.3,0.0,2.77,8.5,8.5,1.3,2.8,6.6,18.4,1.5,5.27,0.07,18.5,0.0,0.0,0.0,5.7,0.0
1967-08-01,0.0,9.4,0.0,0.0,1.21,3.7,0.0,3.14,2.8,0.2,1.47,0.0,11.2,0.74,2.7,7.75,0.03,10.0,0.0,0.0,0.0,2.7,0.0
1967-09-01,25.5,41.8,6.2,18.5,19.6,21.9,0.01,33.0,81.0,39.9,28.19,18.3,30.7,33.6,9.4,7.68,25.44,64.0,0.0,0.01,0.0,38.8,2.5
1967-10-01,0.0,23.6,2.92,7.2,20.21,14.2,0.0,44.34,24.8,21.1,33.12,0.0,18.7,18.1,13.5,50.68,2.13,43.0,0.0,0.0,0.0,19.7,3.1
1967-11-01,0.0,12.72,2.62,10.6,12.5,20.2,0.0,41.48,30.4,11.91,22.12,2.0,9.8,9.8,9.3,38.22,8.9,23.0,0.0,0.0,0.0,13.1,3.5
1967-12-01,20.5,90.51,17.66,14.6,36.4,69.4,1.3,73.81,113.3,74.7,76.34,35.8,94.7,68.8,34.5,73.37,25.8,50.0,21.6,0.0,2.08,82.4,8.0
1968-01-01,187.9,266.0,101.14,143.3,132.61,211.0,88.4,237.37,376.8,176.7,240.72,116.3,171.2,263.3,120.4,109.18,158.12,201.0,118.14,1.44,3.13,250.8,113.0
1968-02-01,120.3,119.61,88.6,104.6,53.0,72.0,77.42,79.94,138.1,88.4,164.4,78.03,112.8,157.3,42.1,130.27,38.7,74.5,8.53,0.81,0.66,97.31,48.5
1968-03-01,210.5,180.7,170.94,329.4,125.8,177.1,21.94,138.47,232.1,142.2,175.56,87.74,124.7,150.8,111.3,63.02,100.45,164.5,12.88,0.24,0.98,145.8,80.5
1968-04-01,0.0,31.61,1.05,0.0,1.0,6.7,0.4,32.47,0.0,9.6,28.98,5.9,24.5,21.0,1.3,36.5,0.0,8.5,0.0,0.0,0.86,59.9,0.0
1968-05-01,17.0,4.03,6.32,0.0,14.9,13.2,0.0,7.99,0.0,6.6,5.36,1.71,5.9,21.5,14.4,0.0,0.01,19.0,0.0,0.0,0.0,1.2,0.0
1968-06-01,0.0,5.11,0.07,0.0,2.6,5.6,3.4,3.07,0.0,2.1,2.47,3.82,2.4,7.0,3.9,1.22,0.04,11.0,0.0,0.01,0.1,2.5,0.0
1968-07-01,0.0,5.5,0.05,0.0,3.2,4.5,0.0,0.97,8.5,3.9,2.26,0.3,5.6,8.0,3.6,4.66,0.01,10.0,0.0,0.0,0.0,12.1,0.0
1968-08-01,0.0,5.81,0.1,0.0,0.01,1.3,0.0,0.72,0.0,0.0,0.61,0.0,4.1,6.8,0.0,4.0,0.0,9.5,0.0,0.0,0.0,5.1,0.0
1968-09-01,0.0,20.02,0.05,0.0,5.51,6.0,0.0,18.98,2.8,2.5,26.59,2.3,24.2,23.5,10.0,31.7,0.0,14.0,0.0,0.01,0.12,17.6,0.0
1968-10-01,23.0,52.9,8.33,14.3,23.2,50.7,0.0,56.46,27.5,46.2,38.5,14.01,52.0,85.9,22.5,42.1,0.04,69.0,3.3,0.01,0.08,57.5,0.0
1968-11-01,38.5,84.64,30.4,122.53,18.21,51.0,14.2,114.44,63.4,107.6,96.0,43.42,78.9,90.5,28.4,74.4,41.91,48.5,6.2,0.02,0.01,109.39,10.3
1968-12-01,15.8,34.7,18.57,44.42,42.4,52.8,8.5,53.14,57.22,57.8,69.25,12.7,85.6,76.4,36.2,100.4,18.51,42.5,0.2,0.01,0.1,52.38,2.9
1969-01-01,62.7,150.04,30.75,78.82,46.7,89.4,27.2,124.52,177.12,108.9,159.79,59.01,150.0,110.0,47.8,164.5,30.14,65.0,13.7,1.31,0.9,171.83,18.8
1969-02-01,44.6,113.02,46.26,61.33,110.9,134.5,8.1,117.17,68.8,89.3,149.39,112.31,83.3,165.5,64.7,118.6,104.11,177.0,29.42,0.31,0.7,174.0,46.0
1969-03-01,77.85,52.45,52.07,57.81,102.0,94.7,55.2,51.07,72.02,70.0,71.36,62.91,71.2,98.3,56.9,124.8,44.25,89.0,21.63,0.03,0.31,164.91,30.0
1969-04-01,0.0,0.0,14.1,8.32,23.81,27.7,0.0,10.23,19.12,17.4,11.62,10.21,39.9,47.1,16.2,14.7,0.03,100.5,0.2,0.02,0.05,108.5,7.3
1969-05-01,0.0,0.0,0.0,0.0,0.0,0.0,0.01,1.01,0.01,0.2,0.38,0.0,0.0,0.0,0.0,19.2,0.0,0.0,0.0,0.0,0.02,27.52,0.0
1969-06-01,0.0,0.0,0.0,0.0,0.4,0.0,0.0,0.14,0.01,2.3,0.04,0.0,0.6,3.1,1.2,0.0,0.0,1.0,0.0,0.0,2.96,41.24,0.0
1969-07-01,0.0,0.0,0.0,0.01,0.0,1.6,0.0,0.1,3.11,2.4,0.1,0.0,0.8,2.9,2.6,2.2,0.0,6.0,0.0,0.0,0.0,4.61,0.0
1969-08-01,0.0,0.0,0.0,0.2,0.5,5.5,0.0,0.18,0.0,1.7,0.16,0.2,2.3,2.9,1.0,6.32,0.04,2.5,0.0,0.0,0.0,59.1,0.0
1969-09-01,0.0,0.0,2.9,1.31,5.1,16.7,0.0,1.42,16.11,9.6,1.31,1.31,13.8,10.3,3.0,11.4,0.0,16.0,0.0,0.0,0.0,82.62,0.0
1969-10-01,0.0,4.0,0.0,0.0,0.31,21.3,0.0,18.16,9.73,5.4,14.82,1.2,12.1,28.4,2.0,16.1,0.0,10.5,0.0,0.0,0.0,19.2,0.0
1969-11-01,25.54,60.8,23.64,33.61,42.82,42.2,0.0,81.64,68.21,50.9,50.57,22.41,64.9,89.2,28.5,8.38,17.21,42.0,0.9,0.0,0.0,91.61,4.7
1969-12-01,44.85,97.7,66.45,55.3,73.3,82.6,28.43,90.6,89.2,88.5,152.43,52.22,105.7,119.2,67.0,42.79,47.1,109.5,14.0,1.52,2.91,242.41,32.6
1970-01-01,147.22,139.56,50.1,93.73,119.8,144.5,105.34,152.59,130.5,141.6,206.8,106.91,183.7,208.8,131.8,97.18,116.4,209.0,27.53,7.53,0.0,251.2,45.3
1970-02-01,86.0,150.53,96.5,95.9,81.9,131.9,40.85,84.11,105.5,87.3,214.1,73.22,171.4,216.4,76.9,152.47,76.93,190.01,24.81,2.8,1.91,151.4,34.9
1970-03-01,81.51,138.51,69.34,105.62,109.0,138.6,14.82,122.89,170.0,130.1,168.8,84.8,130.8,164.1,150.9,77.61,114.05,140.05,0.34,0.01,0.3,151.9,38.3
1970-04-01,1.21,22.35,26.1,4.21,8.1,11.2,2.0,28.21,15.2,9.6,27.3,1.35,27.0,31.1,1.3,29.62,0.0,15.58,0.0,0.0,0.0,25.7,0.0
1970-05-01,1.61,9.54,4.91,6.6,14.8,25.2,0.01,18.37,13.1,22.6,13.2,0.7,12.0,10.5,8.7,2.64,0.03,22.5,0.0,0.01,0.14,17.1,0.0
1970-06-01,0.0,0.01,0.0,0.0,0.0,0.0,0.0,0.0,0.01,0.0,0.0,0.0,1.5,0.01,0.0,0.04,0.0,0.0,0.0,0.0,0.0,1.9,0.0
1970-07-01,0.0,1.01,0.02,0.0,0.0,0.0,0.0,0.49,0.9,0.3,2.1,0.0,0.0,5.0,1.2,0.02,0.0,11.0,0.0,0.0,0.0,0.85,0.0
1970-08-01,0.0,1.1,0.01,0.0,0.0,0.0,0.0,1.01,0.0,0.0,0.0,0.0,1.7,2.0,0.0,2.55,0.0,4.0,0.0,0.0,0.0,8.62,0.0
1970-09-01,0.02,35.61,0.26,0.01,11.71,24.6,0.02,5.69,3.42,4.7,36.1,0.0,23.3,34.93,3.9,0.03,0.07,24.55,0.0,0.0,0.0,68.31,0.0
1970-10-01,11.71,5.1,6.55,13.11,19.7,28.3,13.3,12.71,13.9,6.1,35.61,2.7,26.2,29.61,17.2,7.95,5.7,41.42,0.4,0.0,0.01,53.7,6.9
1970-11-01,12.21,4.71,0.04,5.1,3.31,3.11,0.0,14.94,14.31,0.9,20.0,0.84,9.1,23.4,5.6,11.82,0.01,15.62,0.0,0.0,0.02,26.91,0.0
1970-12-01,18.07,146.82,16.6,34.01,51.3,84.4,0.0,138.61,59.94,53.4,208.9,27.3,136.3,144.42,48.8,109.98,18.33,102.02,5.71,0.0,0.3,236.73,14.3
1971-01-01,101.87,139.95,63.4,104.13,104.42,143.91,59.32,198.43,62.01,135.0,156.6,79.1,131.4,119.22,120.6,185.97,96.22,124.12,26.75,3.1,1.2,172.96,77.1
1971-02-01,114.12,183.52,62.82,106.41,77.0,110.52,17.22,128.05,97.4,154.1,293.8,64.4,206.3,250.1,102.3,64.15,75.51,147.41,9.94,0.0,0.0,272.41,40.5
1971-03-01,46.42,101.24,62.4,32.43,45.8,88.71,0.01,75.39,87.0,100.6,104.7,49.9,135.0,100.12,93.7,213.2,59.95,176.91,0.01,0.0,0.01,203.84,10.7
1971-04-01,18.0,30.1,10.1,28.4,20.1,30.12,4.0,26.05,0.4,15.6,24.2,13.7,39.6,23.84,52.0,48.92,11.92,23.43,0.0,0.0,2.7,30.31,0.0
1971-05-01,0.0,2.6,0.03,0.0,0.0,0.91,0.0,3.6,0.0,1.0,8.0,0.0,3.6,3.61,0.0,1.94,0.0,11.51,0.0,0.0,3.8,2.5,0.0
1971-06-01,0.01,0.91,0.03,0.0,0.0,0.0,0.0,1.76,0.0,1.2,0.01,0.0,2.4,0.02,0.0,0.01,0.0,0.01,0.0,0.0,0.9,0.51,0.0
1971-07-01,0.0,0.0,0.0,0.0,0.0,0.0,0.0,0.02,0.0,0.0,0.0,0.0,0.0,0.0,0.0,0.63,0.0,0.01,0.0,0.0,0.0,0.0,0.0
1971-08-01,0.0,0.0,0.03,0.0,1.7,1.5,0.0,0.0,0.0,1.2,0.02,0.0,4.3,1.01,0.0,0.1,0.0,3.2,0.0,0.01,0.6,0.0,0.0
1971-09-01,0.0,0.01,0.0,0.0,0.0,0.0,0.0,0.93,2.1,0.0,0.03,0.0,0.62,0.02,0.0,30.31,0.0,7.0,0.0,0.0,0.12,0.0,0.0
1971-10-01,5.6,5.01,4.1,5.6,4.5,17.01,0.01,6.73,5.5,4.1,9.9,0.0,3.9,3.32,15.4,35.61,0.0,22.02,0.0,0.0,0.0,14.4,0.0
1971-11-01,0.3,2.2,0.03,0.0,4.5,14.7,0.01,6.73,14.0,11.5,16.0,7.3,23.9,14.9,2.9,29.35,5.8,19.2,0.0,0.0,0.5,14.72,0.0
1971-12-01,103.1,132.62,43.82,60.23,60.4,101.2,22.1,131.79,121.33,91.9,137.2,55.1,157.01,134.01,66.4,96.82,58.32,95.61,4.11,4.7,7.9,120.04,34.7
1972-01-01,174.4,362.11,186.91,184.02,145.0,239.2,152.8,256.02,158.85,188.3,251.8,119.2,261.6,229.21,192.3,246.43,187.02,294.92,48.46,1.8,0.7,378.31,111.9
1972-02-01,160.6,188.7,165.1,138.34,121.8,107.5,115.61,129.85,75.37,186.3,129.3,117.1,86.7,128.21,126.2,107.42,233.1,183.5,102.62,2.32,1.84,76.43,154.4
1972-03-01,239.01,235.43,162.9,160.46,166.4,220.5,101.6,225.47,159.34,156.8,200.6,117.3,200.0,186.61,172.0,136.9,165.63,239.31,73.55,2.8,0.83,124.03,99.2
1972-04-01,6.6,32.63,0.0,24.52,21.3,36.61,0.0,47.51,31.72,17.9,59.3,5.7,44.8,58.82,18.0,76.72,7.5,56.2,0.0,0.0,1.61,9.82,0.0
1972-05-01,0.0,0.06,0.03,0.0,0.0,0.8,0.0,5.66,0.0,1.1,3.3,0.0,1.5,4.71,0.0,5.5,0.0,0.01,0.0,0.0,0.0,0.5,0.0
1972-06-01,0.0,0.0,0.0,5.0,0.0,0.7,0.0,0.1,0.0,1.2,0.0,0.0,0.01,1.31,1.2,0.4,0.0,0.01,0.0,0.0,0.27,0.0,0.0
1972-07-01,0.0,2.3,0.0,0.0,1.0,0.0,0.0,10.56,0.81,0.6,1.0,0.0,0.4,0.6,3.4,2.0,0.0,0.0,0.0,0.0,0.01,0.01,0.0
1972-08-01,0.0,0.05,0.05,0.0,0.0,0.0,0.0,0.0,0.02,0.0,0.01,0.0,2.2,0.72,0.0,2.5,0.0,0.0,0.0,0.0,2.0,4.6,0.0
1972-09-01,8.44,55.06,7.74,5.45,29.2,41.4,0.05,20.89,51.85,41.5,37.5,9.2,25.51,42.61,25.9,25.22,0.07,43.51,0.0,0.0,1.71,32.02,0.0
1972-10-01,29.7,32.91,35.7,16.03,37.5,30.7,14.4,43.16,19.93,30.5,37.61,12.1,29.2,53.1,53.3,13.41,0.04,67.9,18.1,1.41,0.72,16.63,14.8
1972-11-01,0.0,32.11,0.0,4.41,1.7,16.33,0.0,44.0,24.6,8.3,27.31,0.0,44.3,31.9,14.4,38.12,0.0,44.91,0.0,0.0,0.0,27.8,0.0
1972-12-01,41.41,90.13,52.73,37.4,57.4,57.42,10.6,105.24,94.11,81.0,72.21,60.5,57.11,95.41,66.2,36.02,88.31,77.21,13.4,0.02,1.54,16.1,20.1
1973-01-01,147.1,297.71,58.25,87.82,156.4,190.34,15.0,281.52,330.5,245.1,262.9,145.7,260.4,273.11,150.9,175.51,147.1,297.02,133.37,0.01,9.21,149.02,59.6
1973-02-01,141.9,190.21,110.61,67.01,103.0,134.51,127.54,161.48,209.2,190.6,192.3,77.4,241.8,173.33,130.2,135.3,114.22,172.01,17.16,12.2,45.11,87.71,85.0
1973-03-01,133.1,159.2,137.28,77.4,120.4,149.51,67.52,134.57,135.5,144.8,170.3,67.1,161.4,160.11,101.4,72.7,85.4,156.31,35.73,1.02,2.3,125.93,57.0
1973-04-01,119.2,81.1,7.44,51.11,67.8,68.01,2.31,54.02,64.6,31.4,105.41,20.8,112.6,107.51,56.5,79.21,64.6,87.7,0.7,0.01,0.01,35.42,0.0
1973-05-01,0.0,15.9,0.03,2.11,0.8,1.41,0.0,11.86,0.0,11.1,6.54,0.0,10.6,12.41,13.1,2.5,0.0,7.72,0.0,0.0,0.2,15.61,0.0
1973-06-01,0.0,0.0,0.0,0.0,0.0,0.6,0.0,0.0,0.0,0.0,1.7,0.0,0.2,0.71,0.0,5.61,0.0,0.51,0.0,0.0,0.1,1.1,0.0
1973-07-01,0.0,8.2,0.05,0.0,3.2,4.7,0.0,1.65,5.2,4.3,3.6,0.5,4.4,4.11,3.2,0.8,0.09,2.51,0.0,0.0,0.0,10.5,0.0
1973-08-01,32.0,10.2,16.36,7.0,12.2,8.0,0.0,14.16,11.2,7.8,4.32,4.0,6.4,3.53,10.2,192.1,17.38,6.9,3.3,0.01,3.0,16.11,4.3
1973-09-01,21.3,31.05,21.07,22.82,31.1,37.52,0.0,17.43,31.0,41.1,26.74,24.0,38.0,21.51,30.4,2.7,26.51,27.81,6.8,0.32,0.0,33.41,17.5
1973-10-01,0.0,7.63,0.0,0.01,0.0,5.72,0.0,31.8,9.12,9.1,6.93,1.2,9.7,19.3,6.2,4.45,0.03,13.41,0.0,0.0,0.0,13.21,0.0
1973-11-01,4.9,60.56,0.05,6.9,10.7,30.0,0.0,83.74,5.8,27.5,65.92,13.3,38.8,72.31,18.1,2.2,5.43,64.82,0.0,0.0,0.0,31.82,0.0
1973-12-01,12.9,53.82,4.36,12.81,16.7,69.51,0.0,41.79,43.62,24.5,123.6,1.4,79.4,112.91,36.9,53.9,20.92,109.41,0.0,0.0,0.55,43.13,3.4
1974-01-01,179.3,290.13,172.73,159.72,180.0,223.4,16.91,298.78,264.31,342.8,214.5,156.2,265.44,274.7,216.21,127.4,252.41,313.0,68.05,0.03,4.0,163.42,119.2
1974-02-01,160.4,172.87,122.17,87.61,117.3,132.02,31.04,129.39,169.81,203.7,242.6,70.6,183.34,220.01,125.92,121.9,61.6,169.22,58.22,0.01,0.5,114.22,82.1
1974-03-01,47.7,44.7,44.1,20.71,21.9,38.21,34.91,16.09,97.63,68.5,80.11,20.1,83.43,65.0,42.7,132.2,59.4,75.8,3.66,0.0,0.0,44.94,21.9
1974-04-01,26.0,80.64,14.37,24.71,44.0,56.6,0.0,50.44,85.9,52.2,42.11,20.6,71.08,45.55,63.94,29.9,90.0,101.0,11.11,0.0,0.0,59.61,13.2
1974-05-01,0.0,1.51,0.43,0.0,0.0,0.0,0.0,0.48,0.0,0.0,5.4,0.0,0.74,1.2,0.0,20.82,0.0,3.3,0.0,0.0,0.0,1.8,0.0
1974-06-01,5.7,14.42,7.51,12.1,10.0,16.0,0.0,11.68,19.71,24.8,7.4,2.7,0.05,12.91,16.41,3.3,3.6,9.7,0.0,0.0,0.0,10.1,0.0
1974-07-01,0.0,0.0,0.03,0.0,0.0,0.0,0.0,0.44,1.8,0.8,0.4,0.0,0.14,3.51,3.2,0.0,0.0,0.3,0.0,0.0,0.0,0.51,0.0
1974-08-01,66.1,111.1,46.36,55.82,56.4,70.9,16.11,76.62,77.0,56.6,60.21,51.4,6.03,49.21,114.21,10.5,72.4,79.42,35.8,2.02,0.8,104.33,53.6
1974-09-01,0.0,9.33,1.63,0.0,6.2,0.71,0.0,8.41,1.36,1.4,4.55,0.6,6.83,3.71,19.92,5.22,0.0,7.6,0.01,0.0,0.0,15.21,0.0
1974-10-01,0.0,4.3,0.06,0.0,0.0,0.0,0.0,4.66,5.0,0.0,2.63,0.0,7.93,5.72,0.0,11.91,0.0,7.31,0.0,0.0,0.0,6.82,0.0
1974-11-01,0.0,7.45,0.03,0.01,0.0,9.8,0.0,12.58,0.0,5.1,24.0,0.9,17.86,17.3,0.02,4.6,2.5,12.31,0.0,0.0,0.0,23.72,0.0
1974-12-01,31.3,50.22,17.73,33.31,38.3,49.2,2.1,71.52,25.6,60.0,46.52,23.9,77.39,73.21,81.7,73.2,42.3,105.5,1.11,0.01,0.0,30.04,15.2
1975-01-01,97.0,146.61,78.1,88.42,89.9,132.7,40.31,161.87,148.8,161.8,190.31,88.1,215.16,189.3,118.9,151.63,133.8,133.2,16.31,0.01,0.7,130.41,34.3
1975-02-01,190.2,246.71,131.8,154.23,135.8,182.1,114.51,202.67,156.0,180.6,226.2,125.6,185.66,211.42,121.4,137.22,192.4,215.21,52.42,2.21,0.3,172.7,110.4
1975-03-01,137.3,122.42,81.7,106.53,110.8,118.9,57.1,101.34,115.7,92.5,151.7,97.5,115.8,150.8,90.7,150.1,359.4,167.5,50.31,0.0,1.2,136.84,95.9
1975-04-01,6.5,30.2,7.3,5.22,24.8,25.6,2.81,23.83,27.8,21.8,29.81,0.0,46.67,28.61,16.53,10.61,0.0,21.5,2.82,0.02,0.0,22.21,29.2
1975-05-01,4.5,20.8,11.5,4.91,14.7,18.6,0.5,15.8,8.4,11.7,28.02,1.16,18.19,34.5,11.1,16.21,0.0,30.91,0.5,0.0,0.0,15.84,0.0
1975-06-01,0.0,3.2,0.8,0.0,1.6,1.7,0.0,2.94,0.0,1.1,3.74,1.25,0.37,2.82,0.0,1.82,0.0,7.31,0.02,0.0,0.0,0.32,0.0
1975-07-01,0.0,0.01,0.0,0.0,0.0,0.0,0.0,0.02,0.0,0.0,0.02,0.0,0.0,0.01,0.0,21.64,0.0,0.0,0.0,0.0,0.0,0.0,0.0
1975-08-01,0.0,1.01,0.0,0.0,0.0,0.0,0.0,0.11,0.0,0.0,1.13,0.0,0.1,2.0,0.0,6.35,0.0,1.8,0.0,0.0,0.0,0.56,0.0
1975-09-01,0.0,8.01,0.1,0.0,0.0,0.0,0.0,10.77,16.9,1.0,15.81,0.0,17.06,12.91,0.4,55.92,0.0,2.21,0.0,0.0,0.0,3.25,0.0
1975-10-01,0.0,48.3,0.0,2.61,6.4,26.02,0.0,36.92,16.5,18.3,59.03,8.3,21.74,58.8,5.52,6.22,3.3,28.6,0.01,0.0,0.0,30.09,0.0
1975-11-01,0.0,1.41,0.0,0.0,0.0,2.2,0.0,6.57,7.0,7.6,12.72,0.0,30.91,11.01,0.0,4.93,0.0,4.9,0.0,0.0,0.0,0.0,0.0
1975-12-01,82.1,131.4,29.9,80.41,132.4,152.6,5.71,192.66,217.8,157.3,195.44,106.9,222.95,159.52,96.1,85.6,111.9,106.06,11.12,0.02,0.0,104.6,57.7
1976-01-01,213.1,153.02,138.3,155.51,195.5,170.41,188.9,203.06,178.9,137.8,185.81,117.1,251.85,182.3,168.4,50.02,115.3,152.75,11.1,8.81,2.2,88.31,99.5
1976-02-01,130.9,107.7,97.3,58.03,81.9,102.2,109.4,79.29,72.7,76.9,193.12,89.2,130.29,184.61,78.4,193.3,151.72,171.43,49.82,0.01,0.0,63.21,81.8
1976-03-01,114.7,166.73,71.0,73.51,103.2,92.2,20.2,187.59,83.6,111.5,158.02,59.3,141.41,166.51,124.7,140.01,165.02,125.33,27.73,1.3,1.5,86.72,62.6
1976-04-01,0.0,41.64,11.6,3.4,13.3,23.9,16.4,35.9,12.1,20.4,33.52,6.1,35.79,31.71,9.91,6.07,0.0,25.92,0.0,0.0,0.0,17.8,0.0
1976-05-01,0.0,9.3,0.0,2.01,4.3,8.7,0.0,9.71,0.0,9.9,7.81,2.8,3.14,12.32,2.9,4.1,0.0,6.64,0.0,0.0,0.0,13.3,0.0
1976-06-01,0.0,7.5,0.0,0.0,0.0,0.03,0.0,3.55,0.0,0.9,8.53,0.4,1.21,5.1,0.0,0.0,0.0,0.18,0.0,0.0,0.0,3.0,0.0
1976-07-01,2.4,4.56,2.9,2.91,10.3,4.6,0.0,73.02,15.0,9.5,2.94,3.61,3.99,2.22,7.9,2.72,12.4,14.91,0.02,1.4,0.0,6.0,0.0
1976-08-01,0.0,2.31,0.0,2.52,11.1,10.3,0.0,5.99,16.6,18.7,8.34,2.9,30.85,10.8,9.21,0.0,13.3,42.37,0.01,0.0,0.0,7.5,0.0
1976-09-01,43.5,58.9,33.9,39.62,43.9,68.61,11.4,63.98,53.7,73.7,56.63,30.41,39.1,51.4,54.0,8.21,33.5,23.66,17.31,0.02,0.0,26.1,36.2
1976-10-01,0.0,0.5,0.0,0.0,0.0,0.0,0.0,8.77,3.0,0.1,3.93,0.0,10.01,2.8,0.0,35.44,0.0,9.78,0.0,0.0,0.0,3.0,0.0
1976-11-01,0.0,0.6,0.0,0.0,0.0,0.0,0.0,2.54,6.3,0.0,1.05,0.0,15.81,0.8,0.0,66.51,0.0,6.08,0.0,0.0,0.0,0.5,0.0
1976-12-01,27.5,71.92,29.5,34.21,38.2,59.4,0.0,86.26,63.0,77.1,58.15,23.7,105.09,58.44,48.41,36.03,36.41,105.91,3.1,0.0,0.0,34.7,0.0
1977-01-01,37.2,67.01,27.6,46.1,33.6,55.9,15.4,70.21,48.9,54.1,56.71,66.7,38.27,53.8,33.2,160.1,50.11,70.16,36.1,0.0,0.0,53.21,39.1
1977-02-01,194.9,239.22,90.7,151.11,165.6,179.9,162.1,169.05,166.6,173.7,277.6,94.3,176.76,272.43,135.0,34.01,157.4,176.1,69.1,1.81,1.8,112.0,50.3
1977-03-01,71.9,118.81,44.2,113.52,67.7,129.92,20.6,95.64,233.9,132.7,144.54,105.9,166.52,145.03,47.51,61.45,119.31,188.57,27.3,0.0,0.0,62.02,49.2
1977-04-01,0.0,7.12,0.0,0.0,2.1,0.5,0.0,7.76,2.0,0.8,4.14,1.5,28.03,11.82,2.1,59.7,0.0,7.64,0.0,0.0,0.0,4.5,0.0
1977-05-01,0.0,4.11,0.0,0.0,0.0,0.0,0.0,1.36,0.0,1.3,3.72,0.0,1.32,8.2,0.0,0.0,0.0,13.16,0.0,0.0,0.0,1.0,0.0
1977-06-01,0.0,0.0,0.0,0.0,0.0,0.0,0.0,0.02,0.0,0.0,0.0,0.0,0.18,0.0,0.0,5.2,0.0,0.0,0.0,0.0,0.0,0.0,0.0
1977-07-01,0.0,2.33,0.0,0.0,0.0,2.3,0.0,5.15,10.2,1.9,2.03,0.01,0.6,1.11,0.02,2.5,0.0,13.0,0.0,0.0,0.0,3.2,0.0
1977-08-01,0.0,0.0,0.0,0.0,0.0,0.0,0.0,0.24,34.5,0.0,0.0,0.0,4.19,0.0,0.0,0.02,0.0,12.8,0.0,0.0,0.0,0.0,0.0
1977-09-01,1.1,11.7,0.0,0.01,4.5,12.4,2.0,18.6,0.0,5.2,26.14,6.4,6.65,33.5,0.0,5.3,15.61,9.01,1.01,0.01,0.0,7.8,0.0
1977-10-01,6.4,16.23,5.6,12.62,23.1,39.5,1.9,28.32,72.1,8.9,34.32,14.3,27.37,27.7,15.1,14.02,35.7,36.97,0.0,0.0,0.0,14.4,0.0
1977-11-01,12.2,110.22,12.5,47.61,48.5,78.71,0.0,54.7,80.6,93.9,110.45,51.0,80.14,117.24,59.9,43.83,47.31,55.49,6.8,0.0,0.0,49.8,9.0
1977-12-01,16.8,50.81,9.3,28.6,39.8,53.8,3.5,25.3,99.7,70.2,94.53,48.4,108.6,83.11,41.7,84.34,46.13,85.39,1.61,0.02,0.0,29.61,12.9
1978-01-01,93.9,317.6,86.7,115.71,94.8,142.6,30.3,235.8,152.2,244.9,331.4,135.6,264.95,282.8,94.71,68.42,70.7,265.11,9.92,0.3,0.0,140.2,39.6
1978-02-01,14.9,24.11,6.2,4.0,12.0,15.7,21.2,39.2,7.9,36.8,58.11,11.5,39.15,53.5,6.1,22.2,29.8,173.84,0.0,0.0,0.0,20.6,0.0
1978-03-01,39.7,78.7,14.7,26.91,34.3,54.12,7.1,45.9,69.0,85.1,70.22,37.8,93.99,54.6,31.1,104.6,33.3,104.52,16.01,0.32,0.0,32.9,28.0
1978-04-01,10.2,68.92,1.3,30.51,42.4,63.4,0.0,46.7,0.0,50.5,41.81,29.8,29.21,45.91,46.6,33.0,42.4,17.57,1.6,0.0,0.0,22.7,0.0
1978-05-01,0.0,0.03,0.0,0.0,0.0,0.0,0.0,0.0,0.0,0.0,1.43,0.0,0.17,0.61,0.0,5.6,0.0,3.64,0.0,0.0,0.0,1.0,0.0
1978-06-01,0.0,4.0,0.0,0.0,0.0,0.0,0.0,2.8,0.0,0.7,1.6,0.0,2.45,5.92,0.11,0.5,0.0,1.18,0.0,0.0,0.0,3.0,0.0
1978-07-01,7.7,0.0,2.3,0.6,4.1,0.04,0.0,0.0,0.0,0.0,0.02,2.5,0.0,0.3,20.5,0.8,3.6,0.11,0.0,0.0,0.0,0.0,4.4
1978-08-01,0.0,1.0,0.0,0.0,0.0,0.0,0.0,0.0,0.0,0.0,0.07,0.0,0.01,1.34,0.0,3.73,0.0,0.08,0.0,0.0,0.0,0.0,0.0
1978-09-01,0.0,2.3,0.0,0.0,0.0,0.0,0.0,6.4,26.9,0.0,8.03,0.0,7.1,14.5,0.0,20.82,0.0,5.94,0.0,0.0,0.0,4.51,0.0
1978-10-01,0.0,26.94,0.0,0.91,17.6,14.91,2.4,25.0,27.9,16.7,38.74,4.7,25.04,51.51,16.6,15.27,12.2,24.95,0.0,0.0,0.0,8.9,0.0
1978-11-01,30.5,78.6,20.3,2.11,9.0,66.52,12.2,94.6,68.6,77.8,102.85,71.8,81.08,119.42,36.41,14.05,66.02,52.05,27.2,0.0,0.0,69.8,22.8
1978-12-01,4.6,60.01,2.7,9.0,14.9,50.91,0.0,93.4,44.4,76.52,102.84,19.5,89.71,86.8,16.9,64.82,58.5,79.28,0.0,0.0,0.0,58.4,0.0
1979-01-01,35.3,127.43,23.4,21.51,45.9,103.2,12.3,151.2,116.2,85.2,130.03,20.2,73.33,127.85,58.12,104.49,24.5,83.76,2.42,0.0,0.0,75.91,15.1
1979-02-01,15.4,88.03,26.8,16.3,18.4,35.91,2.82,71.91,51.9,44.3,71.43,17.6,159.65,151.43,17.93,104.21,0.0,175.57,3.12,0.0,0.0,40.31,14.8
1979-03-01,122.8,123.3,85.4,104.03,92.2,126.8,52.7,165.3,123.1,100.92,141.43,90.1,147.05,107.67,128.81,132.94,209.5,142.17,27.21,0.0,0.0,85.7,61.1
1979-04-01,0.0,16.52,0.0,0.0,3.0,4.62,0.0,22.1,9.7,5.3,25.14,0.0,29.12,13.95,6.8,35.82,0.0,18.71,0.01,0.0,0.0,13.7,0.0
1979-05-01,0.0,0.0,0.0,0.0,0.0,0.0,0.0,0.6,0.0,0.0,1.21,0.0,0.41,0.4,0.0,11.37,0.0,1.0,0.0,0.0,0.0,2.0,0.0
1979-06-01,0.0,0.0,0.0,0.0,0.0,0.0,0.0,0.0,0.0,0.0,0.0,0.0,0.17,0.42,0.0,0.01,0.0,0.01,0.0,0.0,0.0,0.0,0.0
1979-07-01,0.0,2.5,0.0,0.0,1.5,0.8,0.0,1.5,3.4,0.5,2.92,0.0,0.37,3.5,7.11,0.59,0.0,4.78,0.0,0.0,0.0,1.5,0.0
1979-08-01,0.0,2.51,0.0,0.0,0.0,0.41,0.0,1.4,16.0,1.6,2.7,0.0,5.38,0.83,0.0,2.61,0.0,19.42,0.0,0.0,0.0,0.0,0.0
1979-09-01,0.0,0.0,0.0,0.0,0.0,0.0,0.0,0.6,0.0,0.0,0.22,0.0,0.12,2.89,0.2,5.34,0.0,5.68,0.0,0.0,0.0,0.0,0.0
1979-10-01,34.4,59.21,21.6,23.72,17.6,38.8,10.7,29.4,52.8,21.9,48.82,4.2,51.21,36.36,20.2,14.06,22.41,45.94,7.9,0.0,0.0,21.7,5.0
1979-11-01,3.4,71.2,0.0,6.72,38.8,60.2,0.0,52.3,60.8,59.6,73.23,34.3,73.26,79.82,21.8,12.85,27.6,34.5,5.11,0.0,0.0,28.4,5.8
1979-12-01,35.6,93.71,18.6,35.51,43.9,78.2,1.8,113.6,71.9,115.0,119.03,31.0,89.78,93.01,21.71,79.4,60.4,105.19,0.03,0.0,0.0,65.9,17.6
1980-01-01,26.0,72.5,26.8,33.41,27.01,50.3,23.2,63.1,22.72,49.1,106.01,14.4,22.27,72.27,15.4,121.0,23.1,52.29,12.61,0.0,0.0,27.6,15.6
1980-02-01,39.0,43.1,23.6,28.3,55.5,49.91,13.41,51.0,33.3,62.7,50.51,25.3,77.89,159.95,44.41,97.5,7.3,145.08,0.41,0.01,0.8,31.01,18.5
1980-03-01,102.5,183.6,39.4,95.81,67.9,130.4,14.6,134.5,129.5,118.01,213.86,50.0,143.71,146.19,112.8,119.33,71.7,132.29,14.81,0.0,0.0,78.7,46.5
1980-04-01,0.0,2.22,0.0,2.3,0.0,8.51,0.0,10.3,0.5,7.6,25.65,3.0,24.62,8.36,2.6,28.28,0.0,9.26,7.0,0.01,0.0,12.2,0.0
1980-05-01,0.0,0.0,1.6,1.1,0.0,0.02,0.0,3.6,0.72,0.3,2.22,1.1,4.22,3.13,0.2,12.37,0.8,10.26,0.0,0.0,0.0,0.01,0.0
1980-06-01,0.0,0.0,0.0,0.0,0.0,0.0,0.0,0.1,0.03,0.0,0.02,0.0,0.09,0.13,0.0,0.29,0.0,0.0,0.0,0.0,0.0,0.0,0.0
1980-07-01,0.0,13.5,0.0,0.0,0.0,10.7,0.0,10.3,11.31,6.5,0.6,1.0,5.59,5.6,3.81,1.52,4.1,12.86,0.2,0.0,0.0,4.6,0.0
1980-08-01,0.0,25.9,0.0,0.0,0.0,8.0,0.0,5.21,2.03,3.9,3.44,0.0,15.57,1.86,2.1,1.12,0.0,17.58,0.0,0.0,0.0,8.0,0.0
1980-09-01,2.4,28.1,0.6,21.1,26.0,30.5,0.0,42.9,22.85,11.1,34.23,3.4,8.97,21.43,28.6,6.99,6.6,16.21,0.0,0.0,0.0,18.5,0.0
1980-10-01,6.52,94.1,16.8,50.81,65.7,69.52,0.0,70.6,83.51,93.5,123.71,51.7,41.91,88.21,55.5,10.39,69.0,114.96,2.52,0.0,0.0,36.1,10.5
1980-11-01,5.41,2.1,4.3,4.51,2.4,2.3,0.0,5.1,9.66,6.8,28.02,0.0,40.08,37.72,4.2,10.18,0.0,23.5,0.01,0.0,0.0,0.3,0.0
1980-12-01,21.7,30.2,7.9,27.71,34.0,40.3,17.5,26.4,30.11,26.7,87.51,18.9,82.09,79.22,21.0,51.47,39.2,78.35,10.01,0.3,0.02,19.01,21.6
1981-01-01,72.4,208.2,48.7,111.2,109.4,177.8,31.0,169.4,224.21,196.0,251.33,90.4,264.96,230.55,96.8,99.58,101.31,304.59,29.2,1.01,0.3,113.8,47.01
1981-02-01,137.9,254.39,109.4,139.61,118.4,175.8,77.8,202.3,165.12,260.9,256.0,147.3,177.39,188.89,113.2,166.35,139.8,195.84,40.85,2.72,0.01,110.0,95.86
1981-03-01,82.6,52.0,23.6,16.71,17.6,59.91,57.8,41.1,113.53,75.3,67.3,26.6,91.4,113.39,14.31,128.44,52.9,124.99,25.83,0.7,1.31,33.7,27.43
1981-04-01,20.21,73.0,19.51,41.5,41.6,51.8,24.0,55.3,40.0,50.3,55.72,55.2,48.15,54.73,103.1,15.53,42.92,67.59,11.02,0.52,0.17,35.0,46.7
1981-05-01,0.0,2.0,0.0,0.0,0.0,3.3,0.0,5.0,0.0,0.0,5.91,0.0,0.39,1.27,0.1,7.79,0.0,0.11,0.0,0.0,0.0,2.0,0.0
1981-06-01,0.0,0.0,0.0,0.0,0.0,0.0,0.0,0.0,0.0,0.0,0.01,0.0,1.94,0.03,0.0,0.09,0.0,0.03,0.0,0.0,0.0,0.0,0.0
1981-07-01,0.0,0.0,0.0,0.0,0.0,0.0,0.0,0.0,0.0,0.0,0.0,0.0,0.0,0.06,0.0,1.51,0.0,0.05,0.0,0.0,0.0,0.0,0.0
1981-08-01,31.5,46.8,15.6,29.2,33.7,31.0,0.5,43.6,17.8,28.1,47.01,17.1,1.59,2.78,40.9,4.88,25.5,10.44,0.02,0.0,0.01,20.7,0.01
1981-09-01,0.0,9.0,0.0,0.0,0.0,0.0,0.0,9.0,0.12,2.6,32.62,0.2,9.19,12.51,5.1,6.25,7.1,40.02,0.0,0.0,0.12,1.5,0.0
1981-10-01,0.0,24.8,0.0,0.0,0.0,2.91,0.0,17.5,7.6,1.5,47.52,0.0,9.32,10.21,0.0,22.2,0.0,22.47,0.0,0.0,0.0,9.5,0.0
1981-11-01,8.4,52.3,2.6,14.61,28.2,12.6,0.0,27.0,25.8,12.2,52.71,4.4,41.89,19.83,0.0,15.32,1.12,14.42,0.4,0.0,0.0,21.9,0.0
1981-12-01,54.0,110.6,34.7,82.71,42.4,87.4,0.0,79.2,89.4,88.8,113.92,55.9,125.8,121.99,88.0,79.33,54.6,88.39,2.61,0.0,0.0,44.9,29.1
1982-01-01,64.4,161.0,24.8,18.31,91.6,118.51,3.6,142.9,235.72,115.0,192.72,35.1,148.3,201.26,76.0,64.67,57.8,124.1,2.95,0.01,0.0,90.3,41.0
1982-02-01,81.8,45.9,39.4,33.22,52.7,52.7,17.1,65.8,63.72,45.6,99.91,49.1,104.54,142.45,44.3,92.67,44.22,149.32,23.3,0.02,0.0,29.1,47.7
1982-03-01,13.5,122.8,25.6,52.2,79.7,114.9,11.9,123.9,211.22,114.1,198.72,50.2,142.75,125.65,84.7,71.69,73.2,154.91,11.5,0.01,1.31,57.02,8.5
1982-04-01,0.0,34.91,0.0,19.03,9.5,31.11,1.5,60.4,36.81,28.0,57.74,13.0,56.26,37.46,15.2,22.5,23.3,64.37,0.01,0.0,0.17,30.92,3.0
1982-05-01,0.0,0.0,0.0,0.0,0.0,0.8,0.0,1.8,0.0,0.0,0.0,0.0,0.69,0.61,0.0,10.3,1.5,0.66,0.0,0.0,0.0,0.0,0.0
1982-06-01,0.0,0.5,0.0,0.0,0.0,0.0,0.0,0.09,0.01,0.0,0.04,0.0,0.22,0.17,0.0,0.01,0.0,0.05,0.0,0.01,0.0,0.0,0.0
1982-07-01,0.0,0.0,0.0,0.0,0.0,0.0,0.0,0.0,0.0,0.0,0.01,0.0,0.05,0.15,0.0,0.64,0.0,0.16,0.0,0.0,0.0,0.0,0.0
1982-08-01,0.0,0.0,0.0,0.0,0.0,87.9,0.01,1.1,0.13,0.0,3.45,0.0,0.0,0.02,0.0,0.65,5.1,0.0,0.0,0.0,0.0,0.6,0.0
1982-09-01,9.2,80.9,3.7,30.91,39.1,56.1,0.02,44.3,19.9,19.3,64.74,16.0,38.94,23.36,42.8,6.43,1.84,29.31,0.94,0.01,0.0,14.2,13.4
1982-10-01,11.7,105.5,10.8,25.2,38.1,78.5,0.39,63.1,40.8,35.7,106.83,15.6,47.75,36.41,26.0,9.97,57.43,79.43,0.27,0.0,0.0,37.8,7.6
1982-11-01,36.7,150.5,19.7,42.11,61.3,104.41,0.1,105.5,79.9,80.8,146.7,29.9,78.4,106.83,47.8,27.88,10.76,50.46,6.45,0.0,0.0,62.3,14.3
1982-12-01,0.0,70.0,21.6,28.51,26.4,16.2,0.0,40.1,9.7,9.5,50.23,19.9,66.13,59.86,19.4,64.29,11.26,69.93,0.73,0.01,0.0,15.0,11.6
1983-01-01,10.4,46.7,3.1,0.4,13.4,15.21,3.51,41.9,40.4,28.41,94.72,14.99,5.56,58.8,25.4,91.94,72.88,43.12,1.42,0.0,0.1,19.4,0.0
1983-02-01,15.5,93.7,16.5,13.91,14.6,37.32,5.18,63.0,28.3,36.31,125.6,8.8,79.84,134.47,17.1,110.08,11.29,153.13,12.33,0.0,2.61,28.3,6.8
1983-03-01,19.5,81.0,33.8,7.6,13.8,38.91,6.45,58.11,42.0,33.7,82.43,71.1,46.18,72.71,11.3,128.06,35.0,81.19,3.94,0.0,1.31,25.3,5.49
1983-04-01,28.7,47.9,31.4,16.0,11.0,31.51,1.59,53.6,59.7,30.5,42.73,7.4,50.52,61.66,34.0,28.35,23.0,43.95,0.27,0.01,0.0,24.8,0.22
1983-05-01,7.7,12.0,0.0,0.0,5.0,12.1,0.02,12.1,0.0,8.8,8.21,0.3,3.64,9.85,9.9,0.26,0.0,5.12,0.0,0.0,0.0,4.2,0.05
1983-06-01,0.0,0.52,0.0,0.0,0.0,2.4,0.0,0.0,0.0,2.0,2.44,0.0,1.8,13.7,4.1,3.2,0.0,11.45,0.0,0.0,0.0,0.0,0.0
1983-07-01,0.0,0.51,0.0,0.0,0.0,0.0,0.0,0.0,0.0,0.0,0.82,0.0,0.0,0.23,0.0,14.53,0.0,0.0,0.0,0.0,0.0,0.5,0.0
1983-08-01,0.0,0.02,0.3,0.0,0.0,1.02,0.0,0.0,0.0,1.5,0.02,0.8,1.27,0.91,46.3,8.11,0.0,0.43,0.19,0.0,0.0,0.0,0.06
1983-09-01,13.2,35.2,6.7,22.6,0.0,34.91,0.01,17.31,20.81,8.0,42.33,4.9,31.49,40.03,0.0,2.62,0.0,24.99,0.16,0.0,0.0,7.9,0.04
1983-10-01,0.0,18.0,0.0,0.0,0.0,19.5,0.0,18.1,0.0,0.6,44.8,0.0,13.33,12.49,3.6,12.12,0.0,6.93,0.0,0.0,0.0,12.3,0.01
1983-11-01,0.0,2.5,0.0,0.0,0.0,0.0,0.01,0.0,0.0,0.0,1.63,0.0,10.42,3.07,0.0,4.51,0.0,2.79,0.0,0.0,0.0,0.0,0.0
1983-12-01,10.2,32.4,31.1,7.91,5.0,38.71,0.71,65.2,39.51,33.4,88.34,28.6,82.47,89.61,22.8,60.88,6.51,103.72,9.25,0.0,0.0,39.11,0.62
1984-01-01,79.2,178.4,59.9,78.4,111.05,181.4,17.8,197.5,174.42,183.71,199.75,79.0,143.72,188.3,113.5,154.8,90.64,240.05,19.41,0.0,0.0,97.7,34.4
1984-02-01,209.5,256.01,124.3,129.0,167.2,192.2,96.55,252.3,218.41,185.5,196.85,113.0,242.98,204.05,180.6,175.39,144.6,183.79,62.0,1.1,0.02,117.8,96.6
1984-03-01,182.4,284.8,106.9,113.52,180.8,205.9,74.88,200.8,180.8,135.5,266.3,79.7,138.93,152.58,177.0,60.67,68.4,162.8,57.31,14.31,0.91,110.5,73.9
1984-04-01,3.6,11.1,0.0,12.31,6.7,15.5,0.65,30.2,11.3,12.2,34.53,0.0,31.76,28.31,10.3,40.33,0.0,43.45,0.05,0.0,0.17,13.0,0.0
1984-05-01,0.0,10.51,0.0,0.0,0.0,2.2,0.0,7.5,9.61,1.2,4.29,0.0,14.69,20.38,0.0,19.92,0.0,10.21,0.0,0.0,0.38,3.8,0.0
1984-06-01,4.2,3.0,2.8,11.4,14.8,5.9,0.0,5.91,1.31,3.82,6.34,11.2,0.01,6.28,12.9,0.05,13.8,1.09,0.0,0.0,0.27,3.0,24.1
1984-07-01,0.0,0.02,0.0,0.0,0.0,0.8,0.0,1.01,3.11,0.0,1.16,0.0,0.12,1.25,0.0,0.29,0.0,0.88,0.0,0.0,0.15,0.0,0.0
1984-08-01,0.0,28.4,0.0,0.0,0.0,8.8,0.01,17.02,6.4,0.4,6.41,5.8,3.56,0.27,0.0,1.41,5.2,4.41,5.98,0.01,0.0,6.8,50.6
1984-09-01,0.0,0.0,0.0,0.0,0.0,0.0,0.01,0.4,0.3,0.4,0.67,0.0,1.56,3.64,0.0,6.81,0.0,15.26,0.0,0.0,0.12,0.0,0.0
1984-10-01,24.2,46.3,11.2,53.71,69.7,101.8,0.23,43.81,89.51,59.9,86.34,21.5,58.35,58.96,43.8,26.5,44.3,87.76,0.18,0.0,0.0,23.3,0.0
1984-11-01,51.0,135.5,35.4,75.8,79.4,145.8,0.49,175.1,135.7,71.3,93.51,62.8,71.12,116.22,77.46,42.94,115.3,75.91,22.96,0.4,0.0,94.3,74.7
1984-12-01,47.1,125.6,18.6,42.72,65.6,135.4,6.84,105.7,84.1,69.91,144.69,34.4,125.4,125.25,86.01,59.35,50.3,63.82,3.87,0.0,0.0,71.9,73.0
1985-01-01,0.0,32.9,0.0,9.8,29.0,25.51,2.05,34.3,66.01,38.2,33.12,22.1,34.29,77.11,8.5,85.86,48.23,45.57,10.23,0.0,0.0,14.9,20.3
1985-02-01,98.8,263.0,87.5,144.6,158.6,203.2,17.39,237.0,196.6,210.8,164.56,118.5,202.48,222.68,165.1,171.1,185.95,162.41,22.48,0.0,0.0,147.3,54.7
1985-03-01,94.1,134.41,37.4,20.8,99.4,109.0,73.8,97.3,138.1,165.0,110.06,56.8,172.49,339.6,29.3,161.53,79.21,261.76,7.97,0.01,0.1,60.3,57.0
1985-04-01,35.2,49.7,5.8,25.0,40.1,47.0,0.16,68.4,73.0,97.4,79.91,17.9,161.62,71.24,32.6,0.0,41.31,177.53,9.34,0.0,0.0,44.5,36.4
1985-05-01,0.0,10.01,0.0,1.22,8.7,9.9,0.0,27.43,20.0,14.5,9.14,3.0,31.5,14.47,1.2,11.56,0.16,15.71,0.0,0.0,0.0,17.1,0.0
1985-06-01,0.0,14.8,10.9,0.0,0.0,17.9,0.0,17.5,11.2,9.0,13.89,2.9,0.0,10.45,5.0,6.53,0.09,4.71,0.0,0.0,0.0,3.86,0.0
1985-07-01,0.0,0.0,0.0,0.0,0.0,0.0,0.0,0.01,0.6,0.0,0.56,0.0,0.17,1.33,0.0,0.29,0.07,1.58,0.0,0.0,0.0,0.14,0.0
1985-08-01,0.0,0.0,0.0,0.0,0.0,1.9,0.0,0.82,5.3,0.5,6.79,0.0,2.04,3.35,0.0,1.08,0.09,8.7,0.43,0.0,0.0,0.0,2.0
1985-09-01,0.0,15.4,0.0,0.01,5.0,9.3,0.0,24.53,14.2,3.4,10.65,7.5,13.73,11.53,5.9,11.9,1.38,16.9,0.06,0.0,0.12,8.7,0.0
1985-10-01,0.0,0.0,0.0,0.0,0.0,0.9,0.09,3.6,0.0,0.0,5.8,0.0,7.81,3.28,0.0,11.85,0.0,5.45,0.01,0.0,0.03,3.0,0.0
1985-11-01,12.8,70.0,3.5,51.4,26.4,50.3,0.04,56.03,82.8,80.4,36.15,24.3,66.37,64.01,26.4,11.22,4.52,32.48,1.33,0.0,0.2,28.1,27.8
1985-12-01,77.9,142.4,60.1,104.7,96.5,125.4,8.39,126.4,115.2,91.7,84.84,51.5,140.24,121.94,96.5,71.53,71.4,59.63,15.58,0.01,0.81,69.3,39.1
1986-01-01,132.4,105.9,132.2,107.0,97.0,144.5,46.16,153.4,140.81,119.6,100.59,113.5,250.26,177.35,103.0,138.29,115.24,126.17,63.04,2.12,0.92,73.7,226.9
1986-02-01,163.2,162.7,39.7,112.62,178.1,175.1,45.81,171.3,164.0,167.3,95.64,114.8,180.07,182.24,178.1,159.17,156.3,151.64,128.53,9.61,23.0,111.0,47.53
1986-03-01,222.3,178.9,23.6,70.23,135.9,189.0,58.23,194.7,181.81,145.8,106.25,81.4,158.65,145.48,135.9,54.12,236.04,163.32,20.01,0.0,1.31,91.1,76.1
1986-04-01,64.0,98.4,11.0,34.31,53.6,72.3,0.11,89.5,62.41,46.6,58.69,12.4,71.2,65.93,53.6,34.5,20.59,85.0,0.01,0.0,0.17,53.2,14.8
1986-05-01,0.0,12.5,0.0,3.7,0.0,4.5,0.01,4.0,3.91,0.9,5.86,0.6,21.33,2.84,0.0,8.34,0.02,5.74,0.02,0.02,0.38,8.2,2.0
1986-06-01,0.0,0.0,0.0,0.0,0.0,0.0,0.0,0.0,0.0,0.0,0.56,0.0,0.09,0.06,0.0,0.04,0.0,0.11,0.0,0.0,0.0,0.0,0.0
1986-07-01,0.0,2.73,0.0,0.0,0.0,0.0,0.02,0.0,2.5,1.7,0.56,2.7,5.98,3.55,0.0,0.35,1.2,5.63,0.0,0.0,0.0,1.0,0.0
1986-08-01,75.1,52.22,0.0,7.21,10.5,19.4,0.0,12.0,10.01,9.8,13.17,9.7,21.23,1.48,16.0,1.17,0.0,16.74,18.0,0.2,0.23,7.5,2.31
1986-09-01,55.2,18.11,0.0,0.0,3.6,12.1,0.0,17.4,2.4,2.1,9.0,0.0,4.81,7.14,0.0,15.41,0.0,17.85,0.0,0.10090909090909088,0.0,6.0,0.0
1986-10-01,0.0,11.0,0.0,0.0,1.5,3.4,0.0,5.1,0.61,3.0,5.66,0.0,12.73,12.77,0.0,18.91,0.0,9.8,0.0,0.0,0.0,9.4,0.0
1986-11-01,15.0,11.0,0.0,0.41,10.4,14.9,2.4,14.9,9.4,6.6,13.19,7.7,38.29,25.14,6.0,16.92,0.0,14.95,3.0,1.6,0.5,0.0,19.51
1986-12-01,114.7,149.6,92.0,63.31,105.5,129.2,32.14,180.8,90.7,135.7,99.21,95.4,107.53,107.38,91.86,78.33,61.1,123.51,83.53,0.91,3.5,64.1,123.6
1987-01-01,98.1,212.5,84.1,102.4,71.9,177.7,75.74,240.5,203.21,153.4,252.6,82.8,212.45,193.8,197.8,82.8,83.8,161.91,101.0,1.1,0.6,115.0,246.5
1987-02-01,203.9,42.9,20.7,38.41,28.6,32.3,9.0,45.0,38.61,54.7,54.53,13.3,80.94,187.16,122.7,75.2,18.2,184.21,26.0,0.01,2.61,18.1,28.73
1987-03-01,25.6,26.2,20.6,0.0,38.3,27.8,16.6,14.5,40.7,18.1,35.52,5.7,22.29,56.98,25.4,163.65,130.0,77.48,25.0,0.0,0.2,4.2,3.88
1987-04-01,0.0,23.6,0.0,0.0,5.0,11.5,0.01,21.4,0.0,9.5,21.92,0.1,23.37,9.5,0.0,33.23,5.0,6.04,0.01,0.0,0.17,9.04,0.0
1987-05-01,1.5,3.4,2.5,0.12,0.0,0.6,0.01,3.4,0.8,2.0,1.12,0.0,7.91,5.71,0.0,5.17,0.0,15.42,1.06,0.0,0.38,3.17,0.01
1987-06-01,0.0,2.1,0.0,0.0,0.0,1.6,0.0,1.41,0.0,2.0,2.22,2.6,5.91,2.3,0.0,1.34,2.6,15.98,0.0,0.0,0.27,0.6,0.0
1987-07-01,6.3,27.0,0.0,9.4,9.7,26.4,0.02,19.2,21.2,17.6,22.9,10.9,3.04,30.43,15.1,3.5,0.0,12.02,0.0,0.01,0.15,7.1,0.04
1987-08-01,0.0,4.5,0.0,0.0,0.0,11.3,0.0,6.0,1.8,0.4,13.13,0.07,1.95,1.16,8.1,3.09,0.0,5.68,0.02,0.0,0.23,2.0,0.0
1987-09-01,0.0,2.0,0.0,0.0,0.0,2.3,0.0,1.5,0.0,3.0,0.91,0.6,4.15,15.64,0.0,7.07,0.0,32.41,0.0,0.0,0.0,0.0,0.0
1987-10-01,13.3,23.3,42.8,10.91,7.5,32.8,4.5,14.4,15.3,15.1,36.91,7.5,27.52,27.13,17.4,13.74,10.0,32.87,19.0,0.01,0.11,10.1,0.06
1987-11-01,0.12,24.6,0.0,0.31,0.0,7.71,0.0,25.3,20.63,24.8,19.62,3.2,50.03,38.62,1.7,4.05,0.0,44.86,0.02,0.0,0.0,5.1,0.0
1987-12-01,2.5,29.0,0.0,2.4,0.0,5.4,0.0,20.53,28.52,13.11,40.44,0.2,86.17,71.95,12.6,42.54,0.0,59.44,0.45,0.0,0.0,11.3,22.0
1988-01-01,141.1,216.9,171.3,211.11,190.9,270.6,50.12,220.7,213.8,200.7,270.92,126.1,207.79,239.04,111.5,134.33,141.7,237.83,104.29,0.03,1.01,127.5,42.0
1988-02-01,12.5,72.5,49.7,48.41,18.8,85.9,11.0,95.71,52.0,35.0,143.83,30.8,96.49,124.23,37.2,101.98,54.4,185.69,24.9,0.01,0.0,40.2,52.0
1988-03-01,62.3,97.0,42.3,55.72,33.0,140.1,22.14,196.22,138.52,102.6,211.9,26.3,122.4,131.51,18.3,164.76,27.6,152.33,7.82,0.42,0.0,81.4,56.0
1988-04-01,16.5,63.5,4.0,23.41,12.2,75.3,0.2,72.6,79.2,65.3,103.13,52.8,69.63,72.5,40.0,9.97,95.4,105.95,0.21,0.0,0.17,61.2,3.78
1988-05-01,0.0,8.5,0.0,22.61,18.1,21.2,0.0,6.9,10.12,0.0,3.16,10.1,4.87,1.01,0.0,43.21,1.5,3.11,0.11,0.0,0.38,0.0,8.5
1988-06-01,0.0,0.0,0.0,0.0,0.0,0.0,0.0,0.0,0.0,0.0,0.0,0.0,0.29,0.01,0.0,0.28,0.0,0.02,0.0,0.0,0.27,0.0,0.0
1988-07-01,0.0,0.0,0.0,0.0,0.0,1.8,0.0,1.0,0.0,0.0,0.0,0.0,0.0,0.0,0.0,0.35,0.0,0.13,0.0,0.0,0.15,1.5,0.0
1988-08-01,0.0,4.0,0.0,0.0,0.0,0.0,0.0,0.0,0.0,0.0,0.0,0.0,0.17,0.24,0.0,1.15,0.07,0.09,0.0,0.0,0.0,0.0,0.0
1988-09-01,4.1,6.8,0.0,0.0,0.34,2.0,0.01,3.71,1.1,7.3,1.94,0.5,21.79,14.38,11.0,3.31,0.0,34.2,0.0,0.0,0.12,0.0,0.0
1988-10-01,0.0,0.0,0.0,2.8,0.0,6.71,0.71,14.0,10.9,8.0,18.04,5.5,17.6,22.42,9.9,7.84,0.0,24.35,0.0,0.0,0.0,9.2,0.0
1988-11-01,0.0,4.0,0.0,0.0,0.0,0.5,0.0,3.41,3.2,0.0,7.35,0.0,11.39,6.98,0.0,10.85,0.0,4.68,0.0,0.0,0.0,0.0,0.0
1988-12-01,50.7,30.2,57.2,48.8,22.8,78.6,10.43,97.81,82.4,38.1,74.24,14.5,129.7,96.85,35.7,78.71,11.1,111.99,5.27,0.0,0.0,37.0,20.1
1989-01-01,75.4,123.9,55.6,96.02,71.0,166.3,61.8,175.0,176.7,126.0,194.14,37.7,195.0,192.52,89.4,85.71,105.26425531914894,178.1,11.0,0.02,0.0,85.9,20.7
1989-02-01,110.7,93.0,131.7,120.46,56.4,152.11,221.02,144.9,91.8,75.6,154.8,119.3,162.73,171.26,137.2,105.99,243.8,194.44,77.28,0.53,3.1,69.4,208.8
1989-03-01,71.9,159.5,43.3,135.11,25.6,130.5,23.92,123.01,116.21,109.2,157.82,72.5,164.63,125.22,31.8,157.53,324.8,143.8,43.02,0.0,0.0,78.4,74.6
1989-04-01,14.1,50.7,36.6,78.93,15.4,67.11,0.35,41.2,34.92,52.7,43.33,32.8,75.4,62.25,19.4,9.01,109.7,54.29,1.82,0.0,0.17,26.1,5.5
1989-05-01,0.5,0.0,0.0,0.0,0.0,12.8,0.0,16.6,6.21,8.0,28.47,0.0,28.85,7.22,0.0,5.32,11.2,18.73,0.0,0.0,0.0,5.1,0.0
1989-06-01,0.0,0.0,6.6,0.01,0.26,13.2,0.0,2.4,4.01,1.7,11.43,1.4,0.0,4.33,0.0,5.9,19.9,3.08,0.0,0.0,0.27,7.5,0.0
1989-07-01,0.6,0.0,0.4,0.0,0.24,9.0,0.0,0.9,11.8,1.2,0.14,1.4,5.2,10.77,0.0,0.51,3.5,6.22,0.0,0.0,0.15,0.0,0.0
1989-08-01,3.0,3.0,0.0,6.3,0.0,4.7,0.01,10.91,3.71,0.3,11.88,0.0,1.88,0.11,0.0,0.74,0.0,6.87,0.0,0.0,0.23,3.3,0.0
1989-09-01,0.06,0.0,0.0,0.0,0.0,1.4,0.0,2.5,0.0,0.0,0.84,0.0,0.79,9.0,0.0,25.32,0.0,8.69,0.0,0.0,0.12,0.0,0.0
1989-10-01,0.0,0.0,0.0,0.0,0.0,0.0,0.01,4.32,3.72,1.0,10.48,0.0,12.37,14.71,0.0,13.43,0.0,12.15,0.0,0.0,0.0,0.0,0.0
1989-11-01,4.9,12.01,8.9,13.01,13.0,19.5,0.01,13.2,24.81,15.8,15.66,10.2,54.18,28.66,0.0,11.0,0.0,15.44,0.08,0.0,0.0,5.6,0.0
1989-12-01,0.0,4.0,0.0,0.01,0.0,2.2,0.0,9.21,12.7,3.8,29.63,0.3,59.96,56.8,0.0,55.23,0.0,69.23,0.07,0.0,0.55,5.8,0.0
1990-01-01,25.2,118.4,11.6,58.73,59.0,143.7,3.52,169.81,179.1,113.0,173.93,63.4,49.39,180.6,171.0,162.69,332.0,137.73,2.79,0.0,0.0,87.3,10.96
1990-02-01,9.5,27.6,6.4,11.62,26.2,32.3,13.22,41.82,30.21,21.2,56.31,11.4,95.18,119.01,2.2,62.34,86.0,140.25,2.76,0.0,2.61,25.5,8.42
1990-03-01,29.3,58.5,37.5,40.32,60.7,50.41,30.61,43.0,85.7,56.6,76.0,43.2,90.78,88.23,41.6,163.46,34.6,79.95,0.81,0.03,0.81,33.2,0.0
1990-04-01,0.4,25.6,50.4,6.8,7.25,12.0,0.0,35.0,41.7,23.6,39.15,9.6,41.21,53.55,8.5,43.36,0.8,37.04,1.15,0.0,0.17,4.5,0.6
1990-05-01,0.3,12.5,0.02,0.19,4.4,13.0,0.61,11.3,15.9,12.2,17.8,6.5,20.4,15.64,28.7,4.57,6.4,42.75,1.12,0.0,0.01,5.6,16.4
1990-06-01,10.5,39.5,34.1,24.31,52.4,33.9,0.9,44.9,45.6,29.7,34.81,93.0,0.03,22.88,47.8,9.85,5.4,32.9,0.0,0.01,0.02,18.3,50.5
1990-07-01,0.0,0.0,0.01,0.0,0.0,0.0,0.0,0.0,0.0,0.0,0.32,0.0,0.0,0.7,0.0,5.68,0.0,0.08,0.0,0.0,0.0,0.0,0.0
1990-08-01,2.9,13.0,0.81,0.99,8.9,6.7,0.0,6.6,12.5,7.5,7.31,1.0,3.04,1.26,10.8,1.96,12.9,9.66,0.0,0.0,0.0,2.6,0.2
1990-09-01,0.0,5.0,0.0,0.0,0.0,2.0,0.0,3.0,0.0,0.0,8.72,0.0,0.16,1.56,0.0,7.52,0.0,4.56,0.0,0.0,0.12,0.0,0.0
1990-10-01,7.2,52.5,1.41,1.4,12.1,19.6,0.0,57.6,33.25,16.7,69.16,27.1,25.85,47.77,0.0,10.57,34.6,30.73,0.57,0.01,0.0,26.8,1.3
1990-11-01,61.6,104.68,8.32,49.31,63.0,105.8,11.41,126.61,91.8,109.3,107.32,57.0,89.65,127.58,51.7,24.58,26.9,67.06,4.28,0.0,6.1,50.8,29.3
1990-12-01,71.1,104.4,30.83,69.11,93.7,123.1,62.5,116.2,82.61,96.6,182.21,45.6,137.49,127.97,140.0,89.22,55.8,95.42,6.41,2.1,1.0,55.2,104.6
1991-01-01,35.7,150.6,46.4,86.9,122.1,162.1,3.24,192.8,135.52,114.2,153.32,73.2,178.5,166.87,122.5,182.23,30.5,179.91,37.73,0.0,0.01,111.7,51.5
1991-02-01,18.0,72.7,15.4,33.92,55.8,88.4,2.12,148.3,81.01,74.9,194.12,65.3,172.1,162.82,54.1,83.57,13.0,188.0,9.32,0.0,0.0,55.4,13.6
1991-03-01,22.2,162.3,63.2,36.83,127.4,128.4,51.4,124.82,138.3,133.9,167.54,81.8,153.1,149.99,72.6,121.79,281.2,175.81,2.14,0.9,11.6,67.4,57.0
1991-04-01,7.3,10.7,11.3,2.11,22.3,19.43,0.0,46.43,7.42,8.5,31.74,6.9,24.0,35.76,13.8,45.08,30.0,16.87,5.23,0.01,0.17,14.8,5.0
1991-05-01,2.6,3.5,0.0,0.0,0.0,2.8,0.0,4.5,1.7,0.0,14.11,0.0,1.5,0.56,0.0,32.04,0.0,8.11,0.0,0.0,0.0,8.5,0.0
1991-06-01,7.5,30.7,13.4,9.1,18.6,26.6,4.4,26.78,27.2,16.0,24.3,20.1,0.0,19.15,12.7,1.45,12.0,13.5,0.0,0.0,0.0,8.7,39.8
1991-07-01,0.0,3.0,0.0,0.0,0.0,0.01,0.0,1.1,0.0,0.0,1.12,0.0,3.0,0.19,0.0,2.38,0.0,0.11,0.0,0.0,0.15,0.0,0.0
1991-08-01,0.0,1.6,0.0,0.0,0.0,0.0,0.0,0.0,0.0,0.0,0.01,0.0,0.0,0.06,0.0,1.69,0.0,0.19,0.0,0.0,0.0,0.0,0.0
1991-09-01,0.0,3.5,0.0,0.01,0.0,6.6,0.0,9.0,2.1,0.0,5.66,0.0,5.7,9.83,2.0,19.12,0.0,10.06,0.0,0.0,0.12,4.5,0.0
1991-10-01,0.6,29.2,0.0,4.4,3.4,16.51,0.26,23.9,16.9,12.1,25.31,3.0,18.1,38.63,3.2,10.73,0.0,23.69,0.0,0.0,0.0,21.4,0.0
1991-11-01,16.1,48.6,8.2,12.1,51.4,54.2,2.68,75.3,23.5,31.4,83.12,9.9,29.9,85.25,43.5,6.61,84.3,20.13,0.07,0.0,1.5,33.2,0.0
1991-12-01,0.0,92.18,1.5,3.6,34.8,39.9,0.03,75.8,80.2,49.6,76.13,29.8,122.7,105.66,1.8,70.04,6.2,87.72,0.1,0.43755555555555564,0.0,15.7,0.9
1992-01-01,19.0,51.6,13.3,11.62,22.5,32.2,12.85,52.8,74.71,44.0,96.42,49.6,62.6,79.93,0.0,79.14,0.0,61.92,2.24,0.01,0.0,30.8,1.5
1992-02-01,4.7,73.8,0.0,1.52,26.5,47.8,1.54,63.21,102.0,42.9,101.42,9.1,100.1,164.88,26.9,114.26,86.9,129.84,2.66,0.0,0.0,41.9,0.0
1992-03-01,2.0,32.9,0.0,0.11,3.2,14.1,3.35,27.8,12.91,8.3,41.44,1.3,12.3,51.65,31.2,163.63,41.0,37.34,0.0,0.01,1.31,16.8,0.0
1992-04-01,1.4,4.8,0.0,0.01,0.0,0.0,0.12,8.6,7.81,5.0,3.52,0.0,22.2,18.06,0.0,66.66,16.0,18.25,0.04,0.0,0.0,2.8,0.0
1992-05-01,0.0,0.0,0.0,0.0,0.0,0.0,0.0,0.7,0.0,0.0,0.02,0.0,0.0,0.67,0.0,8.17,0.0,1.91,0.0,2.82,11.1,3.0,0.0
1992-06-01,2.2,2.7,0.8,0.0,0.07,5.3,0.0,4.3,0.9,2.5,7.25,0.0,0.0,9.88,0.0,12.61,27.0,3.24,0.0,0.0,4.2,2.8,0.0
1992-07-01,0.0,2.8,0.0,0.2,0.01,0.5,0.0,2.5,1.4,0.3,1.7,0.0,0.0,4.18,0.8,1.9,0.0,1.88,0.0,0.0,0.0,3.2,0.0
1992-08-01,4.4,40.0,4.0,3.41,0.04,22.1,0.06,37.4,18.0,4.5,61.12,0.0,50.8,0.67,6.2,0.84,31.0,12.42,0.0,0.0,0.0,21.0,0.0
1992-09-01,0.0,1.0,0.0,0.0,0.0,0.0,0.0,0.7,0.0,0.0,4.81,0.0,0.0,1.44,0.0,5.31,0.0,5.71,0.0,0.0,0.0,0.2,0.0
1992-10-01,3.8,25.2,0.9,5.02,24.4,25.0,0.11,23.8,7.8,7.3,34.12,2.6,28.6,23.61,15.5,15.64,11.9,23.95,0.1,0.0,0.0,13.5,0.0
1992-11-01,0.4,24.7,0.0,2.3,8.6,18.9,0.21,28.7,19.51,22.1,23.14,11.9,47.2,37.68,4.2,10.92,5.8,36.87,0.0,0.0,0.2,19.9,0.0
1992-12-01,44.1,85.6,17.2,73.31,61.83,90.4,6.15,87.53,82.41,105.0,95.94,36.7,97.8,95.24,76.9,86.07,91.3,107.99,5.57,0.0,0.55,46.8,10.2
1993-01-01,110.0,230.9,81.6,98.71,104.5,167.9,52.74,209.58,196.5,182.3,236.93,116.6,249.1,216.15,75.5,219.9,299.3,227.77,35.23,0.31,0.11,97.3,56.6
1993-02-01,32.3,82.4,27.2,19.61,30.8,78.7,25.75,52.61,27.7,36.6,72.82,41.2,45.3,136.15,19.4,81.11,20.5,160.79,12.05,0.0,0.0,30.7,21.3
1993-03-01,43.5,133.9,73.4,54.21,90.5,90.7,27.1,198.1,116.42,136.4,140.8,54.6,99.6,151.9,0.0,154.37,77.7,151.43,4.52,0.0,0.0,65.5,55.2
1993-04-01,18.8,49.9,2.2,13.44,12.6,29.3,2.0,48.4,53.9,22.1,98.93,11.0,35.9,57.74,3.9,29.28,12.7,39.54,0.01,0.0,0.0,33.6,0.0
1993-05-01,0.5,6.2,0.0,0.22,1.0,2.7,0.0,7.8,1.3,0.0,5.85,0.0,7.7,0.86,11.1,36.35,2.1,0.74,0.0,0.0,0.0,3.2,0.0
1993-06-01,0.0,1.3,0.0,0.0,0.0,0.0,0.0,2.0,0.0,1.8,6.7,0.0,1.0,1.63,0.4,0.14,0.0,20.74,0.0,0.0,0.0,0.5,0.0
1993-07-01,0.0,0.3,0.0,0.0,0.0,0.0,0.0,0.2,0.1,0.0,0.4,0.0,0.0,0.26,0.0,2.01,0.0,0.31,0.02,0.0,0.01,0.0,0.0
1993-08-01,6.6,25.1,9.9,10.71,16.2,16.7,3.3,21.0,15.6,15.0,15.23,0.6,14.3,5.08,18.7,3.83,47.0,13.45,7.25,0.01,0.0,9.8,72.9
1993-09-01,0.02,15.5,0.4,4.61,0.0,2.8,0.0,8.2,4.6,0.8,13.82,2.4,4.9,6.91,0.0,28.96,0.0,6.48,0.01,0.0,0.0,10.9,0.0
1993-10-01,11.61,34.2,10.2,8.31,21.5,28.0,8.02,43.4,61.8,35.0,45.94,8.7,68.8,60.66,11.1,12.14,63.5,49.25,0.46,0.0,0.0,49.7,0.0
1993-11-01,3.1,63.7,3.8,10.33,3.5,17.5,0.0,60.4,129.5,42.1,127.32,5.5,65.8,132.98,7.4,24.51,11.3,42.22,0.07,0.0,0.0,103.7,0.0
1993-12-01,36.94,106.1,1.5,32.82,53.8,92.1,0.0,128.7,163.4,88.0,130.84,52.1,195.7,192.87,45.9,82.43,51.6,64.09,0.0,0.0,0.0,196.0,0.0
1994-01-01,169.71,241.6,92.5,149.61,158.6,237.9,278.31,226.4,237.9,210.4,296.61,173.8,331.3,265.84,123.9,141.46,286.0,212.15,41.03,1.2,0.0,306.0,88.1
1994-02-01,132.01,218.1,57.0,193.3,132.7,233.4,113.1,170.3,209.5,182.4,226.1,115.4,181.2,174.54,130.5,152.38,259.4,181.21,42.28,0.03,2.2,246.2,204.7
1994-03-01,42.75,74.3,37.7,58.02,50.3,89.2,36.24,71.2,167.8,86.5,106.43,38.1,89.2,125.5,15.0,40.93,177.1,129.67,15.38,0.0,1.31,106.5,4.3
1994-04-01,17.11,45.6,21.6,22.75,25.6,35.51,0.82,95.0,136.9,66.6,43.53,29.5,95.2,67.91,5.3,15.66,208.1,136.42,0.01,0.01,0.0,93.0,0.0
1994-05-01,0.91,10.1,0.0,3.3,0.0,7.1,0.0,16.0,20.1,3.2,7.83,0.0,26.6,15.46,0.0,14.72,0.0,28.53,0.0,0.0,0.0,18.8,0.0
1994-06-01,0.0,2.8,0.0,0.0,0.0,0.0,0.0,0.3,0.0,0.0,0.02,0.0,0.0,0.04,0.3,0.05,0.0,0.01,0.0,0.0,0.0,0.3,0.0
1994-07-01,0.0,1.5,0.0,0.0,0.0,0.13,0.0,1.4,0.0,0.0,0.0,0.0,0.0,0.19,0.0,1.08,0.0,0.1,0.0,0.0,0.0,0.0,0.0
1994-08-01,0.03,1.7,0.0,0.5,1.6,0.0,0.0,0.0,0.0,1.0,0.0,0.0,0.0,0.49,0.0,1.16,2.5,0.75,0.0,0.0,0.0,0.0,0.0
1994-09-01,0.7,0.01,0.0,1.0,0.0,0.0,0.0,1.8,0.0,0.0,9.04,0.0,4.1,0.42,0.0,11.03,0.0,4.44,0.0,0.0,0.0,0.5,0.0
1994-10-01,0.0,1.0,0.0,0.0,0.0,6.2,0.0,0.9,0.0,0.0,8.83,0.0,21.0,4.76,0.0,26.12,0.0,4.26,0.0,0.0,0.0,4.0,0.0
1994-11-01,0.7,25.2,0.0,8.61,15.0,0.0,0.7,31.1,67.7,28.02,39.64,20.9,57.0,46.3,6.8,79.35,1.5,22.99,0.0,0.0,0.0,34.7,0.0
1994-12-01,23.3,72.7,15.5,56.42,36.5,60.5,1.9,116.6,87.1,79.03,128.44,37.0,127.3,100.04,14.3,81.05,49.0,95.58,4.3,0.0,0.0,117.8,8.3
1995-01-01,86.24,121.5,63.9,102.34,101.5,96.0,49.13,96.6,86.1,60.81,131.22,45.9,141.7,92.31,81.0,99.66,177.8,87.49,17.66,2.1,0.51,129.0,10.0
1995-02-01,6.42,135.0,3.0,34.23,25.1,59.71,0.0,123.9,135.1,62.61,148.72,16.5,189.7,205.3,12.3,126.79,38.7,169.79,1.11,0.0,0.0,156.8,0.0
1995-03-01,156.63,215.7,105.6,140.61,136.4,220.1,104.6,184.4,216.2,102.1,249.11,124.1,168.0,133.47,131.5,39.38,172.0,157.12,3.96,3.3,19.61,211.1,147.0
1995-04-01,0.0,27.8,0.0,3.11,10.6,16.0,0.0,48.3,31.53,14.82,38.91,5.7,34.8,36.42,2.2,27.46,2.7,40.93,0.06,0.0,0.0,39.2,0.0
1995-05-01,0.0,3.7,0.0,1.4,0.0,0.8,0.0,1.0,0.11,0.0,3.91,5.5,0.0,0.53,2.5,12.7,13.7,1.62,0.0,0.0,0.0,2.7,0.0
1995-06-01,0.0,0.1,0.0,0.0,0.0,0.0,0.0,0.0,0.0,0.0,0.0,0.0,17.6,0.02,0.0,2.26,0.0,0.02,0.0,0.0,0.0,0.0,0.0
1995-07-01,0.0,0.01,0.0,0.0,0.0,0.0,0.0,0.0,0.0,0.0,0.03,0.0,0.0,0.06,0.0,4.51,0.0,0.03,0.04,0.0,0.0,0.0,0.0
1995-08-01,0.0,2.8,0.0,0.0,0.0,0.0,0.0,2.2,0.5,0.3,2.21,0.0,0.0,2.06,0.0,1.53,0.0,0.54,0.0,0.0,0.0,2.0,0.0
1995-09-01,5.3,8.61,0.0,13.2,0.0,6.8,1.4,10.6,8.71,8.8,16.5,3.0,18.9,34.89,5.9,5.01,2.2,23.38,0.0,0.01,0.0,17.9,0.0
1995-10-01,0.0,13.11,0.0,0.0,0.0,0.0,0.0,8.8,16.7,1.01,16.24,0.0,8.8,16.87,0.0,13.48,1.0,23.83,0.0,0.0,0.0,12.0,0.0
1995-11-01,20.72,22.32,0.0,20.61,33.6,31.4,4.11,20.1,49.1,41.22,42.56,12.7,39.9,63.0,28.3,7.81,23.4,26.53,0.01,0.01,0.0,16.5,0.0
1995-12-01,19.03,122.0,19.7,39.8,49.4,97.7,0.01,89.3,67.8,49.54,130.53,26.6,100.3,96.64,29.8,55.53,33.3,94.26,0.28,0.0,0.0,94.5,0.0
1996-01-01,57.43,187.3,26.4,128.9,66.9,150.7,26.41,224.1,198.3,141.4,222.11,37.4,229.61,200.47,58.1,80.77,47.1,164.51,12.0,0.0,0.02,256.5,5.8
1996-02-01,165.61,156.8,103.1,234.2,168.4,149.31,29.91,135.6,177.2,168.4,258.61,90.5,175.0,164.54,136.2,171.7,136.4,185.88,58.28,1.36,0.0,172.7,13.0
1996-03-01,39.51,83.02,44.9,96.51,54.1,46.81,9.61,81.8,92.7,66.3,85.02,57.4,126.8,77.72,21.3,92.53,104.5,112.14,34.46,0.0,0.0,108.4,1.9
1996-04-01,37.25,61.6,11.7,59.62,34.7,62.9,0.0,40.42,49.9,47.82,67.78,23.6,61.01,74.47,38.3,15.92,39.6,83.73,0.03,0.0,0.0,50.1,0.3
1996-05-01,1.0,12.0,0.0,3.64,0.5,2.7,0.0,16.6,13.7,6.4,4.92,11.0,36.91,18.65,19.7,12.62,0.0,24.78,0.0,0.0,0.0,20.8,0.0
1996-06-01,0.0,0.02,0.0,0.0,0.0,0.0,0.0,0.0,0.0,0.0,3.92,0.0,0.0,0.02,0.0,0.07,0.0,0.01,0.0,0.0,0.0,0.0,0.0
1996-07-01,0.0,0.31,0.0,0.0,0.0,0.0,0.0,2.8,0.0,0.0,0.01,0.0,0.3,0.04,0.0,2.42,0.0,0.13,0.0,0.0,0.0,1.9,0.0
1996-08-01,1.83,14.11,0.5,2.0,7.03,9.6,0.01,20.3,11.06,8.31,8.82,1.1,24.01,2.22,5.7,5.19,4.5,19.13,0.0,0.0,0.0,8.4,0.0
1996-09-01,0.0,11.71,0.0,0.0,0.0,4.3,0.0,0.0,0.42,0.0,11.43,0.0,0.0,0.39,0.0,4.88,0.0,3.53,0.0,0.0,0.0,12.4,0.0
1996-10-01,0.0,10.61,0.0,1.0,1.02,5.9,0.0,7.3,4.13,0.7,9.16,0.0,6.8,7.67,0.2,10.45,0.0,12.06,0.01,0.0,0.0,6.6,0.0
1996-11-01,11.61,41.3,10.2,25.91,29.7,46.4,0.0,33.3,14.06,19.21,34.44,9.3,52.8,20.65,22.4,7.21,35.8,19.2,0.04,0.0,0.0,34.0,0.0
1996-12-01,40.53,146.6,13.6,51.8,51.5,90.5,4.0,139.8,121.31,87.01,123.62,29.5,158.01,131.02,67.0,74.4,84.0,102.4,0.23,0.0,0.0,227.5,0.0
1997-01-01,103.81,175.0,64.0,127.71,119.0,165.9,67.62,179.46,170.2,117.1,244.52,69.01,0.0,167.19,116.2,139.14,136.5,140.35,53.1,0.82,0.71,204.9,148.5
1997-02-01,102.12,201.8,72.1,215.7,163.2,193.3,46.25,182.3,165.11,182.6,205.31,160.01,211.1,202.86,169.45,169.63,269.4,168.55,88.5,4.14,3.1,254.9,72.6
1997-03-01,133.54,86.53,82.6,53.31,104.8,55.8,30.4,79.4,65.11,52.53,147.51,51.1,83.7,103.81,66.89,126.9,70.5,95.4,21.1,3.71,0.0,101.0,51.8
1997-04-01,7.1,31.71,0.0,8.6,10.0,14.0,0.0,22.7,25.35,14.32,20.53,5.1,47.6,34.38,6.59,52.82,6.55,27.86,0.0,0.0,0.0,27.4,0.0
1997-05-01,0.5,18.12,0.0,0.1,0.0,9.6,0.0,15.3,4.85,10.5,8.22,0.4,21.4,22.51,0.0,2.24,5.5,52.13,0.0,0.0,0.0,22.5,0.0
1997-06-01,0.0,0.0,0.0,0.0,0.0,0.0,0.0,0.0,0.0,0.0,0.0,0.0,0.0,0.05,0.01,0.24,0.0,0.0,0.0,0.0,0.0,0.0,0.0
1997-07-01,0.0,0.01,0.0,0.0,0.0,0.01,0.0,0.0,0.01,0.0,0.0,0.0,0.0,0.01,0.01,0.98,0.0,0.16,0.0,0.0,0.0,0.4,0.0
1997-08-01,44.3,33.12,29.5,27.0,27.1,21.9,10.9,28.6,21.52,27.4,42.73,16.1,28.4,2.48,3.98,1.5,16.53,18.47,21.8,0.04,2.7,31.9,24.2
1997-09-01,39.61,64.8,21.4,90.8,64.4,45.3,11.4,72.1,24.13,44.0,56.22,30.7,52.1,33.11,72.84,3.56,56.31,50.6,28.5,1.83,0.01,84.5,38.2
1997-10-01,0.02,14.0,0.0,0.0,0.0,6.8,0.0,18.3,0.53,0.12,9.34,5.2,17.5,6.17,2.89,32.74,1.7,8.63,0.0,0.0,0.0,47.3,0.0
1997-11-01,0.0,60.04,0.4,4.0,11.5,18.8,0.0,81.0,48.64,3.8,57.34,9.8,76.0,25.61,6.68,31.23,6.6,15.56,0.0,0.0,0.0,82.7,0.0
1997-12-01,110.73,102.2,64.3,127.91,76.0,98.6,26.4,92.0,41.43,43.91,125.51,0.0,128.9,91.63,61.06,71.01,17.3,91.61,16.3,3.1,0.61,175.2,37.5
1998-01-01,229.11,271.1,84.7,196.72,137.5,257.71,74.8,164.5,159.31,124.01,222.21,116.81,316.9,170.24,151.57,100.07,137.3,142.47,63.9,0.4,2.8,189.5,125.5
1998-02-01,117.32,114.9,56.4,85.0,66.2,65.2,163.7,87.5,69.8,89.92,139.56,67.81,164.6,178.19,52.2,129.46,78.8,168.54,38.7,0.03,0.01,131.2,57.2
1998-03-01,50.12,96.6,28.0,119.6,69.3,77.51,26.8,109.9,93.13,60.41,101.15,19.6,94.9,93.6,62.55,134.17,77.6,86.36,8.8,2.2,0.01,102.7,32.7
1998-04-01,0.03,15.91,0.0,22.6,3.3,13.3,109.0,7.2,16.7,0.0,14.63,1.0,39.8,22.15,6.59,95.77,3.51,6.01,0.0,0.0,0.0,42.3,0.0
1998-05-01,0.0,0.51,0.0,0.0,0.0,0.0,0.0,0.0,0.0,0.0,0.0,0.0,0.0,0.35,0.14,4.26,0.0,4.28,0.0,0.0,0.01,0.0,0.0
1998-06-01,0.33,3.04,0.0,0.31,0.0,0.0,0.0,1.8,11.43,0.01,1.63,1.5,0.3,0.14,0.0,0.96,0.01,0.91,0.0,0.01,0.0,2.8,0.0
1998-07-01,0.0,0.01,0.0,0.0,0.0,0.0,4.2,0.0,0.0,0.0,0.0,0.0,0.0,0.06,0.06,5.0,0.0,0.02,0.0,0.0,0.0,0.0,0.0
1998-08-01,0.0,0.84,0.0,0.0,0.0,0.0,0.0,0.0,2.62,0.0,0.04,0.0,0.4,1.28,0.0,5.94,0.0,1.49,0.0,0.0,0.0,0.0,0.0
1998-09-01,0.0,0.52,0.0,0.0,0.0,0.0,0.0,0.0,1.7,0.4,0.02,0.0,0.0,2.4,0.0,10.22,0.0,7.39,0.0,0.0,0.0,0.0,0.0
1998-10-01,0.0,9.57,0.0,0.0,0.0,1.12,0.0,4.9,20.53,3.6,17.26,0.0,21.2,22.57,0.14,21.39,0.0,21.15,0.0,0.0,0.0,25.0,0.0
1998-11-01,37.81,48.5,19.6,54.1,40.6,52.5,0.01,53.0,39.7,35.4,43.94,23.9,75.5,52.26,12.68,19.08,2.0,31.03,0.02,0.02,0.0,87.0,13.9
1998-12-01,110.34,75.93,67.2,83.32,70.6,102.2,30.2,87.5,53.21,74.81,129.12,30.5,122.3,93.79,61.73,71.04,26.4,96.71,22.0,0.43,2.2,102.7,58.5
1999-01-01,94.4,199.21,55.8,93.71,98.8,144.7,33.7,178.7,83.11,76.52,159.6,28.3,162.3,116.14,60.64,100.04,78.9,82.26,17.9,0.92,0.02,224.1,52.1
1999-02-01,257.5,273.91,167.2,255.6,169.8,281.8,145.3,257.9,201.2,218.5,247.9,210.2,247.7,232.53,168.65,164.07,314.9,186.18,135.4,1.46,3.35,345.3,271.0
1999-03-01,175.6,198.2,105.3,271.1,176.5,217.2,70.7,214.0,172.9,255.71,170.21,128.3,212.8,131.63152173913048,158.8,174.67,177.7,133.07152173913042,60.3,1.42,2.71,258.9,246.4
1999-04-01,39.51,30.44,25.8,68.6,39.3,47.0,9.1,58.29,44.43,66.2,46.53,25.1,102.9,53.16,28.1,5.24,0.51,81.24,1.8,0.0,0.17,91.1,1.6
1999-05-01,0.0,6.03,0.0,0.1,0.0,1.2,0.0,2.0,6.2,1.61,8.83,0.0,4.5,11.85,0.15,20.82,0.0,18.83,0.0,0.0,0.0,6.8,0.0
1999-06-01,0.0,0.05,0.0,0.0,0.0,0.0,0.0,0.0,0.01,0.01,0.0,0.0,0.0,0.28,0.0,0.03,0.0,0.14,0.0,0.0,0.0,0.0,0.0
1999-07-01,0.01,1.22,0.0,0.0,0.0,0.5,0.0,0.0,0.04,0.0,0.03,0.0,0.0,0.17,0.01,1.93,0.0,0.17,0.0,0.0,0.0,0.0,0.0
1999-08-01,0.0,0.54,0.0,0.0,0.0,0.01,0.0,0.0,7.1,1.8,0.02,0.0,0.0,2.92,0.25,2.13,0.0,8.76,0.0,0.0,0.0,0.0,0.0
1999-09-01,13.8,23.45,11.3,22.2,19.6,27.1,0.0,27.6,2.85,15.7,32.12,6.8,18.5,22.22,29.88,14.7,5.32,29.38,0.0,0.0,0.0,30.6,0.0
1999-10-01,29.21,75.34,22.0,49.12,37.5,51.9,12.1,67.4,72.22,49.3,36.94,12.6,66.9,67.75,34.89,12.84,33.02,76.36,9.8,0.03,0.4,93.71,0.0
1999-11-01,0.31,10.74,0.0,5.62,3.1,13.0,0.0,14.6,0.03,1.61,19.4,0.0,20.1,12.58,8.13,4.74,0.51,11.69,0.0,0.0,0.0,24.2,0.0
1999-12-01,48.52,90.32,23.9,110.1,51.9,71.0,6.2,64.9,54.62,74.6,142.34,27.7,77.7,76.56,28.38,60.68,96.2,111.65,7.61,1.01,0.01,95.2,57.7
2000-01-01,212.11,194.32,142.0,352.1,180.7,230.1,173.1,218.4,173.3,165.01,247.6,128.6,244.1,216.34,143.75,124.1,156.4,237.89,145.94,0.1,7.49,272.3,320.1
2000-02-01,147.4,242.5,68.4,186.42,121.0,154.4,71.33,120.8,129.0,116.32,233.71,93.1,138.3,164.34,109.94,130.08,187.1,142.37,68.02,0.03,0.33,259.7,226.1
2000-03-01,85.14,157.22,60.4,140.82,103.8,131.2,47.24,157.7,59.6,74.3,203.11,77.5,147.9,108.84,81.92,131.23,89.6,100.7,65.5,1.01,0.01,178.7,96.9
2000-04-01,11.72,21.43,35.01,0.35,45.8,12.5,0.73,26.48,10.21,12.81,13.13,5.2,38.42,22.64,37.05,24.62,14.21,30.56,4.01,0.0,0.0,6.6,5.0
2000-05-01,1.51,28.73,2.3,2.31,10.5,16.41,0.02,9.73,12.53,7.91,19.8,2.4,23.36,22.89,13.43,7.62,7.52,58.11,7.6,0.01,0.03,30.3,7.6
2000-06-01,0.4,7.73,0.21,0.01,0.0,3.9,0.0,3.38,4.32,0.9,4.1,0.0,0.0,2.59,0.03,77.96,0.02,1.73,0.0,0.0,1.7,5.7,0.0
2000-07-01,0.0,0.36,0.0,0.0,0.0,0.0,0.0,0.73,0.0,0.4,0.52,0.0,0.14,0.84,0.01,4.76,1.7,0.13,0.0,0.0,0.0,0.2,0.0
2000-08-01,0.02,11.37,0.1,1.2,1.9,8.4,0.0,10.21,1.69,1.0,17.4,0.0,0.61,0.85,0.66,4.87,4.2,2.19,0.0,0.0,0.0,9.8,0.0
2000-09-01,0.02,1.63,0.01,0.6,0.0,0.0,0.0,1.14,0.23,0.0,2.91,0.0,0.04,2.64,0.04,9.0,0.0,3.45,0.0,0.0,0.0,1.9,0.0
2000-10-01,20.32,70.94,13.33,27.5,40.2,66.5,0.03,38.22,41.33,35.1,85.91,5.3,57.71,44.98,39.93,12.13,25.4,45.71,1.41,0.0,0.0,103.6,13.4
2000-11-01,0.21,22.13,0.03,1.2,0.0,11.9,0.0,28.17,10.03,5.61,25.0,0.2,39.56,24.3,2.56,9.18,2.5,21.27,0.0,0.0,0.0,6.6,0.0
2000-12-01,46.04,97.93,13.49,57.4,56.7,89.51,3.82,93.05,97.22,74.6,116.41,47.7,129.88,111.32,47.98,68.63,24.91,107.2,3.0,0.0,0.0,111.5,7.4
2001-01-01,104.43,240.32,72.12,141.2,121.2,231.1,54.1,241.62,226.0,210.3,311.0,81.5,258.83,239.68,152.11,114.44,66.72,264.41,50.21,0.04,0.01,221.8,54.8
2001-02-01,312.0,238.95,152.7,240.3,198.9,239.9,271.31,205.51,185.0,177.3,307.62,68.1,205.12,145.59,218.17,177.6,207.04,193.84,25.26,2.56,1.42,233.2,158.2
2001-03-01,184.12,144.15,70.2,198.4,98.4,124.71,95.03,170.01,100.61,93.02,211.41,80.9,85.25,120.29,47.59,125.68,116.83,137.64,98.22,2.02,0.0,154.4,164.0
2001-04-01,46.03,108.87,18.04,101.7,54.9,78.8,8.0,137.15,50.12,54.9,91.9,43.7,51.67,75.12,61.76,6.42,29.51,67.44,8.11,0.0,0.3,113.8,73.4
2001-05-01,2.91,31.26,1.2,0.4,1.6,5.21,0.01,21.46,6.56,2.0,17.63,0.0,8.25,7.09,2.23,17.51,0.02,19.12,0.0,0.0,0.0,46.7,1.4
2001-06-01,0.01,5.38,0.04,0.0,1.3,3.9,0.01,1.17,0.73,0.5,0.11,0.5,0.06,2.77,1.23,7.83,2.81,0.36,0.0,0.0,0.0,3.5,0.0
2001-07-01,0.0,16.46,0.0,0.0,0.0,4.9,0.0,6.68,0.0,0.11,18.01,0.0,0.02,0.22,0.56,6.95,0.0,0.09,0.0,0.0,0.0,17.3,0.0
2001-08-01,4.11,11.95,0.34,0.8,4.9,23.0,1.4,7.22,5.42,3.8,7.72,2.5,3.95,1.74,4.46,8.24,2.33,7.96,0.0,0.01,0.0,13.9,0.0
2001-09-01,7.01,8.4,0.92,7.6,8.0,0.02,0.0,11.59,0.55,5.41,9.71,1.0,18.38,14.08,1.88,4.76,2.32,22.47,0.01,0.0,0.0,4.8,0.0
2001-10-01,4.71,18.68,0.4,0.71,22.6,16.3,0.02,26.63,13.85,9.4,10.23,10.8,20.88,26.21,9.01,15.16,2.51,29.95,1.2,0.0,0.0,7.2,0.0
2001-11-01,0.32,8.56,0.02,2.51,1.2,6.71,0.0,35.13,29.31,5.11,9.2,0.0,41.89,20.89,1.83,23.48,0.03,16.54,0.0,0.0,0.0,14.5,0.0
2001-12-01,10.23,35.87,6.12,7.11,12.8,32.3,0.01,15.34,29.12,17.21,81.9,2.1,89.33,83.99,18.26,61.63,1.05,82.88,2.9,0.0,0.0,52.1,0.0
2002-01-01,56.13,123.58,37.73,41.42,72.2,125.5,79.3,54.24,88.32,54.2,143.82,56.3,15.16,104.09,61.02,136.98,62.53,67.13,19.21,4.9,4.0,137.8,29.4
2002-02-01,206.41,241.62,124.83,242.54,149.9,233.5,106.33,191.69,179.43,178.01,251.1,116.5,198.24,199.18,120.66,117.36,79.81,141.96,56.12,8.51,12.31,246.9,391.0
2002-03-01,192.75,186.83,83.15,115.71,133.3,128.1,41.1,183.91,192.52,159.41,177.31,90.9,171.34,234.26,125.1,149.55,85.82,198.79,76.52,4.03,1.31,168.2,201.8
2002-04-01,58.82,134.85,30.06,17.54,36.3,65.01,3.92,146.5,129.52,68.1,90.62,64.3,105.95,88.4,28.5,16.94,31.72,116.37,2.96,0.02,0.0,105.8,11.4
2002-05-01,2.43,17.37,0.05,0.8,12.2,2.11,0.0,22.4,8.98,6.0,10.1,3.2,38.73,10.9,10.69,10.33,8.32,15.44,0.0,0.01,0.0,31.0,0.0
2002-06-01,0.02,7.99,0.02,0.61,0.0,3.8,0.01,1.69,3.42,0.11,5.6,2.6,0.01,3.4,0.14,1.71,2.21,1.04,0.02,0.0,0.0,10.4,0.0
2002-07-01,24.23,31.77,25.84,34.63,35.8,28.61,8.72,37.11,20.62,21.51,16.74,30.1,20.61,20.2,9.07,0.92,37.7,32.94,22.81,3.01,3.5,34.4,2.2
2002-08-01,0.02,0.6,0.0,0.0,0.3,0.21,0.01,1.12,0.27,2.41,0.02,0.0,4.74,0.01,0.16,1.38,0.01,4.66,0.0,0.0,0.0,2.0,0.0
2002-09-01,0.01,19.1,0.0,0.01,0.8,11.81,0.0,5.91,0.36,0.4,18.23,0.0,1.75,14.81,0.92,4.1,0.01,12.3,0.0,0.0,0.0,11.5,0.0
2002-10-01,0.93,44.7,0.0,0.64,2.0,15.21,0.0,33.38,57.73,20.71,52.12,2.9,31.82,85.5,6.51,15.86,0.08,54.99,0.0,0.0,0.0,48.9,0.0
2002-11-01,28.95,68.9,13.52,55.2,33.0,60.5,5.41,80.71,27.93,53.1,100.83,21.3,55.36,90.5,36.13,14.48,32.8,54.07,2.9,0.01,0.0,68.9,11.8
2002-12-01,44.04,111.0,28.81,135.08,103.5,123.2,10.32,124.22,143.21,90.3,111.0,31.1,166.77,124.0,91.86,94.48,31.81,59.4,19.72,0.01,0.01,113.5,12.8
2003-01-01,67.16,89.14,42.47,108.7,40.3,83.9,8.23,133.9,97.01,91.5,133.7,24.0,162.25,137.1,143.35,103.44,23.42,84.27,3.62,0.0,0.0,141.5,21.4
2003-02-01,95.22,131.36,72.93,224.64,91.0,144.0,11.92,100.88,124.92,87.9,174.0,65.5,205.86,133.5,77.65,160.35,60.52,142.56,16.64,1.5031111111111115,0.01,191.0,16.8
2003-03-01,89.04,193.11,42.53,133.26,66.0,118.3,29.91,176.3,104.21,101.71,221.6,51.3,94.89,183.3,40.74,139.51,56.53,110.51,21.02,0.02,0.4,177.1,61.8
2003-04-01,11.72,29.17,0.04,28.88,19.7,24.3,0.01,37.75,27.63,19.51,42.2,16.3,45.64,32.9,12.04,35.31,14.8,33.85,3.4,0.0,0.0,35.6,0.0
2003-05-01,5.92,11.75,11.8,8.8,6.5,4.71,3.32,9.42,6.42,14.1,9.1,7.0,20.12,1.5,3.91,2.61,5.71,47.36,2.73,0.0,0.01,9.3,6.0
2003-06-01,0.0,1.51,0.0,0.0,0.0,0.0,0.0,0.55,0.5,0.9,4.5,0.0,0.07,3.6,0.04,0.89,0.0,1.01,0.0,0.0,0.0,5.7,0.0
2003-07-01,0.81,3.57,0.03,0.03,0.0,1.82,1.2,18.64,0.04,0.2,0.0,0.9,0.13,0.4,0.14,3.81,0.2,0.14,0.0,0.01,0.01,0.0,0.0
2003-08-01,5.2,4.07,2.1,5.4,4.5,8.9,0.01,13.49,6.6,14.3,2.31,2.5,25.12,1.0,6.03,7.73,5.0,7.21,0.0,0.0,0.0,3.8,0.0
2003-09-01,0.01,13.16,0.01,0.01,1.0,1.7,0.0,5.02,2.92,0.91,17.4,0.2,3.21,12.4,0.51,10.74,0.51,12.01,0.01,0.0,0.0,21.6,0.0
2003-10-01,0.01,14.95,0.0,0.0,0.0,8.2,0.0,16.91,0.44,6.2,18.63,0.0,15.12,11.21,0.36,18.89,0.0,12.44,0.0,0.0,0.0,17.1,0.0
2003-11-01,0.01,7.83,0.0,0.0,0.4,3.01,0.0,22.71,5.81,11.6,39.3,4.1,40.64,41.01,0.05,7.55,0.01,20.55,0.0,0.0,0.0,11.2,0.0
2003-12-01,17.13,114.54,7.02,47.12,46.6,82.41,7.41,70.76,68.32,54.21,133.6,19.1,135.4,119.6,47.42,64.43,44.02,89.34,0.02,0.0,0.0,149.8,0.0
2004-01-01,154.13,208.69,82.54,145.33,144.8,181.12,55.4,169.58,138.6,141.21,0.0,75.7,221.96,197.8,108.95,119.42,103.01,120.77,57.24,2.34,2.61,231.7,162.2
2004-02-01,107.92,176.34,101.33,107.92,90.1,150.9,52.71,132.78,108.9,120.72,143.3,76.2,170.2,187.1,95.05,92.87,48.32,147.98,26.81,9.5,6.0,196.8,102.8
2004-03-01,79.74,138.54,77.21,92.94,121.9,176.6,2.12,113.85,87.84,77.72,104.6,67.1,99.19,91.5,98.53,108.38,53.14,102.45,10.05,0.0,0.0,161.8,9.0
2004-04-01,13.22,39.4,0.0,15.82,40.2,12.1,0.0,41.84,53.71,27.61,56.8,30.9,53.92,50.3,30.45,21.88,12.91,37.09,0.01,0.0,0.0,57.8,0.0
2004-05-01,0.0,2.41,0.0,0.0,0.0,0.0,0.0,2.62,0.0,0.0,1.8,0.0,0.32,0.0,0.1,10.98,0.0,0.07,0.0,0.0,0.0,0.0,0.0
2004-06-01,0.0,0.49,0.0,0.0,0.0,0.0,0.0,0.1,0.04,0.0,3.5,0.0,0.18,1.1,0.04,0.62,0.01,0.15,0.0,0.0,0.0,0.0,0.0
2004-07-01,8.41,20.25,8.3,8.5,7.6,19.9,17.1,38.01,13.33,22.4,23.9,11.9,49.25,22.5,8.54,1.27,13.9,52.44,9.61,2.2,2.5,17.0,18.0
2004-08-01,1.05,14.9,0.07,1.29,3.1,11.1,0.0,23.3,7.06,5.31,18.02,2.2,10.92,12.4,2.93,1.47,0.75,10.39,0.01,0.0,0.0,22.1,0.0
2004-09-01,2.11,15.39,0.91,5.14,24.3,27.3,0.0,4.58,5.14,7.41,10.9,0.2,20.77,6.3,2.21,12.12,0.64,25.17,2.3,0.0,0.0,26.0,0.0
2004-10-01,0.0,3.18,0.0,0.02,0.0,3.5,0.0,2.9,2.32,0.2,8.9,0.0,6.81,8.9,0.45,26.02,0.0,11.22,0.0,0.0,0.0,1.3,0.0
2004-11-01,0.0,0.01,0.0,0.0,0.0,0.0,0.0,0.48,8.4,0.0,14.3,0.0,21.2,6.8,0.0,44.35,0.0,3.54,0.0,0.0,0.0,10.1,0.0
2004-12-01,32.32,72.67,24.23,25.13,37.1,52.11,2.8,75.71,38.82,63.7,54.3,6.5,84.36,59.91,34.18,50.23,17.86,102.12,1.22,0.01,0.01,75.9,14.0
2005-01-01,53.02,124.32,47.93,48.58,68.7,96.6,41.1,126.43,51.62,88.91,129.2,65.9,185.23,111.8,88.19,98.4,54.13,95.81,17.62,0.01,0.0,173.4,14.2
2005-02-01,114.45,207.02,71.03,132.8,106.9,172.5,30.03,181.24,121.72,152.3,197.6,76.0,162.91,143.8,88.97,126.2,114.43,193.55,38.66,2.53,0.02,190.4,57.8
2005-03-01,58.22,127.46,32.63,58.42,67.0,67.8,38.73,109.7,57.68,77.9,163.7,26.1,106.86,114.71,72.27,144.7,56.06,106.28,18.31,0.0,0.0,104.7,15.2
2005-04-01,3.51,56.85,6.73,1.82,7.9,22.9,0.0,54.84,53.73,33.4,74.4,41.7,50.22,47.5,11.12,25.82,13.42,45.94,1.41,0.01,0.2,143.0,0.0
2005-05-01,0.0,0.46,0.0,0.0,0.0,0.0,0.0,1.28,0.01,0.0,0.2,0.0,0.34,0.0,0.04,14.99,0.0,0.0,0.0,0.0,0.0,0.2,0.0
2005-06-01,0.0,0.01,0.0,0.0,0.0,0.0,0.0,0.01,0.0,0.0,0.0,0.0,0.57,0.0,0.05,0.05,0.0,0.41,0.0,0.0,0.0,0.0,0.0
2005-07-01,0.0,0.06,0.0,0.0,0.0,0.0,0.0,0.01,0.0,0.0,0.0,0.0,0.0,0.0,0.0,0.96,0.0,0.08,0.0,0.0,0.0,0.0,0.0
2005-08-01,0.0,0.71,0.0,0.0,0.0,0.0,0.0,0.05,0.01,0.0,0.4,0.0,0.0,1.5,0.01,0.45,0.01,0.1,0.0,0.0,0.0,7.2,0.0
2005-09-01,9.82,23.16,18.02,8.4,19.9,20.51,2.51,15.25,10.46,17.51,7.6,15.9,54.56,8.92,11.45,9.58,15.62,57.57,14.8,0.02,0.0,8.57,10.6
2005-10-01,0.01,11.61,0.01,0.0,0.2,2.71,0.0,23.35,2.94,3.3,14.73,0.0,26.67,18.1,0.24,16.62,0.0,19.1,0.0,0.0,0.0,48.8,0.0
2005-11-01,1.01,18.75,0.01,7.9,0.3,9.5,0.6,15.53,19.73,19.11,22.5,2.7,41.96,25.1,1.13,26.58,2.02,17.73,0.01,0.0,0.0,71.4,0.0
2005-12-01,78.01,103.42,50.14,74.0,68.2,93.21,14.22,120.31,96.72,92.3,194.5,54.0,137.57,171.01,70.68,71.76,51.84,97.37,12.64,1.7,0.02,108.8,5.2
2006-01-01,110.02,202.01,93.04,156.7,116.8,232.6,19.15,239.62,148.76,216.01,271.12,128.2,258.34,240.4,137.64,82.34,126.71,230.4,39.65,0.02,0.03,236.5,37.9
2006-02-01,185.61,200.31,115.9,108.1,114.8,164.92,101.8,160.37,119.11,139.01,159.3,81.9,156.96,206.1,97.2,117.54,94.0,176.79,62.14,0.9,0.02,165.0,37.6
2006-03-01,102.74,195.46,93.63,157.0,165.0,228.72,29.62,202.42,152.02,153.71,206.52,100.6,167.71,265.51,154.72,156.81,129.21,186.43,32.44,0.01,0.0,201.7,66.7
2006-04-01,5.85,62.32,6.93,13.4,7.2,29.8,0.4,70.62,39.33,28.6,58.1,3.7,52.02,46.4,8.87,15.73,14.41,44.3,0.6,0.0,0.0,67.1,2.6
2006-05-01,0.01,6.11,0.0,0.0,0.0,1.0,0.0,4.78,0.2,0.2,1.3,0.4,1.27,2.2,0.01,5.46,0.0,3.3,0.0,0.0,0.0,7.1,0.0
2006-06-01,0.01,4.06,0.0,0.0,0.0,5.8,0.0,0.34,0.11,0.0,4.9,0.0,0.3,0.21,0.27,1.7,0.0,0.0,0.0,0.0,0.0,0.0,0.0
2006-07-01,0.0,0.02,0.0,0.0,0.0,0.0,0.0,0.09,0.0,0.0,0.0,0.0,0.01,2.4,0.02,9.13,0.0,0.04,0.0,0.0,0.0,0.0,0.0
2006-08-01,0.11,7.67,0.02,0.0,0.0,1.9,0.0,8.36,2.72,0.4,0.81,0.0,0.6,1.6,0.12,0.35,0.01,3.13,0.0,0.0,0.01,3.5,0.0
2006-09-01,7.91,25.54,0.03,14.5,14.3,10.5,0.02,10.4,6.91,3.6,18.61,1.2,21.11,15.8,35.97,13.85,6.12,10.67,0.0,0.0,0.0,14.5,0.0
2006-10-01,9.31,29.33,10.91,18.8,26.1,35.0,0.01,29.85,5.44,9.1,63.1,12.7,29.45,34.81,16.59,22.11,16.21,26.26,6.8,0.0,0.0,31.0,0.0
2006-11-01,4.63,61.56,0.62,22.3,42.3,41.9,0.01,67.74,53.42,44.9,93.11,15.8,67.48,81.6,22.05,16.9,18.41,32.3,1.3,0.0,0.0,98.0,5.5
2006-12-01,14.51,60.12,4.54,36.1,33.9,16.2,0.01,62.49,55.42,52.82,105.9,15.1,110.69,76.0,18.44,43.17,20.33,84.4,0.01,0.0,0.0,121.4,5.3
2007-01-01,105.83,186.96,50.57,119.3,138.8,147.0,18.42,166.04,89.13,133.81,193.31,102.4,210.02,161.1,140.69,145.72,83.1,132.19,37.42,2.7,11.7,204.8,22.7
2007-02-01,126.22,179.65,112.22,139.1,120.8,144.0,42.01,111.41,78.01,96.02,151.4,61.8,134.64,145.12,112.51,145.58,95.71,175.12,46.02,0.0,0.4,219.9,63.0
2007-03-01,126.65,180.27,76.83,128.9,102.9,95.1,23.21,202.08,162.51,156.1,160.9,71.8,170.44,158.2,111.19,134.79,85.54,185.29,8.85,0.01,0.3,195.0,25.7
2007-04-01,32.73,38.34,15.0,23.2,35.1,25.61,6.93,46.17,36.32,35.41,36.11,3.1,59.92,30.52,26.8,14.35,12.45,39.92,2.62,0.0,0.0,56.5,2.0
2007-05-01,0.31,9.11,0.3,0.0,1.6,9.8,0.0,16.05,4.62,7.7,11.2,1.3,32.7,7.8,1.62,1.17,1.0,60.56,0.0,0.0,0.0,12.2,0.0
2007-06-01,0.01,0.05,0.01,0.0,0.9,0.01,0.0,0.0,0.23,0.0,0.01,0.0,0.0,0.0,0.16,20.75,0.0,0.04,0.0,0.0,0.0,0.5,0.0
2007-07-01,0.01,9.65,0.0,0.0,0.0,2.1,0.0,1.82,2.14,0.01,3.1,0.0,0.29,1.61,0.26,1.28,0.0,1.83,0.0,0.0,0.0,6.3,0.0
2007-08-01,0.0,0.78,0.0,0.0,0.0,0.0,0.0,0.26,0.02,0.0,0.0,0.0,0.89,0.01,0.0,0.83,0.02,0.18,0.0,0.0,0.0,0.0,0.0
2007-09-01,0.01,16.11,0.01,0.0,0.8,3.3,0.01,16.34,5.72,0.92,13.2,0.0,11.61,9.22,0.7,28.23,0.13,26.75,0.0,0.0,0.0,39.6,0.0
2007-10-01,0.01,13.67,0.0,0.0,0.7,8.1,0.0,17.35,10.81,4.3,18.7,0.9,16.76,12.7,0.97,21.87,0.0,22.68,0.0,0.0,0.0,40.8,0.0
2007-11-01,7.82,22.84,0.22,17.2,18.1,23.2,0.01,39.57,32.12,35.91,69.51,17.6,55.75,81.8,4.62,12.95,18.92,33.35,0.01,0.0,0.0,11.1,7.2
2007-12-01,14.66,96.15,9.45,37.5,53.3,56.32,0.93,47.71,50.26,33.8,134.31,37.5,96.88,102.8,47.76,57.02,14.15,69.23,0.01,0.0,0.0,109.8,5.7
2008-01-01,201.91,257.81,186.5,200.0,262.3,229.7,106.6,195.94,196.33,150.52,222.11,135.1,181.18,196.9,170.64,100.96,156.75,165.37,84.33,16.93,30.32,298.0,187.9
2008-02-01,74.71,123.53,31.53,103.2,111.9,128.4,40.9,89.09,53.64,85.8,148.91,80.6,117.25,129.8,152.31,92.38,102.61,173.2,19.19,0.01,0.0,145.6,81.0
2008-03-01,38.53,69.96,21.63,73.75,32.4,49.0,0.76,41.87,38.04,46.74,85.11,69.7,80.4,77.2,24.65,139.28,39.73,86.24,5.54,0.0,0.0,71.0,30.2
2008-04-01,0.01,5.46,0.0,0.0,0.0,3.52,1.0,5.23,0.32,1.3,2.41,0.0,20.18,2.22,0.46,68.91,0.0,5.19,0.01,0.0,0.0,0.7,0.0
2008-05-01,0.01,3.23,0.0,0.0,0.0,0.9,0.0,0.41,0.03,0.0,0.9,0.0,0.18,1.7,0.01,9.49,0.01,4.17,0.0,0.0,0.0,3.4,0.0
2008-06-01,0.01,2.65,0.8,0.0,0.0,0.5,0.0,1.98,0.01,0.1,0.0,0.8,3.9,0.01,0.09,0.01,0.01,0.06,0.0,0.0,0.0,0.4,0.0
2008-07-01,0.0,0.06,0.0,0.0,0.0,0.0,0.0,0.05,0.0,0.0,0.8,0.0,0.0,0.0,0.0,0.9,0.0,0.0,0.0,0.0,0.0,1.3,0.0
2008-08-01,4.4,0.61,1.4,1.0,1.6,0.0,0.01,0.73,0.6,0.4,0.01,0.8,0.36,0.6,0.3,2.42,5.2,0.89,1.2,0.0,0.0,0.0,3.0
2008-09-01,0.0,1.65,0.0,0.0,0.0,0.3,0.0,0.76,0.02,0.0,0.02,0.0,0.62,0.5,0.11,3.39,0.0,2.4,0.0,0.0,0.0,6.1,0.0
2008-10-01,1.21,17.07,0.0,3.1,4.0,4.1,0.0,12.44,11.43,5.91,36.0,0.4,13.4,35.41,1.67,28.51,0.05,19.47,0.0,0.0,0.0,32.4,0.0
2008-11-01,0.02,4.99,0.0,0.0,1.7,4.4,0.0,9.06,10.65,6.3,8.11,0.0,34.17,12.91,0.33,12.19,0.0,25.5,0.0,0.0,0.0,6.3,0.0
2008-12-01,40.25,95.63,7.62,64.6,61.0,80.9,1.12,94.67,103.91,78.52,147.92,47.6,149.73,150.0,47.45,73.96,54.63,73.57,1.63,0.0,0.0,144.8,13.7
2009-01-01,53.47,104.62,68.6,78.3,81.5,56.6,54.73,120.84,82.11,109.0,125.71,87.3,200.35,108.2,54.35,116.64,51.22,111.55,10.83,0.03,0.4,97.1,41.1
2009-02-01,143.11,203.61,104.4,182.0,156.8,245.01,102.51,189.44,147.91,187.91,171.2,107.1,196.28,179.9,137.03,154.86,156.51,172.07,58.43,0.01,1.7,219.3,80.5
2009-03-01,57.6,133.24,68.52,78.5,83.5,89.02,37.42,128.56,45.06,71.62,130.52,47.0,81.86,99.21,57.74,114.64,43.31,91.5,52.79,0.0,1.5,108.3,49.4
2009-04-01,30.12,65.57,39.63,34.4,60.7,66.6,2.32,70.16,33.42,71.71,74.1,50.1,61.54,68.91,55.07,0.42,16.53,77.81,6.75,0.01,0.0,84.3,29.0
2009-05-01,0.01,2.76,0.0,1.6,0.0,0.0,0.0,6.32,0.04,0.3,10.9,1.4,1.34,4.91,0.07,22.49,0.02,2.61,0.0,0.0,0.0,0.0,0.0
2009-06-01,0.0,0.01,0.0,0.0,0.0,0.0,0.0,0.03,0.0,0.0,0.0,0.0,0.11,0.0,0.01,0.09,0.0,0.04,0.0,0.0,0.0,0.0,0.0
2009-07-01,8.72,11.04,7.53,7.6,11.6,7.81,0.0,15.48,8.83,10.8,17.4,19.1,2.33,5.6,28.83,0.44,11.82,28.88,0.0,0.0,0.0,16.0,7.8
