date,caudal_chuapalca_m3_s,volumen_chuapalca_mmc
1963-01-01,2.86,7.6602
1963-02-01,31.3,75.721
1963-03-01,17.94,48.0505
1963-04-01,8.68,22.4986
1963-05-01,6.21,16.6329
1963-06-01,3.6,9.3312
1963-07-01,3.58,9.5887
1963-08-01,3.46,9.2673
1963-09-01,2.81,7.2835
1963-10-01,2.39,6.4014
1963-11-01,2.1,5.4432
1963-12-01,3.27,8.7584
1964-01-01,2.86,7.6602
1964-02-01,5.47,13.7056
1964-03-01,4.22,11.3028
1964-04-01,2.7,6.9984
1964-05-01,2.3,6.1603
1964-06-01,2.28,5.9098
1964-07-01,2.32,6.2139
1964-08-01,2.29,6.1335
1964-09-01,2.07,5.3654
1964-10-01,1.84,4.9283
1964-11-01,2.09,5.4173
1964-12-01,2.37,6.3478
1965-01-01,2.85,7.6334
1965-02-01,5.42,13.1121
1965-03-01,3.1,8.303
1965-04-01,2.55,6.6096
1965-05-01,2.26,6.0532
1965-06-01,2.57,6.6614
1965-07-01,2.52,6.7496
1965-08-01,2.51,6.7228
1965-09-01,2.64,6.8429
1965-10-01,1.68,4.4997
1965-11-01,1.49,3.8621
1965-12-01,1.73,4.6336
1966-01-01,1.68,4.4997
1966-02-01,2.41,5.8303
1966-03-01,2.69,7.2049
1966-04-01,2.18,5.6506
1966-05-01,2.47,6.6156
1966-06-01,2.46,6.3763
1966-07-01,2.54,6.8031
1966-08-01,2.39,6.4014
1966-09-01,1.95,5.0544
1966-10-01,2.07,5.5443
1966-11-01,1.63,4.225
1966-12-01,1.82,4.8747
1967-01-01,1.87,5.0086
1967-02-01,3.73,9.0236
1967-03-01,5.18,13.8741
1967-04-01,2.78,7.2058
1967-05-01,2.53,6.7764
1967-06-01,2.71,7.0243
1967-07-01,2.74,7.3388
1967-08-01,2.84,7.6067
1967-09-01,2.65,6.8688
1967-10-01,2.55,6.8299
1967-11-01,2.47,6.4022
1967-12-01,2.57,6.8835
1968-01-01,3.91,10.4725
1968-02-01,6.03,15.1088
1968-03-01,5.1,13.6598
1968-04-01,3.16,8.1907
1968-05-01,2.66,7.1245
1968-06-01,2.06,5.3395
1968-07-01,1.82,4.8747
1968-08-01,1.8,4.8211
1968-09-01,1.69,4.3805
1968-10-01,1.81,4.8479
1968-11-01,2.52,6.5318
1968-12-01,2.65,7.0978
1969-01-01,3.27,8.7584
1969-02-01,4.03,9.7494
1969-03-01,3.01,8.062
1969-04-01,2.01,5.2099
1969-05-01,1.88,5.0354
1969-06-01,2.14,5.5469
1969-07-01,2.2,5.8925
1969-08-01,2.21,5.9193
1969-09-01,2.26,5.8579
1969-10-01,1.72,4.6068
1969-11-01,1.77,4.5878
1969-12-01,2.58,6.9103
1970-01-01,4.1,10.9814
1970-02-01,5.38,13.0153
1970-03-01,4.3,11.5171
1970-04-01,3.4,8.8128
1970-05-01,2.76,7.3924
1970-06-01,2.45,6.3504
1970-07-01,2.32,6.2139
1970-08-01,2.09,5.5979
1970-09-01,1.82,4.7174
1970-10-01,1.79,4.7943
1970-11-01,1.77,4.5878
1970-12-01,2.58,6.9103
1971-01-01,4.14,11.0886
1971-02-01,12.5,30.24
1971-03-01,4.27,11.4368
1971-04-01,2.37,6.143
1971-05-01,2.24,5.9996
1971-06-01,2.31,5.9875
1971-07-01,2.14,5.7318
1971-08-01,2.11,5.6514
1971-09-01,1.84,4.7693
1971-10-01,1.77,4.7408
1971-11-01,2.16,5.5987
1971-12-01,2.54,6.8031
1972-01-01,8.98,24.052
1972-02-01,7.21,18.0654
1972-03-01,13.29,35.5959
1972-04-01,5.09,13.1933
1972-05-01,2.64,7.071
1972-06-01,2.55,6.6096
1972-07-01,2.93,7.8477
1972-08-01,3.09,8.2763
1972-09-01,3.11,8.0611
1972-10-01,3.07,8.2227
1972-11-01,2.67,6.9206
1972-12-01,3.12,8.3566
1973-01-01,6.78,18.1596
1973-02-01,10.03,24.2646
1973-03-01,11.34,30.3731
1973-04-01,4.63,12.001
1973-05-01,3.06,8.1959
1973-06-01,2.86,7.4131
1973-07-01,2.94,7.8745
1973-08-01,2.74,7.3388
1973-09-01,2.3,5.9616
1973-10-01,2.09,5.5979
1973-11-01,2.04,5.2877
1973-12-01,2.36,6.321
1974-01-01,6.78,18.1596
1974-02-01,10.38,25.1113
1974-03-01,12.47,33.3996
1974-04-01,4.64,12.0269
1974-05-01,3.06,8.1959
1974-06-01,2.87,7.439
1974-07-01,2.94,7.8745
1974-08-01,2.73,7.312
1974-09-01,2.28,5.9098
1974-10-01,2.23,5.9728
1974-11-01,2.21,5.7283
1974-12-01,2.36,6.321
1975-04-01,2.07,5.3654
1975-05-01,1.81,4.8479
1975-06-01,1.8,4.6656
1975-07-01,1.82,4.8747
1975-08-01,2.09,5.5979
1975-09-01,1.84,4.7693
1975-10-01,1.63,4.3658
1975-11-01,1.64,4.2509
1975-12-01,1.7,4.5533
1976-01-01,4.87,13.0438
1976-02-01,14.72,36.8824
1976-03-01,14.09,37.7387
1976-04-01,3.7,9.5904
1976-05-01,2.85,7.6334
1976-06-01,2.7,6.9984
1976-07-01,2.4,6.4282
1976-08-01,2.12,5.6782
1976-09-01,1.77,4.5878
1976-10-01,1.88,5.0354
1976-11-01,1.82,4.7174
1976-12-01,3.64,9.7494
1977-01-01,8.52,22.82
1977-02-01,8.26,19.9826
1977-03-01,5.85,15.6686
1977-04-01,3.26,8.4499
1977-05-01,2.51,6.7228
1977-06-01,2.62,6.791
1977-07-01,2.63,7.0442
1977-08-01,2.6,6.9638
1977-09-01,2.69,6.9725
1977-10-01,1.98,5.3032
1977-11-01,1.8,4.6656
1977-12-01,3.75,10.044
1978-01-01,3.2,8.5709
1978-02-01,8.18,19.7891
1978-03-01,13.27,35.5424
1978-04-01,3.5,9.072
1978-05-01,2.5,6.696
1978-06-01,2.75,7.128
1978-07-01,2.4,6.4282
1978-08-01,2.08,5.5711
1978-09-01,1.99,5.1581
1978-10-01,1.99,5.33
1978-11-01,2.64,6.8429
1978-12-01,2.4,6.4282
1979-01-01,11.53,30.882
1979-02-01,6.31,15.2652
1979-03-01,3.42,9.1601
1979-04-01,2.81,7.2835
1979-05-01,2.03,5.4372
1979-06-01,2.26,5.8579
1979-07-01,2.4,6.4282
1979-08-01,2.25,6.0264
1979-09-01,1.97,5.1062
1979-10-01,1.73,4.6336
1979-11-01,2.58,6.6874
1979-12-01,2.55,6.8299
1980-01-01,7.47,20.0076
1980-02-01,3.28,8.2184
1980-04-01,2.01,5.2099
1980-05-01,1.8,4.8211
1980-06-01,1.85,4.7952
1980-07-01,1.85,4.955
1980-08-01,1.6,4.2854
1980-09-01,1.6,4.1472
1980-10-01,1.77,4.7408
1980-11-01,2.36,6.1171
1980-12-01,1.62,4.339
1981-01-01,3.11,8.3298
1981-02-01,12.31,29.7804
1981-03-01,4.88,13.0706
1987-01-01,12.84,34.3907
1987-02-01,4.46,10.7896
1987-03-01,2.33,6.2407
1987-04-01,1.93,5.0026
1987-05-01,1.93,5.1693
1987-06-01,1.94,5.0285
1987-07-01,2.05,5.4907
1987-08-01,1.87,5.0086
1987-09-01,1.89,4.8989
1987-10-01,1.84,4.9283
1987-11-01,1.99,5.1581
1987-12-01,1.98,5.3032
1990-04-01,2.36,6.1171
1990-05-01,1.88,5.0354
1990-06-01,1.93,5.0026
1990-07-01,1.91,5.1157
1990-08-01,1.85,4.955
1990-09-01,1.84,4.7693
1990-10-01,1.95,5.2229
1990-11-01,1.99,5.1581
1990-12-01,1.98,5.3032
1991-01-01,4.57,12.2403
1991-02-01,3.12,7.5479
1991-03-01,3.56,9.5351
1991-04-01,2.69,6.9725
1991-05-01,2.06,5.5175
1991-06-01,1.91,4.9507
1991-07-01,1.85,4.955
1991-08-01,1.83,4.9015
1991-09-01,1.81,4.6915
1991-10-01,1.78,4.7676
1991-11-01,1.79,4.6397
1991-12-01,1.84,4.9283
1992-01-01,2.56,6.8567
1992-02-01,2.68,6.715
1992-03-01,2.73,7.312
1992-04-01,2.19,5.6765
1992-05-01,2.11,5.6514
1992-06-01,1.81,4.6915
1992-07-01,1.8,4.8211
1992-08-01,1.77,4.7408
1992-09-01,1.76,4.5619
1992-10-01,1.71,4.5801
1992-11-01,1.24,3.2141
1992-12-01,1.91,5.1157
1993-01-01,4.46,11.9457
1993-02-01,2.93,7.0883
1993-03-01,3.75,10.044
1993-04-01,2.29,5.9357
1993-05-01,2.27,6.08
1993-06-01,1.96,5.0803
1993-07-01,1.9,5.089
1993-08-01,1.83,4.9015
1993-09-01,1.69,4.3805
1993-10-01,1.79,4.7943
1993-11-01,1.56,4.0435
1993-12-01,1.75,4.6872
1994-01-01,2.99,8.0084
1994-02-01,3.92,9.4833
1994-03-01,2.76,7.3924
1994-04-01,2.76,7.1539
1994-05-01,2.83,7.5799
1994-06-01,2.8,7.2576
1994-07-01,2.79,7.4727
1994-08-01,2.76,7.3924
1994-09-01,2.7,6.9984
1994-10-01,2.69,7.2049
1994-11-01,2.8,7.2576
1994-12-01,2.96,7.9281
1995-01-01,2.41,6.4549
1995-02-01,2.21,5.3464
1995-03-01,3.44,9.2137
1995-04-01,2.33,6.0394
1995-05-01,2.12,5.6782
1995-06-01,1.94,5.0285
1995-07-01,2.02,5.4104
1995-08-01,1.94,5.1961
1995-09-01,1.86,4.8211
1995-10-01,1.67,4.4729
1995-11-01,1.75,4.536
1995-12-01,1.82,4.8747
1996-01-01,2.64,7.071
1996-02-01,3.27,8.1933
1996-03-01,2.22,5.946
1996-04-01,2.08,5.3914
1996-05-01,1.84,4.9283
1996-06-01,1.6,4.1472
1996-07-01,1.37,3.6694
1996-08-01,1.38,3.6962
1996-09-01,1.39,3.6029
1996-10-01,1.4,3.7498
1996-11-01,1.19,3.0845
1996-12-01,1.42,3.8033
1997-01-01,5.18,13.8741
1997-02-01,8.86,21.4341
1997-03-01,3.67,9.8297
1997-04-01,1.88,4.873
1997-05-01,1.63,4.3658
1997-06-01,1.62,4.199
1997-07-01,1.49,3.9908
1997-08-01,1.53,4.098
1997-09-01,1.5,3.888
1997-10-01,1.31,3.5087
1997-11-01,1.31,3.3955
1997-12-01,1.42,3.8033
1998-01-01,3.6,9.6422
1998-02-01,3.07,7.4269
1998-03-01,1.4,3.7498
1998-04-01,1.42,3.6806
1998-05-01,1.79,4.7943
1998-06-01,1.58,4.0954
1998-07-01,1.57,4.2051
1998-08-01,1.53,4.098
1998-09-01,1.37,3.551
1998-10-01,1.38,3.6962
1998-11-01,1.45,3.7584
1998-12-01,1.48,3.964
1999-01-01,2.12,5.6782
1999-02-01,10.97,26.5386
1999-03-01,16.78,44.9436
1999-04-01,5.08,13.1674
1999-05-01,1.92,5.1425
1999-06-01,1.96,5.0803
1999-07-01,1.97,5.2764
1999-08-01,1.83,4.9015
1999-09-01,1.84,4.7693
1999-10-01,1.89,5.0622
1999-11-01,1.58,4.0954
1999-12-01,1.86,4.9818
2000-01-01,4.91,13.1509
2000-02-01,9.96,24.9558
2000-03-01,9.96,26.6769
2000-04-01,2.03,5.2618
2000-05-01,1.79,4.7943
2000-06-01,1.79,4.6397
2000-07-01,1.76,4.714
2000-08-01,1.81,4.8479
2000-09-01,1.59,4.1213
2000-10-01,1.49,3.9908
2000-11-01,1.41,3.6547
2000-12-01,2.14,5.7318
2001-01-01,11.76,31.498
2001-02-01,23.04,55.7384
2001-03-01,14.09,37.7387
2001-04-01,5.57,14.4374
2001-05-01,3.56,9.5351
2001-06-01,2.53,6.5578
2001-07-01,2.82,7.5531
2001-08-01,2.42,6.4817
2001-09-01,2.14,5.5469
2001-10-01,1.85,4.955
2001-11-01,1.82,4.7174
2001-12-01,2.47,6.6156
2002-01-01,1.84,4.9283
2002-02-01,4.42,10.6929
2002-03-01,5.86,15.6954
2002-04-01,3.31,8.5795
2002-05-01,2.07,5.5443
2002-06-01,2.06,5.3395
2002-07-01,2.37,6.3478
2002-08-01,2.27,6.08
2002-09-01,1.7,4.4064
2002-10-01,2.04,5.4639
2002-11-01,2.11,5.4691
2002-12-01,1.91,5.1157
2003-01-01,2.52,6.7496
2003-02-01,3.21,7.7656
2003-03-01,2.8,7.4995
2003-04-01,2.31,5.9875
2003-05-01,2.35,6.2942
2003-06-01,2.02,5.2358
2003-07-01,2.05,5.4907
2003-08-01,1.94,5.1961
2003-09-01,1.85,4.7952
2003-10-01,1.59,4.2587
2003-11-01,1.69,4.3805
2003-12-01,1.95,5.2229
