date,caudal_puentecolgantesibayo_m3s,volumen_puentecolgantesibayo_mmc
1968-09-01,3.737,9.687
1968-10-01,4.247,11.375
1968-11-01,14.983,38.837
1968-12-01,15.755,42.198
1969-12-01,6.968,18.663
1970-01-01,34.029,91.143
1970-02-01,57.929,140.141
1970-05-01,7.766,20.802
1970-06-01,5.059,13.112
1970-07-01,4.012,10.746
1970-08-01,3.444,9.225
1970-09-01,3.863,10.012
1970-10-01,3.383,9.06
1970-12-01,6.91,18.509
1971-01-01,17.473,46.8
1971-02-01,70.179,169.776
1971-03-01,40.716,109.054
1971-04-01,16.44,42.613
1971-05-01,6.814,18.249
1971-06-01,5.305,13.751
1971-07-01,4.446,11.908
1971-08-01,4.085,10.94
1971-09-01,3.812,9.881
1971-10-01,3.875,10.379
1971-11-01,3.542,9.181
1971-12-01,8.44,22.605
1972-01-01,58.055,155.494
1972-02-01,32.538,81.527
1972-03-01,62.619,167.72
1972-04-01,25.993,67.375
1972-05-01,10.279,27.531
1972-06-01,7.342,19.03
1972-07-01,6.382,17.093
1972-08-01,4.997,13.384
1972-09-01,5.907,15.31
1972-10-01,4.423,11.845
1972-11-01,5.21,13.504
1972-12-01,7.044,18.866
1973-01-01,80.552,215.749
1973-02-01,151.186,365.748
1973-03-01,157.229,421.122
1973-04-01,35.023,90.78
1973-05-01,13.442,36.003
1973-06-01,6.685,17.328
1973-07-01,7.677,20.563
1973-08-01,6.35,17.008
1973-09-01,5.837,15.129
1973-10-01,4.764,12.76
1973-11-01,5.146,13.338
1973-12-01,9.817,26.294
1974-01-01,131.306,351.691
1974-02-01,210.107,508.291
1974-03-01,75.135,201.243
1974-04-01,25.267,65.491
1974-05-01,9.351,25.045
1974-06-01,7.894,20.462
1974-07-01,6.585,17.637
1974-08-01,9.68,25.926
1974-09-01,11.669,30.245
1974-10-01,6.675,17.878
1974-11-01,5.935,15.383
1974-12-01,8.149,21.826
1975-01-01,49.398,132.309
1975-02-01,171.014,413.718
1975-03-01,129.439,346.689
1975-04-01,24.163,62.631
1975-05-01,13.984,37.454
1975-06-01,8.147,21.118
1975-07-01,8.285,22.191
1975-08-01,6.503,17.418
1975-09-01,5.166,13.39
1975-10-01,5.251,14.064
1975-11-01,4.964,12.867
1975-12-01,17.563,47.04
1976-01-01,100.716,269.758
1976-02-01,89.941,225.357
1976-03-01,103.316,276.722
1976-04-01,26.277,68.109
1976-05-01,9.754,26.124
1976-06-01,8.675,22.485
1976-07-01,6.575,17.612
1976-08-01,5.788,15.504
1976-09-01,9.881,25.611
1976-10-01,4.224,11.314
1976-11-01,3.041,7.882
1976-12-01,6.308,16.895
1977-01-01,13.252,35.493
1977-02-01,88.25,213.494
1977-03-01,112.674,301.787
1977-04-01,15.32,39.709
1977-05-01,6.155,16.485
1977-06-01,3.927,10.178
1977-07-01,4.558,12.209
1977-08-01,3.774,10.109
1977-09-01,4.114,10.663
1977-10-01,4.715,12.627
1977-11-01,11.541,29.915
1977-12-01,7.248,19.414
1978-01-01,128.376,343.842
1978-02-01,66.789,161.577
1978-03-01,17.216,46.112
1978-04-01,18.102,46.92
1978-05-01,7.24,19.391
1978-06-01,4.456,11.55
1978-07-01,3.727,9.982
1978-08-01,3.149,8.435
1978-09-01,2.813,7.29
1978-10-01,2.512,6.729
1978-11-01,9.522,24.681
1978-12-01,18.817,50.399
1979-01-01,57.321,153.528
1979-02-01,48.868,118.221
1979-03-01,83.311,223.141
1979-04-01,16.702,43.292
1979-05-01,6.879,18.424
1979-06-01,4.594,11.908
1979-07-01,3.793,10.159
1979-08-01,3.157,8.455
1979-09-01,3.19,8.268
1979-10-01,5.181,13.878
1979-11-01,6.19,16.044
1979-12-01,14.541,38.947
1980-01-01,19.789,53.004
1980-02-01,49.517,124.07
1980-03-01,54.005,144.647
1980-04-01,25.26,65.475
1980-05-01,4.924,13.187
1980-06-01,3.389,8.784
1980-07-01,3.059,8.192
1980-08-01,3.17,8.49
1980-09-01,3.486,9.036
1980-10-01,6.653,17.819
1980-11-01,4.976,12.897
1980-12-01,4.172,11.174
1981-01-01,53.458,143.182
1981-02-01,163.229,394.883
1981-03-01,73.726,197.467
1981-04-01,40.671,105.418
1981-05-01,7.725,20.691
1981-06-01,6.053,15.69
1981-07-01,5.393,14.444
1981-08-01,6.356,17.025
1981-09-01,5.184,13.437
1981-10-01,5.112,13.691
1981-11-01,4.742,12.291
1981-12-01,9.195,24.627
1982-01-01,83.032,222.394
1982-02-01,24.048,58.177
1982-04-01,43.575,112.946
1982-05-01,7.51,20.114
1982-06-01,4.467,11.578
1982-07-01,4.032,10.798
1982-08-01,4.125,11.05
1982-09-01,5.479,14.202
1982-10-01,9.836,26.345
1982-11-01,29.887,77.468
1982-12-01,19.988,53.535
1983-01-01,8.278,22.172
1983-02-01,10.786,26.093
1983-03-01,8.33,22.31
1983-04-01,8.234,21.343
1983-05-01,3.821,10.233
1983-06-01,3.116,8.077
1983-07-01,2.389,6.4
1983-08-01,2.3,6.159
1983-09-01,2.277,5.903
1983-10-01,2.771,7.422
1983-11-01,1.834,4.754
1983-12-01,3.442,9.218
1984-01-01,61.777,165.465
1984-02-01,191.072,478.751
1984-03-01,160.161,428.976
1984-04-01,54.924,142.363
1984-05-01,11.681,31.285
1984-06-01,6.885,17.846
1984-07-01,5.473,14.658
1984-08-01,5.098,13.656
1984-09-01,4.108,10.649
1984-10-01,4.892,13.103
1984-11-01,30.406,78.811
1984-12-01,69.904,187.231
1985-01-01,28.868,77.319
1985-02-01,124.893,302.141
1985-03-01,117.11,313.667
1985-04-01,85.697,222.126
1985-05-01,18.142,48.591
1985-06-01,9.884,25.619
1985-07-01,6.334,16.966
1985-08-01,4.776,12.792
1985-09-01,5.828,15.106
1985-10-01,4.727,12.662
1985-11-01,6.56,17.004
1985-12-01,19.553,52.371
1986-01-01,89.926,240.857
1986-02-01,102.507,247.985
1986-03-01,146.194,391.565
1986-04-01,105.533,273.542
1986-05-01,45.474,121.798
1986-06-01,25.085,65.02
1986-07-01,14.039,37.601
1986-08-01,9.383,25.13
1986-09-01,4.539,11.764
1986-10-01,4.833,12.944
1986-11-01,4.424,11.468
1986-12-01,10.335,27.682
1987-01-01,94.037,251.869
1987-02-01,63.753,154.232
1987-03-01,6.876,18.417
1987-04-01,4.689,12.154
1987-05-01,4.334,11.609
1987-06-01,4.275,11.082
1987-07-01,4.454,11.93
1987-08-01,12.518,33.528
1987-09-01,16.497,42.761
1987-10-01,18.231,48.83
1987-11-01,10.782,27.946
1987-12-01,7.055,18.896
1988-01-01,48.537,130.002
1988-02-01,58.502,146.582
1988-03-01,48.64,130.277
1988-04-01,57.391,148.757
1988-05-01,9.997,26.775
1988-06-01,5.648,14.64
1988-07-01,5.794,15.517
1988-08-01,5.947,15.929
1988-09-01,14.482,37.537
1988-10-01,22.266,59.638
1988-11-01,16.019,41.521
1988-12-01,12.291,32.919
1990-01-01,14.352,38.441
1990-02-01,10.725,25.946
1990-03-01,9.82,26.301
1990-04-01,8.949,23.196
1990-05-01,7.503,20.097
1990-06-01,8.197,21.247
1990-07-01,7.413,19.855
1990-08-01,6.957,18.634
1990-09-01,7.018,18.191
1990-10-01,9.176,24.578
1990-11-01,12.398,32.136
1990-12-01,20.235,54.199
1991-01-01,36.446,97.618
1991-02-01,38.638,93.474
1991-03-01,68.348,183.064
1991-04-01,17.574,45.551
1991-05-01,8.917,23.884
1991-06-01,8.698,22.545
1991-07-01,8.456,22.649
1991-08-01,7.943,21.273
1991-09-01,7.481,19.392
1991-10-01,8.022,21.486
1991-11-01,9.516,24.665
1991-12-01,10.295,27.575
1992-01-01,15.619,41.833
1992-02-01,12.631,31.647
1992-03-01,11.478,30.744
1992-04-01,9.741,25.249
1992-05-01,9.827,26.321
1992-06-01,8.039,20.838
1992-07-01,7.354,19.697
1992-08-01,7.902,21.165
1992-09-01,8.684,22.508
1992-10-01,8.699,23.299
1992-11-01,8.777,22.751
1992-12-01,9.404,25.187
1993-01-01,39.695,106.32
1993-02-01,15.045,36.396
1993-03-01,53.434,143.116
