date,caudal_chosica_m3s,caudal_sheque_m3s,caudal_tamboraque_m3s,volumen_chosica_mmc,volumen_sheque_mmc,volumen_tamboraque_mmc
1964-01-01,29.9816047538945,14.830509420391769,25.908340807635835,80.30273017283103,39.72203643157731,69.39290001917182
1964-02-01,53.02857225639664,14.97500754456618,11.13011448595077,132.86839064562741,37.521378903665024,27.88761485599825
1964-03-01,44.2797576724562,20.026457642533522,15.132356340247858,118.59890294990667,53.63886414976179,40.53050322171986
1964-04-01,38.946339367881464,12.455725859398353,21.648292562673646,100.94891164154875,32.28524142756053,56.112374322450094
1964-05-01,21.24074561769746,8.144243655210252,20.52837112496826,56.89121306244087,21.813542206115137,54.983189221114976
1964-06-01,21.239780813448107,6.460522821013424,10.770126314117391,55.0535118684575,16.745675152066795,27.916167406192276
1964-07-01,17.32334448672798,18.082196090777906,22.68499624983112,46.39884587325222,48.43135400953955,60.75949395554767
1964-08-01,49.647045830997406,15.924952821655435,12.039930293059893,132.97464755374344,42.653393637521916,32.247749296931616
1964-09-01,39.04460046972835,17.265276289587575,12.028717066807214,101.20360441753589,44.751596142611,31.178434637164298
1964-10-01,43.32290311184182,9.407426584142572,17.665539612081446,116.03606369475712,25.196851362967465,47.31538129699894
1964-11-01,15.823379771832098,8.181943609388316,18.672918827150657,41.014200368588796,21.207597835534518,48.4002055999745
1964-12-01,53.79639408647977,6.232714650686111,18.441551741080602,144.08826192122743,16.69370292039768,49.39385218331029
1965-01-01,48.29770563201687,11.609400940905552,9.646763073159587,129.360574764794,31.094619480121427,25.837890215150637
1965-02-01,23.493564427131048,15.43868298967413,23.794295527346847,56.83563106211543,37.34926188861965,57.5631597397575
1965-03-01,22.272998688284027,12.275904721595717,12.780800766596709,59.655999686699936,32.87978320632197,34.23209677325262
1965-04-01,22.33618039413735,12.999598752379665,10.331268583090475,57.89537958160402,33.69495996616809,26.778648167370513
1965-05-01,27.16968971838151,20.466539111899976,23.997465437641587,72.77129694171303,54.817578357312904,64.27481142817922
1965-06-01,35.990257265289515,11.572087472372806,25.20172696813556,93.28674683163042,29.994850728390315,65.32287630140736
1965-07-01,32.27780074568463,14.223831826556973,23.51829711077811,86.45286151724171,38.097111164250194,62.99140698150809
1965-08-01,26.649165607921677,18.538448203858287,22.571289345047806,71.37712516425742,49.65337966921404,60.454941381776045
1965-09-01,39.474115788895176,12.344684517140323,19.794355651502393,102.31690812481628,31.99742226842772,51.30696984869421
1965-10-01,20.579754426081674,15.953387203645976,17.915432670964506,55.120814254817155,42.72955228624538,47.98469486591134
1965-11-01,26.685785941408724,19.79781933994792,9.565761678405382,69.1695571601314,51.315947729145016,24.79445427042675
1965-12-01,29.654473731747668,21.192329978522274,15.352157835272576,79.42654244311295,56.76153661447406,41.11921954599406
1966-01-01,33.24279936868144,8.353175694864607,14.708393306221652,89.03751382907636,22.373145781125363,39.39496063138407
1966-02-01,46.407038455720546,20.82540200258391,12.675568107685873,112.26790743207914,50.380812524651,30.664734366113663
1966-03-01,22.98695128633439,13.873860689272611,21.02156204639453,61.56825032531803,37.15974847014777,56.30415178506311
1966-04-01,35.569377536544465,10.131910212783334,16.925763231417875,92.19582657472324,26.261911271534398,43.87157829583513
1966-05-01,38.696582754481696,13.346172099812181,9.458831886337663,103.64492724960378,35.74638735213695,25.334535324366797
1966-06-01,16.85801650879991,21.680521204567633,11.963297635096604,43.69597879080936,56.1959109622393,31.008867470170397
1966-07-01,39.30179407605753,13.881889503885914,20.298657745872728,105.26592525331249,37.18125284720803,54.36792490654552
1966-08-01,21.82096494749166,11.260025764600131,9.370355470825404,58.44527251536166,30.15885300790499,25.09756009305876
1966-09-01,17.60206371941118,16.134413669067612,23.321724452877838,45.62454916071378,41.82040023022326,60.449909781859354
1966-10-01,52.95542149013333,9.84232990045109,16.912637486251537,141.83580091917312,26.361696405368196,45.29880824317611
1966-11-01,53.625281322982374,7.213813249738623,16.650558391879663,138.99672918917034,18.69820394332251,43.15824735175209
1966-12-01,47.33589392465844,8.062075550570388,18.663340123871315,126.78445828780517,21.593463154647726,49.987890187776934
1967-01-01,27.184550766934827,8.048733423324359,22.844257386652686,72.81110077415823,21.557727601031964,61.18605898441056
1967-02-01,18.906884560255357,8.43044309619671,14.260565742239475,45.73953512816976,20.39492793831908,34.499160643625736
1967-03-01,42.36932106048627,8.221234762390562,20.204290746063144,113.48198952840643,22.01975518758688,54.115172334255526
1967-04-01,32.606099749584054,16.253995916851434,18.18317535192424,84.51501055092186,42.130357416478915,47.13079051218763
1967-05-01,19.881529393791155,8.910081350386317,12.806508863049583,53.25068832833023,23.864761888874714,34.300953338792006
1967-06-01,34.80707640445081,11.530676533181811,23.815339754392845,90.2199420403365,29.887513574007258,61.72936064338626
1967-07-01,16.375540844608736,20.348614558496187,22.353668388924707,43.86024859820004,54.50172923347619,59.872065412895935
1967-08-01,51.372816083151285,13.583386244205958,19.852133023851657,137.5969505971124,36.38174171648124,53.17195309108427
1967-09-01,25.351199264000677,16.680923816336435,23.310471123696352,65.71030849228976,43.236954531944036,60.42074115262095
1967-10-01,41.50089137415928,8.757117939226077,23.611295617276443,111.15598745654823,23.45506468842313,63.240494181313224
1967-11-01,27.46844304357644,9.076624300938732,20.750533580870627,71.19820436895013,23.526610188033192,53.78538304161666
1967-12-01,35.80272084711243,6.653897860263662,23.066239910546095,95.89400751690594,17.82180002893019,61.78061697640666
1968-01-01,36.86841117373119,8.702961009154633,20.554486310047103,98.74835248772162,23.310010766919767,55.05313613283017
1968-02-01,22.394178221021082,10.457445424511338,20.242533891685408,56.11085295059043,26.202175255655607,50.71969291900696
1968-03-01,53.783385110582344,8.832167748427949,19.135004807873315,144.05341868018374,23.65607809738942,51.251196877407885
1968-04-01,46.00531293444458,7.41924054011289,21.548899512037544,119.24577112608037,19.230671479972607,55.85474753520131
1968-05-01,52.579957662567566,7.930173937609613,10.854891895275326,140.83015860342098,21.240177874493586,29.07374245230543
1968-06-01,50.79309401710595,13.372460288523612,23.85567366558071,131.65569969233863,34.66141706785321,61.8339061411852
1968-07-01,38.915999152443405,9.30133949449268,23.693183499414175,104.23261212990442,24.912707702049193,63.459822684830925
1968-08-01,51.87496940092467,11.828317776769207,8.526451094622065,138.94191804343663,31.680966333298645,22.837246611835738
1968-09-01,18.53970008207678,14.05467633367771,22.86470151016573,48.05490261274302,36.429721056892625,59.26530631434957
1968-10-01,22.83931449676581,17.046317258069845,10.319657614522013,61.17281994813754,45.65685614401427,27.640170954735762
1968-11-01,16.80909155642152,6.628994237457583,14.032139376664555,43.569165314244586,17.182353063490055,36.37130526431452
1968-12-01,28.013213230530575,18.790566382544682,21.38314861324894,75.03059031665309,50.32865299900767,57.27262524572596
1969-01-01,30.54709158757928,16.046406231854526,10.893678128869547,81.81733010817234,42.978694451399164,29.177627500364196
1969-02-01,25.853961270955836,7.3081445111819505,22.72340643414312,62.54590310669636,17.679863201451376,54.972464845479024
1969-03-01,48.14950036607718,19.977257985708434,22.978415203239354,128.96362178050111,53.50708778892147,61.54538728035629
1969-04-01,29.270133067743572,20.73395840850901,17.134419207695053,75.86818491159134,53.742420194855356,44.412414586345584
1969-05-01,26.23738038749523,6.97724735767782,8.114945690903005,70.27419962986723,18.68785932280427,21.735070538514606
1969-06-01,36.707843326329936,10.43004237035526,13.16668639714843,95.1467299018472,27.034669823960833,34.12805114140873
1969-07-01,20.636968998990504,18.89922047668898,19.104684530763357,55.27405776689616,50.619672124763774,51.16998704719657
1969-08-01,47.08787923016159,17.972155046138532,25.661351204493624,126.1201757300648,48.13662007557745,68.73136306611572
1969-09-01,17.982025747190832,8.952336309702037,19.37264348630003,46.60941073671863,23.204455714747677,50.213891916489686
1969-10-01,54.47547746402069,9.349589173387365,12.676464459154875,145.90711883963303,25.04193964200072,33.95264240740041
1969-11-01,45.889790771866295,11.927553644662112,19.412102655793007,118.94633768067744,30.916219046964194,50.31617008381548
1969-12-01,22.948627261366894,13.752367763056341,17.7197368348854,61.465603256845085,36.8343418165701,47.46054313855705
1970-01-01,15.220884684944096,15.892076344484735,22.037217112720583,40.76761754015426,42.56533728106792,59.02448231471081
1970-02-01,47.618457138193364,11.902618233116359,9.925651498885252,115.1985715087174,28.794814029555095,24.012136106103195
1970-03-01,43.274293753904686,13.400555458130366,21.698502245036504,115.90586839045831,35.89204773905637,58.117268413105776
1970-04-01,44.160286721639494,17.959535010140105,17.742798416169983,114.46346318248956,46.551114746283154,45.98933349471259
1970-05-01,45.85081386743783,6.586931246249566,25.333856069461902,122.80681986254548,17.64243664995484,67.85420009644675
1970-06-01,17.961786069363615,10.038991109504332,14.15369898869635,46.5569494917905,26.021064955835225,36.68638777870094
1970-07-01,29.338629141770905,17.41359337415284,19.387194076411067,78.58058429331919,46.64056849333096,51.9266606142594
1970-08-01,19.63476238100519,20.32330940299519,24.776505899180314,52.5897475612843,54.433951904982315,66.36139340036456
1970-09-01,49.52413703502374,14.186839073850658,9.845175103832226,128.36656319478155,36.7722868794209,25.51869386913313
1970-10-01,39.93192507310232,14.51381576424505,24.87011277025612,106.95366811579726,38.87380414295394,66.61211004385399
1970-11-01,28.235920994105967,7.714752181436417,20.38194300141464,73.18750721672266,19.99663765428319,52.82999625966675
1970-12-01,17.542334011440946,13.158597869175274,9.221067063893095,46.98538741624343,35.24398853279906,24.697706023931264
1971-01-01,27.439292868626488,14.52187626328037,13.417344205042692,73.4934020193292,38.895393383570145,35.937014718786344
1971-02-01,28.007332881069882,9.879528058155675,20.747097595615067,67.75533970588427,23.90055427829021,50.19137850331197
1971-03-01,44.18424713352256,10.307891695190095,9.212310826437891,118.34308752242683,27.60865711639715,24.674253317531246
1971-04-01,40.502298854208526,12.036546609673962,18.47906828317292,104.9819586301085,31.19872881227491,47.89774498998421
1971-05-01,50.48850970305306,6.321139164443622,14.225895025153221,135.22842438865734,16.930539138045795,38.10263723537038
1971-06-01,33.88859700647797,11.153266649330853,19.17647931981459,87.83924344079091,28.90926715506557,49.70543439695942
1971-07-01,19.78376983753207,9.383168111944714,8.82335660862523,52.98884913284589,25.131877471032723,23.63247834054182
1971-08-01,43.5297914889198,11.239957634846634,23.687662510742772,116.5901935239228,30.105102529173227,63.44503526877344
1971-09-01,45.4314019446759,7.9161941091080195,25.522801445193146,117.75819384059993,20.518775130807985,66.15510134594064
1971-10-01,37.45108790277985,20.24843649183832,25.439801395142446,100.30899383880553,54.233412299739754,68.13796405674952
1971-11-01,45.83868719818244,15.497479256864779,21.493732971372644,118.81387721768888,40.16946623379351,55.71175586179789
1971-12-01,34.75182385457563,16.865637106311834,10.341552322351376,93.07928501209538,45.17292242554561,27.698813740185923
1972-01-01,35.90931317527976,18.626739817717414,21.648737526722407,96.17950440866932,49.889859927774324,57.9839785915733
1972-02-01,32.101640734341984,13.975075182864916,8.442564496258427,80.43387102396728,35.01594837818633,21.153689601825114
1972-03-01,16.016765069763807,7.390724609398779,8.39822392752195,42.89930356285539,19.79531679381369,22.493802967474792
1972-04-01,19.315657079732176,14.593704669096764,13.824983944691741,50.0661831506658,37.826882502298815,35.83435838464099
1972-05-01,16.25716742746937,15.389457888334066,16.795577427283984,43.54319723773396,41.219124008113965,44.98527458123742
1972-06-01,40.45641645055122,17.92703158694928,21.867333520540278,104.86303143982877,46.466865873372534,56.6801284852404
1972-07-01,27.574239243053068,12.90655273967487,20.299316778917095,73.85484238859333,34.56891085794518,54.36969006065156
1972-08-01,35.34282764658811,8.04128484472902,16.02624871478147,94.6622295686216,21.537777328122207,42.92470455767069
1972-09-01,51.30265895704372,10.540414492779592,12.925279993069985,132.97649201665732,27.3207543652847,33.50232574203741
1972-10-01,24.971689165955,11.809316742378162,25.9482410028388,66.88417226209387,31.63007396278567,69.49976870200344
1972-11-01,31.415316921425188,16.33467586130562,15.671263440247513,81.42850146033409,42.33947983250417,40.619914837121556
1972-12-01,45.22204554172195,15.13245287470259,16.12496643793416,121.12272677894806,40.53076177960342,43.18911010736285
1973-01-01,24.1519266196649,11.69754761436554,10.945228781450044,64.68852025811046,31.330711530316663,29.3157007682358
1973-02-01,18.07919639315172,21.784243980687677,22.30657187749873,43.73719191431264,52.70044303807963,53.96405868604493
1973-03-01,26.590058116550722,15.692397109710194,20.486280064066797,71.21881165936945,42.03051641864778,54.87045252359651
1973-04-01,21.448851490160177,9.795628667775912,11.973853030197688,55.59542306249518,25.390269506875164,31.036227054272405
1973-05-01,52.18790609370292,7.62851956192646,9.482858821085168,139.7800876813739,20.43222679466383,25.39888906639451
1973-06-01,47.32481518257668,8.445746226949312,20.248987437344837,122.66592095323875,21.89137422025262,52.48537543759782
1973-07-01,40.33615026041694,9.93532365415213,19.781201857060434,108.03634485750075,26.610770875281066,52.981971053950666
1973-08-01,49.85842360750871,8.57090197215289,12.918671485967767,133.54080179035134,22.9563038422143,34.601369708016065
1973-09-01,47.14688307596458,8.985072384820892,25.115544120507387,122.2047209329002,23.289307621455755,65.09949036035515
1973-10-01,22.462802355441433,10.561522699101554,10.719042052056205,60.16436982881433,28.2879823972736,28.70988223222734
1973-11-01,50.70235993959911,8.773977524716077,15.782026418766835,131.42051696344092,22.74214974406407,40.90701247744364
1973-12-01,36.57368967662603,20.348246794022803,24.98508656301678,97.95897042987515,54.50074421311068,66.92005585038414
1974-01-01,47.2976062065625,7.283739930586275,15.5550917046702,126.681908463657,19.508769030082277,41.662757621788664
1974-02-01,50.84365199693973,14.392182233124075,19.493467057953538,123.00096291099659,34.81756725837376,47.15859550660121
1974-03-01,27.720138998874553,12.566349231834584,15.156699163330297,74.2456202945856,33.65770978254575,40.595703039063864
1974-04-01,19.402076981107072,21.718057870537702,12.93587364227606,50.29018353502953,56.29320600043373,33.529784480779554
1974-05-01,24.117406501677667,7.7926224346888375,25.71159766327691,64.59606157409345,20.87175992907058,68.86594318132086
1974-06-01,32.084311545050255,12.365689584731866,15.368012113670774,83.16253552477026,32.051867403625,39.83388739863465
1974-07-01,47.72059063689972,21.5115269324059,24.09378566622442,127.81482996187222,57.61647373575597,64.53279552841549
1974-08-01,49.429223330253734,19.848114014303682,12.13918290603955,132.3912317677516,53.161188575910984,32.513587495536335
1974-09-01,15.278085221247629,19.073153135188477,11.835884672451499,39.600796893473856,49.43761292640853,30.678613070994285
1974-10-01,35.42989210310263,10.126445232719037,8.560413491921205,94.89542300895009,27.12267091131467,22.928211496761755
1974-11-01,31.69644012595116,8.734201398241053,19.730002856765932,82.1571728064654,22.63905002424081,51.1401674047373
1974-12-01,23.88431241882921,16.698291518790896,14.633474187027701,63.971742382592154,44.72470400392953,39.194297262534995
1975-01-01,19.794614693347313,20.870015826041374,23.558448497113467,53.017895994661444,55.89825038846922,63.098948454668715
1975-02-01,28.504606856145116,14.908206288222877,16.51777832044803,68.95834490638626,36.06593265246879,39.95980931282788
1975-03-01,52.71638815650077,15.145803031518398,25.42748170246499,141.1955740383717,40.56651883961888,68.10496699188224
1975-04-01,27.928117280830207,10.479665498564547,11.33945928265618,72.3896799919119,27.163292972279308,29.391878460644822
1975-05-01,35.75162486973464,18.31188693107099,23.635217023200994,95.75715205109728,49.04655795618054,63.30456527494154
1975-06-01,43.12075835580711,8.992699976920374,21.97874335025135,111.76900565825204,23.30907834017761,56.968902763851496
1975-07-01,29.54518409517176,11.178867782467899,21.876593203592936,79.13382108050804,29.941479468562022,58.59426723650332
1975-08-01,53.87128330883843,12.806983017862668,23.20609810610398,144.28884521439284,34.30222331504338,62.155213167388894
1975-09-01,53.497891797684446,14.12176605895128,21.69843183697398,138.66653553959807,36.603617624801714,56.242335321436556
1975-10-01,25.071291833014566,9.878555718641284,19.271965789365478,67.15094804554622,26.458723636808816,51.6180331702365
1975-11-01,34.88994023569542,7.837389195827257,10.362407798282977,90.43472509092253,20.31451279558425,26.859361013149474
1975-12-01,27.035132392670786,15.769920679066121,8.585471230842534,72.41089860052944,42.2381555468107,22.995326144688644
1976-01-01,26.393619775098706,10.618088851844092,24.575261260682364,70.69267120562438,28.439489180779216,65.82237976061164
1976-02-01,16.47547789418131,15.299811542761796,19.099705661373285,41.280957411660694,38.33520780154396,47.8562225051369
1976-03-01,39.382573359195874,8.469803444387237,22.337671237571172,105.48228448527021,22.685521545446775,59.82921864271063
1976-04-01,35.10716092915446,13.69824162967708,16.6674023272259,90.99776112836837,35.50584230412299,43.20190683216954
1976-05-01,17.059150049999573,14.521430920825374,10.1115474013231,45.69122749391886,38.89420057833868,27.082768559703794
1976-06-01,26.14585856946446,6.8291765891588305,10.253344259645907,67.77006541205188,17.70122571909969,26.57666832100219
1976-07-01,51.33063543866615,11.38566845110273,20.340175170121483,137.48397395892343,30.49537437943355,54.47912517565338
1976-08-01,24.582475626678896,8.150634831023588,15.745506108190328,65.84170271849676,21.83066033141358,42.172763560176975
1976-09-01,20.795794883648924,7.013999527564284,11.609445080606061,53.902700338418015,18.180286775446625,30.091681648930912
1976-10-01,34.57811041110252,21.839363718239124,16.848701841345864,92.614010925097,58.494551782931666,45.127563011860765
1976-11-01,54.42601816442403,11.157661519595568,9.155760867352413,141.07223908218708,28.920658658791712,23.731732168177455
1976-12-01,24.682210860460017,18.957991133674156,18.47548523445918,66.10883356865611,50.77708345243286,49.48473965197547
1977-01-01,41.885421896235144,10.074250476220222,12.841881279831759,112.18591400687622,26.982872475508238,34.39569481990139
1977-02-01,45.4647846131487,16.904043555582867,22.356063811469387,109.98840693612934,40.89426216966607,54.083789572706735
1977-03-01,24.50550175969599,18.163645758234985,13.586515260624328,65.63553591316973,48.64950879885658,36.3901224740562
1977-04-01,44.12865394447438,15.530219849725508,16.19396268347242,114.38147102407758,40.25432985048852,41.974751275560514
1977-05-01,29.711325308770128,13.545219016802534,8.209169718345812,79.57881370700991,36.279514614603904,21.987440173617422
1977-06-01,40.29223322374318,12.589454626356297,9.30404398030206,104.43746851594231,32.63186639151552,24.116081996942942
1977-07-01,40.34118843043579,11.581892264687925,15.064884015320327,108.04983909207924,31.020940241740135,40.349785346633965
1977-08-01,36.43098736299034,20.87246630796521,16.638899024908223,97.5767565530333,55.904813759254026,44.565627148314185
1977-09-01,18.61159080217633,19.289910524603666,18.800369866147467,48.24124335924105,49.999448079772705,48.73055869305423
1977-10-01,48.41209982356952,21.4404305706642,13.249926416767458,129.6669681674486,57.426049240467,35.48860291466996
1977-11-01,27.83120259886943,7.988755575768716,20.509673950277765,72.13847713626957,20.706854452392513,53.161074879119965
1977-12-01,22.46074041599417,17.69387960325831,23.482203149405684,60.15884713019879,47.39128712936705,62.89473291536819
1978-01-01,16.631005662190557,21.013447309136605,22.037317800080295,44.54448556561119,56.282417272791484,59.024751995735066
1978-02-01,38.63571772752967,8.899729058650562,8.71313885627043,93.4675283264398,21.530224538687442,21.078825521089424
1978-03-01,42.1025744736913,7.06394027786844,16.64912505064092,112.76753547033478,18.92005764024283,44.593016535636636
1978-04-01,15.663513157114245,17.857930388640945,9.888743211527148,40.599826103240126,46.28775556735732,25.631622404278364
1978-05-01,35.48372233197124,15.19156981087859,12.356810285525494,95.03960189395175,40.68910058145721,33.09648066875148
1978-06-01,24.059831007917516,19.46926042813235,25.759926678808636,62.3630819725222,50.46432302971905,66.76972995147199
1978-07-01,40.806911616377995,8.236358026020632,10.564919772227238,109.29723207330682,22.06026133689366,28.297081117933434
1978-08-01,21.97465716019966,18.724276989758245,16.97998676212441,58.85692173787877,50.15110348936848,45.479196543674014
1978-09-01,42.63750952409864,9.226037120763912,19.126803217726142,110.51642468646368,23.913888217020062,49.57667394034616
1978-10-01,30.469413852021496,8.618495085851272,20.644369469793872,81.60927806125439,23.083777237944044,55.29387918789591
1978-11-01,52.46919954946938,8.628252766895887,18.073676302764454,136.00016523222462,22.364431171794138,46.84696897676547
1978-12-01,20.50083776583973,19.033195523702112,8.175875253545305,54.90944387202513,50.97851089068373,21.89826427909574
1979-01-01,28.642654042010342,16.6431555311392,13.876303548391853,76.7164845861205,44.57702777460323,37.16629142401274
1979-02-01,19.538940849623565,14.36904679630591,17.318809580924807,47.26860570340932,34.76159800962325,41.89766413817329
1979-03-01,51.98774473114251,11.74128774597604,9.581596984607,139.2439754878921,31.447865098822223,25.66334936357139
1979-04-01,50.09357413523924,20.035208653009732,14.311284761765254,129.8425441585401,51.93126082860123,37.094850102495535
1979-05-01,25.317665108606224,12.279121718762166,8.597655958244598,67.8108342268909,32.888399611532584,23.02796171856233
1979-06-01,41.39936184136716,19.06559103154523,9.414412948790373,107.30714589282368,49.41801195376524,24.402158363264643
1979-07-01,47.688888008048636,13.026158537123495,15.144618971628729,127.72991764075746,34.889263025831575,40.56334745361038
1979-08-01,37.2080324639785,12.031110870798521,10.388883572775086,99.65799415152001,32.22412735634676,27.82558576132079
1979-09-01,36.18602313424026,13.402876570713703,18.215735268708045,93.79417196395076,34.74025607128992,47.21518581649126
1979-10-01,24.67409163601807,10.822045986626273,20.41036944447078,66.08708703791079,28.98576797057981,54.667133520070536
1979-11-01,18.72411071223597,17.961750082820018,22.41056058396349,48.532894966115634,46.55685621466949,58.08817303363337
1979-12-01,50.88863031813307,14.043526241479666,11.602704396406581,136.30010744408762,37.61418068517914,31.076683455335385
1980-01-01,51.016722286533216,9.715403122349077,11.014686480663256,136.64318897225058,26.02173572289977,29.501736269808465
1980-02-01,40.32405829093072,20.393193172393097,9.882221126019205,101.035960453756,51.09718481274815,24.76089325335372
1980-03-01,28.561191641948028,12.142259541971383,19.45574449178546,76.49829569379361,32.52182795721615,52.110266046798166
1980-04-01,28.968382984506434,14.696845777823818,20.71656307676422,75.08604869584067,38.09422425611933,53.697331494972865
1980-05-01,44.038227154809576,20.50355377543275,8.568550606861557,117.95198761144195,54.916718432119076,22.950005945417992
1980-06-01,50.884410398103086,15.987807934623874,24.85182043238642,131.8923917518832,41.44039816654508,64.4159185607456
1980-07-01,50.48345697060469,7.870368651333825,8.935483105726503,135.2148911500676,21.079995395732517,23.932797950377864
1980-08-01,46.19502183430495,21.0373139778156,17.743334035419267,123.72874648100239,56.346341758181296,47.52374588046697
1980-09-01,40.68126584617151,16.043328849142686,20.763089350116495,105.44584107327657,41.58430837697784,53.81792759550195
1980-10-01,18.365598599801952,11.358489834513378,23.67744422742954,49.190419289709546,30.42257917276063,63.417666618747276
1980-11-01,21.465148563784552,8.228353162614196,20.8535647783837,55.63766507732956,21.327891397495996,54.052439905570544
1980-12-01,50.94216754108317,18.704403028324734,22.431105495256254,136.44350154203718,50.097873071064974,60.07947295849435
1981-01-01,39.2571623863836,15.921164094856216,14.110103465770509,105.14638373568982,42.643245911662895,37.79250112271973
1981-02-01,15.367882064665185,14.535377471621144,22.66685204743722,37.177980290838015,35.16398517934587,54.83564847316012
1981-03-01,19.058861714641285,20.302281328815322,9.442067234924153,51.04725521649522,54.37763031109896,25.289632882020854
1981-04-01,41.54007076432223,18.617555379592492,24.1066998090895,107.67186342112322,48.25670354390374,62.48456590515998
1981-05-01,15.202463353848747,8.426798075724019,17.85666277076725,40.71827784694848,22.570335966019208,47.82728556522301
1981-06-01,21.432322056699945,10.987553084728772,22.711359859324887,55.552578770966264,28.479737595616978,58.8678447553701
1981-07-01,36.949351574663446,9.975826237031452,16.141729121329405,98.96514325757856,26.71925299326504,43.234007278568676
1981-08-01,42.67580790770773,17.90314068116283,19.58439851353745,114.30288390000439,47.95177200042652,52.45485297865871
1981-09-01,41.07845038010402,6.53651895577247,17.475247896850036,106.47534338522962,16.942657133362246,45.2958425486353
1981-10-01,23.970772378422392,15.118234957941064,21.168611391595974,64.20331673836654,40.49268051134935,56.698008751250654
1981-11-01,43.48716885390144,18.19933897185105,9.469339676550613,112.71874166931252,47.17268661503792,24.54452844161919
1981-12-01,24.489963499872005,20.02825018818799,9.086337511830148,65.59391823805717,53.64366530404271,24.33684639168587
1982-01-01,28.01598792637071,11.47330797945452,12.447858212182636,75.0380220619913,30.730108092170983,33.34034343550998
1982-02-01,44.85965620472096,19.140116874752206,10.87180424203739,108.52448029046094,46.303770743400534,26.301068822336855
1982-03-01,40.98531596188859,7.770107791283316,23.692104198659628,109.7750702723224,20.811456708173232,63.45693188568995
1982-04-01,48.96893641976712,19.54323666775229,11.945851772444797,126.92748320003636,50.65606944281393,30.963647794176914
1982-05-01,41.30451569201374,8.039818597311719,25.565574604744363,110.63001482948961,21.533850131039706,68.4748350213473
1982-06-01,37.73234413341886,12.356596648965876,14.064124251879923,97.80223599382168,32.02829851411955,36.45421006087276
1982-07-01,18.7469907131237,18.756725852472858,11.278122482396586,50.21193992603052,50.2380145232633,30.207323256851012
1982-08-01,29.70863212237734,8.39867883758038,22.214573128564624,79.57160027657548,22.495021398575286,59.499512667547485
1982-09-01,25.608094707269018,9.668022323722264,19.85673995901577,66.37618148124129,25.05951386308811,51.46866997376887
1982-10-01,24.75958573516334,17.55604109428906,16.967522896156503,66.3160744330615,47.02210046694382,45.44581332506557
1982-11-01,53.920422190097824,17.52058458473719,17.996543916877364,139.76173431673357,45.41335524363879,46.64704183254612
1982-12-01,30.723908986670416,16.258362126164755,20.94563200890075,82.29091782989805,43.54639711871968,56.100780772639766
1983-01-01,50.681862207084535,17.1031751114736,12.112185343963377,135.7462997354552,45.80914421857089,32.441277225271506
1983-02-01,40.245545039890516,14.683591093561539,25.934010489021354,97.36202256050312,35.52254357354407,62.739558175040465
1983-03-01,46.79245214166593,10.028784942511244,25.546276918642096,125.32890381623803,26.861097590022112,68.42314809889099
1983-04-01,35.10548372420769,11.531135896062711,19.705862354244864,90.99341381314632,29.888704242594542,51.07759522220269
1983-05-01,38.07615538505436,8.90556346882281,11.591764116724612,101.9831745833296,23.852661194895013,31.0473810102352
1983-06-01,34.70070775275455,20.53520898133805,20.244108363763246,89.94423449513981,53.22726167962823,52.472728878874335
1983-07-01,22.80971951192178,15.334268716257927,9.299571361625166,61.0935527407313,41.07130532962523,24.907971934976842
1983-08-01,43.89808461046022,12.413622668218238,8.551745039704508,117.57662982065665,33.248646954555724,22.904993914344555
1983-09-01,26.23089449763423,13.392092858306123,12.638291993201847,67.99047853786793,34.712304688729475,32.758452846379186
1983-10-01,15.972638657258154,21.156533433789043,16.327213221307694,42.781115379600244,56.66565914906058,43.730807891950526
1983-11-01,40.81889183628671,8.453622449857283,23.62890509735085,105.80256763965514,21.91178939003008,61.2461220123334
1983-12-01,22.084427176281956,15.379677312268756,21.089043255793545,59.150929748953594,41.19292771318063,56.48489345631743
1984-01-01,52.61834337411657,14.094218862151456,21.36871738159966,140.9329708932338,37.74995580038646,57.23397263487652
1984-02-01,53.157143080103495,15.783267766954365,15.658880020065357,133.1905377015073,39.54655571688086,39.23488977827576
1984-03-01,51.59457560881794,6.289762941133448,14.226829865845332,138.19091131065798,16.84650106153183,38.10514111268014
1984-04-01,29.806348010217775,19.953982543106424,14.67869773372285,77.25805404248447,51.72072275173185,38.04718452580963
1984-05-01,15.618264661154697,20.9138925197378,25.77769214724904,41.83196006843674,56.01576972486572,69.04297064719184
1984-06-01,52.132742503509014,15.042130937427343,8.721965445424685,135.12806856909538,38.98920338981167,22.607334434540785
1984-07-01,32.12736593269257,17.146413182030276,23.606566930204075,86.04993691412378,45.924953066749886,63.22782886585859
1984-08-01,53.666192761746785,20.75999009883673,18.41615735430308,143.7395306930626,55.6035574807243,49.32583585776537
1984-09-01,53.54479908357011,17.315818149014376,15.89507754541263,138.78811922461372,44.882600642245265,41.200040997709536
1984-10-01,49.120378218694405,8.440624686628182,21.05463788747246,131.5640210209511,22.607369160664923,56.392742117806236
1984-11-01,26.77795568278343,15.22061376266901,16.76004094564465,69.40846112977465,39.45183087283807,43.442026131110936
1984-12-01,30.403909144077012,15.707440742125694,23.72161828546989,81.43383025149586,42.07080928370946,63.53598241580256
1985-01-01,49.045466860674274,12.786090740838176,24.212633552202654,131.36337843963,34.24626544026097,64.8511177062196
1985-02-01,27.676880206251106,17.783107769995567,15.590976683722197,66.95590859496268,43.02089431717327,37.717690793260736
1985-03-01,21.7797098674437,20.949872236304238,12.982900350230928,58.33477490896121,56.11213779771727,34.77340029805852
1985-04-01,37.27205049833401,20.80909620650842,18.66230591468052,96.60915489168175,53.937177367269825,48.37269693085191
1985-05-01,52.44619096643124,13.213429942466114,24.422540221100437,140.47187788448943,35.390850757901234,65.4133317281954
1985-06-01,42.84119186699892,7.811808733452084,11.791919402101998,111.04436931926121,20.248208237107804,30.56465509024838
1985-07-01,37.8024468035746,21.75745918339735,19.21339850414269,101.2500735186942,58.275178676811464,51.46116655349578
1985-08-01,18.88705975083074,19.422369383134946,19.36808396166537,50.587100836625055,52.02087415578864,51.87547608292453
1985-09-01,39.60028906796679,7.9946028992522695,21.196034403475057,102.64394926416993,20.72201071486188,54.940121173807356
1985-10-01,54.60215400417053,20.733470121877957,10.368218332290677,146.24640928477035,55.53252637443792,27.770235981207353
1985-11-01,20.60336060946096,19.918341792994052,20.884849364277592,53.403910699722815,51.62834192744059,54.13352955220751
1985-12-01,35.73318609454947,14.301408914017154,24.362585371981538,95.7077656356413,38.30489363530354,65.25274866031535
1986-01-01,50.094922877118215,15.460406971918868,11.234295959664355,134.17424143407342,41.40915403358749,30.08993829836501
1986-02-01,44.63074471016817,12.384043261922084,12.275779848629798,107.97069760283884,29.959477459241903,29.697566609805207
1986-03-01,42.88062963981072,6.876186221152501,25.485111692749513,114.85147842726904,18.41717717473486,68.2593231578603
1986-04-01,43.09936335948437,11.363155866334415,11.257585148770815,111.71354982778348,29.453300005538804,29.179660705613948
1986-05-01,29.379646048790207,18.845655177568183,23.378931680652425,78.6904439770797,50.47620282759862,62.61813061345946
1986-06-01,26.743673770579733,6.074112368073646,16.861001416064624,69.31960241334266,15.744099258046889,43.70371567043951
1986-07-01,47.374446219140545,11.335986747058307,12.450159339257187,126.88771675334604,30.362306903320967,33.346506774266444
1986-08-01,47.404535787167234,12.370699097455093,23.673498222905206,126.96830865234871,33.13368046262372,63.4070976402293
1986-09-01,49.68289274320415,14.598329647006766,16.01549459004798,128.77805799038515,37.838870445041536,41.51216197740436
1986-10-01,51.529622102258855,20.717689862604168,17.266712370734425,138.01693983869012,55.490260527999,46.24716241377508
1986-11-01,35.453695954437514,11.54153590985538,14.466200649195782,91.89597991390202,29.915661078345146,37.49639208271547
1986-12-01,35.060651787487984,11.551251230339643,18.673115325828693,93.90644974760781,30.938871295341702,50.01407208869957
1987-01-01,46.931807158671006,17.800019969755972,10.94342970653041,125.70215229378442,47.675573486994395,29.310882125971048
1987-02-01,40.99855723111061,13.235487054236915,15.039467659731692,99.18370965350277,32.01929028160995,36.38348016242291
1987-03-01,43.07867509030814,9.593677167039711,25.449421802035175,115.38192336188133,25.695704924199163,68.16373135457101
1987-04-01,46.83170677744404,13.239032258123094,12.646401788620295,121.38778396713495,34.315571613055056,32.77947343610381
1987-05-01,50.60021367270265,8.253712326076798,19.82125996174326,135.52761230096678,22.106743094164095,53.08926268153314
1987-06-01,28.51980627406143,8.822191784099573,13.853421156044508,73.92333786236723,22.86712110438609,35.908067636467365
1987-07-01,30.02331810559776,13.973884363831676,21.922516262358812,80.41445521403304,37.427651880086756,58.71726755710184
1987-08-01,18.75927759363476,12.702807192072767,10.355725892930296,50.24484910679134,34.02319878324769,27.736776231624507
1987-09-01,38.13120563984696,20.6375344170896,25.456778811413805,98.83608501848333,53.492489209096235,65.98397067918458
1987-10-01,16.437690951869683,11.79830238586613,16.168211744905506,44.02671144548776,31.60057311030384,43.3049383375549
1987-11-01,33.623920725298404,15.289413604448695,12.248908340236351,87.15320251997348,39.63016006273102,31.749170417892625
1987-12-01,36.70578538830306,16.116228606712486,9.322941451940228,98.31277558403093,43.16570670021872,24.970566384876705
1988-01-01,26.461650085131375,6.209511305413338,11.055642291575733,70.87488358801586,16.631555080419083,29.611432313756442
1988-02-01,38.63333042276043,16.61659795226737,17.355931074008318,96.79967270726853,41.634547829201125,43.487020899035244
1988-03-01,16.220009997561977,8.848575469916023,14.066057175763152,43.44367477747,23.700024538623076,37.674527539564025
1988-04-01,16.493927549968575,21.37712507951128,22.91990058588697,42.752260209518546,55.409508206093236,59.408382318619026
1988-05-01,47.904022426386334,8.378603644049807,15.755975425912506,128.30613366683318,22.441252000223002,42.200804580764064
1988-06-01,29.407625656450517,12.63398597963238,12.47685690657734,76.22456570151974,32.74729165920713,32.34001310184846
1988-07-01,20.08242050607539,7.365594689258302,19.10860975887254,53.78875508347232,19.728008815709433,51.18050037816422
1988-08-01,35.88973040219217,21.949988029535156,20.721989903938024,96.12705390923152,58.79084793830697,55.501777758707604
1988-09-01,45.799742123944434,14.035120165299881,11.006754342217096,118.71293158526399,36.3790314684573,28.52950725502671
1988-10-01,23.632841099873726,15.5261602771207,11.017145893189717,63.29820160190179,41.58526768624009,29.508323560319337
1988-11-01,39.915619032760006,7.07322363821484,8.660085684803773,103.46128453291394,18.333795670252865,22.446942095011384
1988-12-01,18.41389859975072,17.999367526386845,21.25523627118153,49.319786009572326,48.20950598267452,56.93002482873262
1989-01-01,17.06726884674431,9.358489489529372,19.94848149719249,45.71297287911995,25.065778248755475,53.43001284208036
1989-02-01,36.25418526272592,20.36886863105142,16.54335576349665,87.70612498758655,49.276366992239595,40.021686263051095
1989-03-01,36.62540486440426,9.282234247712115,23.195068081445548,98.09748438882036,24.861536209072128,62.12567034934376
1989-04-01,40.497196059928264,9.051003530618665,22.502062753100958,104.96873218733406,23.46020115136358,58.32534665603768
1989-05-01,44.04365334890646,6.584794685569518,18.53637855914154,117.96652112971107,17.6367140858294,49.647836332804694
1989-06-01,54.03408317850138,13.553071121759988,23.628883049238656,140.05634359867557,35.12956034760189,61.2460648636266
1989-07-01,35.65201393204781,15.037458132201863,11.70514178066183,95.49035411559684,40.27632786128947,31.351051745324643
1989-08-01,27.918258917649837,7.051338230853638,10.014553149159102,74.77626468503333,18.886304317518384,26.822979154707742
1989-09-01,46.80744779074814,18.408441867120168,12.855493007305814,121.32490467361919,47.714681319575476,33.32143787493666
1989-10-01,25.83329005048297,13.252621355968442,9.027563409607668,69.19188407121358,35.49582103982588,24.179425836293177
1989-11-01,32.558856828225444,14.39024430924128,17.561051504018575,84.39255689876035,37.29951324955341,45.51824549841615
1989-12-01,18.138255253690637,13.05220395101165,24.858902461309306,48.581502871485,34.959023062389605,66.58208435237084
1990-01-01,16.0140297366183,12.412208974005216,8.708183732033174,42.891977246558454,33.24486051597557,23.323999307877656
1990-02-01,53.505936587117006,14.954245300931486,10.197978452180482,129.44156179155345,36.17731023201345,24.670949471515026
1990-03-01,48.439204820488236,8.4838439348914,16.139582509101835,129.7395661911957,22.723127595213125,43.22825779237836
1990-04-01,42.83896824374792,8.910850087924338,24.80975031550229,111.03860568779461,23.096923427899885,64.30687281778194
1990-05-01,31.358117776570793,19.788569936216277,13.690809889581509,83.98958265276721,53.00170571716168,36.66946520825511
1990-06-01,21.93177280283383,21.137847394138124,17.130226556391065,56.84715510494529,54.78930044560602,44.40154723416565
1990-07-01,21.257481706843443,11.972949060476047,8.748311462907058,56.93603900360948,32.06834676357905,23.431477422250264
1990-08-01,25.009715926583812,10.33191477029686,10.670177617317599,66.98602313776209,27.67300052076311,28.579003730223455
1990-09-01,36.969066588244814,16.303992691824252,25.759342213259245,95.82382059673056,42.259949057208466,66.76821501676797
1990-10-01,43.583836908002496,12.539746737569542,25.37213653584882,116.73494877439389,33.586457661906266,67.95673049761749
1990-11-01,41.40789506870925,6.406181690565518,8.088919656819373,107.32926401809439,16.604822941945823,20.966479750475816
1990-12-01,26.197355877837715,8.498441557859046,25.132612137618302,70.16699798320053,22.76222586856967,67.31518834939686
1991-01-01,53.19461122652776,17.45555566155836,19.504158880679007,142.47644670913195,46.752960283917915,52.239939146010656
1991-02-01,44.51587666783074,16.54278307056242,23.622529301360398,107.69280883481612,40.020300804304604,57.14762288585107
1991-03-01,37.17416210045603,6.433535880055736,16.185317401409463,99.56727576986142,17.231582501141283,43.350754127935105
1991-04-01,39.46882984937409,9.551554590927191,17.280728514426507,102.30320696957764,24.75762949968328,44.7916483093935
1991-05-01,31.784002497111597,9.697196745409142,16.799238444624564,85.13027228826371,25.972971762903846,44.99508025008243
1991-06-01,24.909239580046297,16.750283897579656,20.003556635829877,64.56474899148,43.416735862526465,51.84921880007104
1991-07-01,29.238907146050465,6.3153686040698265,10.513722585613632,78.31348889998158,16.915083269140624,28.159954573307555
1991-08-01,45.31384441857476,7.6657373117531815,8.539524617708203,121.36860089071064,20.53191081579972,22.872262736069654
1991-09-01,15.575739545190235,18.79865736597103,13.542738948641436,40.37231690113309,48.726119892596905,35.1027793548786
1991-10-01,19.64290562027665,8.856714592869338,20.68425372925964,52.61155841334898,23.72182436554123,55.40070518844902
1991-11-01,16.84010568087011,16.443937725629993,11.63336213821307,43.64955392481532,42.62268658483294,30.153674662248275
1991-12-01,16.629152092758805,9.810924496747624,20.12178379984851,44.53952096524519,26.277580172088836,53.894185729514255
1992-01-01,49.21842336044029,7.5910622841495226,25.45841682993087,131.82662512860327,20.331901221866083,68.18782363728684
1992-02-01,43.146314375200944,9.890755055991265,9.690212884209531,108.10740529850348,24.782275868291713,24.279797402675403
1992-03-01,33.96695316349301,17.556270909690546,20.106838128052274,90.97708735309969,47.02271600451516,53.85415524217522
1992-04-01,18.91336642604006,19.691143489700572,15.987503947482281,49.02344577629583,51.039443925303885,41.43961023187407
1992-05-01,34.66463500467329,19.283517833071866,23.626560578795097,92.84575839651694,51.648974164099684,63.28137985424479
1992-06-01,33.93887083122263,12.354936473895277,11.188696210052946,87.96955319452906,32.02399534033656,29.001100576457237
1992-07-01,21.928074796400608,16.68936218513034,20.46726714007096,58.73215553467939,44.7007876766531,54.81952830796606
1992-08-01,32.35406596951892,9.279748726653136,23.086075213665985,86.65713029275948,24.85487898946776,61.83374385228298
1992-09-01,30.94018937589494,10.690363684176212,25.003055950532417,80.19697086231967,27.70942266938474,64.80792102378003
1992-10-01,39.63400392208866,20.341373096337918,20.298464509213623,106.15571610492226,54.482333701231475,54.367407341477765
1992-11-01,40.40374603470575,6.208030776171777,16.949145752151694,104.72650972195731,16.091215771837245,43.93218578957718
1992-12-01,16.81216039088178,7.368136493671489,19.12125032362185,45.02969039093775,19.734816784649716,51.21435686678876
1993-01-01,29.98450458505885,9.326180082336437,23.640289720616927,80.31049708062163,24.979240732529913,63.31815198770038
1993-02-01,40.03439662856945,6.424515261981115,18.270975439498933,96.85121232383524,15.542187321784715,44.20114378323582
1993-03-01,35.12545034320351,8.902966961436757,8.546967074543064,94.0800061992363,23.84570670951221,22.89219661245614
1993-04-01,49.25959364753289,15.328664975515075,24.7570765191256,127.68086673440523,39.731899616535074,64.17034233757356
1993-05-01,41.347745264757805,12.742792809479967,20.411481518568102,110.74580091712731,34.130296260911145,54.67011209933281
1993-06-01,21.517377083257188,20.282747377231598,20.177240943990437,55.77304139980262,52.5728812017843,52.29940852682321
1993-07-01,17.822749896017193,19.079096987815056,11.882152743158908,47.73645332149245,51.101453372163846,31.82515790727682
1993-08-01,40.69677112825262,11.469077627166016,19.859938464187827,109.00223178991182,30.718777516601456,53.192859182480674
1993-09-01,16.060452421664873,10.15077493490068,15.089559301774852,41.62869267695535,26.310808631262564,39.112137710200415
1993-10-01,38.43102325093853,12.07507853067627,19.722193586746858,102.93365267531375,32.341890336563324,52.823923302742784
1993-11-01,52.6092096569983,15.444719080236924,9.918674545543833,136.3630714309396,40.03271185597411,25.709204422049616
1993-12-01,38.01896711503516,10.28901825316602,19.84121548285465,101.83000152091017,27.558106489279865,53.14271154927789
1994-01-01,30.526797048260875,15.986382525586144,25.989447063872,81.76297321406193,42.81792695652993,69.61013501587476
1994-02-01,40.73152873769413,12.550586435059847,8.867816699490009,98.53771432222962,30.362378703696784,21.45302215940623
1994-03-01,33.33011561966067,14.832754893631684,25.58913531598371,89.27138167569912,39.7280507071031,68.53794003033076
1994-04-01,36.8246715726374,12.978024466165067,15.32434329301167,95.44954871627614,33.63903941629986,39.720697815486254
1994-05-01,52.658592351061,10.711452152670683,23.673562106070666,141.04077375308177,28.689553445713155,63.40726874489967
1994-06-01,30.44410551203097,21.17525291139451,22.08293871304892,78.91112148718427,54.88625554633457,57.2389771442228
1994-07-01,53.44762255295657,18.21769270655617,18.20629269776002,143.1541122458389,48.79426814524005,48.76373436168044
1994-08-01,51.21402567824255,8.24181081226324,21.292085766523876,137.17164637660485,22.074866079565865,57.028722517057545
1994-09-01,22.831645391571858,19.895487614366605,23.813280103424262,59.179624854954255,51.569103896438236,61.72402202807568
1994-10-01,17.774452035006618,13.798899171992218,15.274525789718593,47.607092330561734,36.95897154226395,40.91128987518228
1994-11-01,19.031120055097066,20.312835630305464,13.886596908138296,49.328663182811596,52.650869953751766,35.99405918589446
1994-12-01,15.72887302606199,18.797684095157045,20.016680940144525,42.12821351300444,50.347717080468634,53.6126782300831
1995-01-01,18.777718430237137,12.803416071507735,22.541226954942655,50.29424104354715,34.29266960592632,60.3744222761184
1995-02-01,42.320270936654275,6.359508933121878,21.721132425979086,102.38119944995404,15.384924011008447,52.54776356492861
1995-03-01,17.84754593840916,10.298837750159137,22.36064567945542,47.802867041435086,27.584407030026235,59.8907533878534
1995-04-01,27.75902521175045,14.66614743457387,15.840499666632795,71.95139334885717,38.014654150415474,41.0585751359122
1995-05-01,48.79501243877818,16.135651517218356,22.721015891150387,130.69256131602347,43.217729023717645,60.8559689628572
1995-06-01,15.930877429433036,10.126202966931237,10.163762996670952,41.29283429709044,26.247118090285767,26.34447368737111
1995-07-01,47.578739303557434,8.229697185165186,17.800803763295292,127.43489535064822,22.042420940746435,47.67767279961011
1995-08-01,26.274190990936,19.358883788788788,8.103655888966188,70.37279315012299,51.85083433989189,21.704831933007036
1995-09-01,19.72659310486625,21.750434891256834,13.842544938204865,51.13132932781332,56.37712723813772,35.87987647982701
1995-10-01,42.86948661456603,14.411042916842973,14.596307627685162,114.82163294845365,38.59853734847222,39.09475034999194
1995-11-01,40.157713871195355,8.746868573572856,15.131108448966597,104.08879435413836,22.671883342700838,39.21983309972142
1995-12-01,50.09888054108212,10.356917224309903,20.51840972041752,134.18484164123436,27.739967093591645,54.95650859516629
1996-01-01,44.40284175215543,6.294250824759468,14.994045822866223,118.92857134897311,16.858521409035756,40.1600523319649
1996-02-01,47.13923721539394,20.628780904967982,16.07648520720555,118.11207276689106,51.68747343548777,40.28124133517422
1996-03-01,26.281382902852258,7.884017326242258,12.275794355737894,70.3920559669995,21.116552006607265,32.879487602408375
1996-04-01,22.097581751188912,15.224263608228057,14.71853224932812,57.27693189908166,39.46129127252712,38.15043559025849
1996-05-01,45.024590065634335,10.384883530995296,12.090853290736726,120.593862031795,27.8148720494178,32.38414145390925
1996-06-01,47.27338957069056,14.866848040252695,9.317526627831985,122.53262576722993,38.534870120334986,24.151029019340505
1996-07-01,54.620205680026935,16.42272621362983,18.8620746808648,146.29475889338417,43.98662989058613,50.52018082522828
1996-08-01,31.50470707645706,19.275868859315224,20.02783037399029,84.3822074335826,51.6284871527899,53.642540873695594
1996-09-01,29.880723431711328,9.302740348169651,19.15082622817306,77.45083513499576,24.112702982455733,49.63894158342457
1996-10-01,46.05651842967987,6.175933258535688,16.342892788410303,123.35777896205455,16.541619639661988,43.77280404447816
1996-11-01,28.632141610120712,8.190170081100916,14.836144043226136,74.21451105343289,21.228920850213576,38.45528536004215
1996-12-01,52.23029302414259,20.40029826956968,23.540005692292855,139.8936168358635,54.640158885215435,63.04955124623718
1997-01-01,49.336510073720476,19.982241241000246,17.343472132451925,132.14290858145293,53.520434939895054,46.45275575955924
1997-02-01,32.15976109500073,15.558609634724933,16.625273797335158,77.80089404102577,37.639388428326555,40.21986237051321
1997-03-01,45.03484271165989,15.608269766938454,8.461557184515842,120.62132271890987,41.805189743767954,22.663434763007228
1997-04-01,45.18171496338729,16.640586792740088,14.142460897270814,117.11100518509986,43.132400966782306,36.65725864572595
1997-05-01,19.124954753437304,8.805940457975193,14.843521138145427,51.224278811606474,23.58583092264076,39.75688701640871
1997-06-01,51.102116267182666,20.630591134799356,15.178810056144208,132.45668536453746,53.47449222139993,39.34347566552579
1997-07-01,35.21009489791429,12.70032839827317,18.44310264609198,94.30671817457363,34.016559581934864,49.39800612729275
1997-08-01,48.058298644309666,12.13021645199196,17.60484584108381,128.71934708891902,32.48957174501526,47.15281910075888
1997-09-01,27.801984041224472,14.3026832845254,18.942291670282003,72.06274263485382,37.07255507348984,49.09842000937096
1997-10-01,50.82092913984802,6.751455468400881,21.76789870775831,136.11877660816893,18.08309832656492,58.30313989885986
1997-11-01,30.568067149366524,8.66053390009727,22.633743296889683,79.23243005115802,22.448103869052122,58.66666262553806
1997-12-01,15.433506059211934,17.80853786282193,20.9262153720769,41.33710262899324,47.698387811782254,56.04877525257077
1998-01-01,51.21527905677055,7.3247786868020235,25.199426527188823,137.17500342565424,19.618687234730537,67.49414401042254
1998-02-01,18.651467071445342,15.650433751462211,8.32818648817451,45.12162913924057,37.86152933153738,20.147548752191774
1998-03-01,27.772545503616595,9.925585754901135,11.52400374230383,74.38598587688668,26.5846888859272,30.865891623386577
1998-04-01,53.0024786820322,12.228729824671625,8.136131749606559,137.38242474382747,31.69686770554885,21.088853494980203
1998-05-01,53.024285877502244,10.619099788331198,19.654544854782856,142.020247294302,28.44219687306628,52.6427329390504
1998-06-01,37.93751552493144,11.690763463439186,24.164549881099763,98.3340402406223,30.30245889723437,62.63451329181058
1998-07-01,40.27348848679197,17.504734482947928,12.382681338373388,107.8685115630236,46.884680839127725,33.16577369669928
1998-08-01,32.937820879132786,10.7539474499708,24.68662180633352,88.22065944266926,28.803372850001793,66.1206478460837
1998-09-01,26.728430867922583,15.062474244750355,9.084813025212096,69.28009280965533,39.04193324239292,23.547835361349755
1998-10-01,28.14658181479664,13.616806435185595,24.819848482499257,75.38780473275132,36.4712543560011,66.477482175526
1998-11-01,41.900738243081534,16.61873864580237,14.32920837031342,108.60671352606735,43.07577056991974,37.14130809585239
1998-12-01,45.0949811775072,20.989275829196128,9.825574912085898,120.7823975858353,56.21767638091891,26.316819844530865
1999-01-01,46.66316174903394,17.721153555364005,16.74569166535386,124.98261242861251,47.464337682686946,44.85166055648378
1999-02-01,46.584725711782156,9.439046057452108,12.621978218969144,112.6977684419434,22.83494022218814,30.53508970733015
1999-03-01,18.648244121947613,6.498930160980555,13.127712235314611,49.947457056224486,17.40673454317032,35.16126445106665
1999-04-01,34.77681218810326,10.196224708797201,13.531219368673158,90.14149719156364,26.428614445202346,35.07292060360082
1999-05-01,17.302350400665773,15.521246891204077,22.45446616098794,46.342615313143206,41.572107673401,60.1420421655901
1999-06-01,36.981155292949424,6.822813015748006,17.70490298015458,95.8551545193249,17.684731336818828,45.891108524560664
1999-07-01,32.66122005493508,13.941859955219781,13.603538584808065,87.47981179513812,37.34187770406066,36.43571774554992
1999-08-01,50.50816731033199,15.549485582670227,18.986008099596532,135.2810753239932,41.64774218462394,50.85212409395935
1999-09-01,29.036600502083147,11.347902253071373,20.890712136017484,75.26286850139952,29.413762639961,54.14872585655732
1999-10-01,19.682680657104235,18.334595259933153,12.907232013203608,52.71809187198799,49.10737994420496,34.57073022416454
1999-11-01,20.719667282113434,7.705572050140349,15.443883827456327,53.70537759523802,19.972842753963782,40.0305468807668
1999-12-01,45.46042526869889,7.20220450777294,10.193949680065057,121.76120303968312,19.29038455361904,27.30347482308625
2000-01-01,39.728722532650444,17.651020099257654,11.260688291624245,106.40941043145095,47.2764922338517,30.16062752028638
2000-02-01,19.04490704491161,13.927861059299175,20.260121371369692,47.718919091730534,34.89764867018002,50.7637601081039
2000-03-01,18.364272244599896,17.014438342843775,11.265890258521285,49.186866779936366,45.57147165747277,30.17456046842341
2000-04-01,43.0387652583648,12.95723741765994,17.452940906007083,111.55647954968154,33.58515938657457,45.238022828370354
2000-05-01,17.910520254567743,9.942432531825709,20.76283271100379,47.97153744983425,26.62981129324198,55.61117113315255
2000-06-01,47.87440237161425,19.105637082787197,9.923784615705388,124.09045094722414,49.52181131858441,25.72244972390837
2000-07-01,43.24968908625985,18.790654063503666,18.211619953320266,115.83996724863837,50.32888784368822,48.778002882973006
2000-08-01,18.25395122567599,17.115143533670828,12.618130106624548,48.89138296285057,45.841200440583954,33.79639967758319
2000-09-01,18.39350856340768,10.354322195679403,25.332683754276438,47.6759741963527,26.838403131201012,65.66231629108452
2000-10-01,54.465583140047016,15.443690669905394,16.703821640958644,145.88061788230192,41.36438109027461,44.73951588314363
2000-11-01,29.970831830244812,11.775582351040429,22.507865895952847,77.68439610399454,30.522309453896792,58.340388402309785
2000-12-01,29.825685882675636,7.465313173226146,17.90407775881271,79.88511706815842,19.99509480316891,47.95428186920396
2001-01-01,47.5119826903001,20.677017207395885,8.781425591386745,127.2560944376998,55.381322888289134,23.520170303970257
2001-02-01,52.88994309535435,8.189098094703382,19.3967247606924,127.95135033628124,19.811066110706424,46.924556541067055
2001-03-01,54.44004255291483,21.20379766113284,25.125260159719826,145.8122099737271,56.7922516555782,67.29549681179358
2001-04-01,45.13512741035767,13.136092367327292,18.829012762633962,116.99025024764708,34.04875141611234,48.80480108074723
2001-05-01,30.05038342123663,8.962126861417914,22.745399469682223,80.48694695544019,24.00416058562174,60.92127793959687
2001-06-01,18.34002866794675,14.67041515805373,23.915716340271338,47.53735430731798,38.02571608967527,61.98953675398331
2001-07-01,46.08587663709747,19.96713337402253,12.105435895080785,123.43641198480186,53.479970028981946,32.42319950138437
2001-08-01,37.3361699894322,17.71559818255298,11.81680711834808,100.00119769969521,47.4494581721499,31.6501361857835
2001-09-01,31.968880369879052,18.904978365783194,18.99765779931785,82.8633379187265,49.00170392411003,49.241929015831865
2001-10-01,51.25417540378944,16.54053386737148,15.398512456520685,137.2791834015096,44.30216591036777,41.243375763545
2001-11-01,19.447899292246053,17.07642503228564,23.117503451600967,50.40895496550177,44.26209368368438,59.920568946549714
2001-12-01,34.705004171634364,19.58713042504511,24.2004162211642,92.95388317330548,52.462170130440825,64.8183948067662
2002-01-01,15.454145790696764,9.994688141746975,14.361584827448926,41.39238408580221,26.769772718855098,38.4660688018392
2002-02-01,33.74642567976505,13.830799418290248,12.263670061540676,81.63935300448762,33.459469952727765,29.6682706128792
2002-03-01,17.252131027273492,9.539351069113636,22.049459274389513,46.208107743449325,25.55019790351396,59.05727172052487
2002-04-01,19.752716650722878,21.802688127946354,12.94650863986645,51.19904155867369,56.512567627636955,33.557350394533835
2002-05-01,19.701049871084194,21.104949434985812,22.80705773324621,52.7672919747119,56.527496566666,61.086423432726654
2002-06-01,40.968412084642544,6.630828981896094,15.62728856567773,106.19012412339347,17.18710872107468,40.50593196223668
2002-07-01,44.84179517061693,17.289202760251015,20.01589818724647,120.1042641849804,46.30740067305632,53.61058170472095
2002-08-01,38.334750603886384,20.803973078650653,9.719635649024028,102.6757960174493,55.72136149385791,26.033072122345953
2002-09-01,53.486901938981674,8.889205522037336,19.229467844178316,138.6380498258405,23.040820713120773,49.8427806521102
2002-10-01,29.994823180948163,15.087123688842071,16.131818217270123,80.33813440785156,40.4093520881946,43.2074619131363
2002-11-01,26.42848345127443,20.64781276140867,18.558952337158534,68.50262910570332,53.519130677571276,48.104804457914916
2002-12-01,49.74396512757841,6.5431356573727815,11.024255739407542,133.23423619770602,17.525134544707257,29.527366572429163
2003-01-01,23.943833540778105,17.15872427594944,21.26372740899528,64.13116375562008,45.95792710070298,56.95276749225296
2003-02-01,53.52890157762445,10.757584117960812,23.530347395778115,129.49711869658907,26.024747498170797,56.92461641986642
2003-03-01,15.486178987592654,20.790339126024485,11.901316401633961,41.47818180036816,55.68484431514398,31.876485850136405
2003-04-01,53.79515306830556,21.536931922645884,9.72286199936291,139.437036753048,55.82372754349814,25.201658302348662
2003-05-01,16.726396478023045,21.108263825814944,8.425494548834056,44.79998032673692,56.53637383106275,22.566844599597133
2003-06-01,50.645724547922846,13.58742746651942,19.55548700797879,131.273718028216,35.21861199321834,50.68782232468102
2003-07-01,36.108044363451995,19.792682415829013,18.927692649598054,96.71178602306983,53.012720582556426,50.69593199268343
2003-08-01,54.718591844772014,19.512790376561128,17.840553428853262,146.55827639703736,52.26305774458132,47.78413830384058
2003-09-01,17.951862589415953,11.10560757189209,12.175047730087558,46.53122783176615,28.7857348263443,31.557723716386953
2003-10-01,37.15417137605283,19.262647586410836,15.036307926299264,99.51373261361991,51.59307529544278,40.27324714979994
2003-11-01,53.77210142476396,6.592122155447882,18.700574033351117,139.37728689298817,17.08678062692091,48.47188789444609
2003-12-01,35.92391376680595,15.540318055712849,16.94180345946505,96.21861063301306,41.62318788042129,45.37692638583118
2004-01-01,40.1759455254105,9.680141396603249,25.78013936386797,107.60725249525947,25.927290716662142,69.04952527218397
2004-02-01,42.829947559384685,7.929070172436461,10.455915546021195,107.31471660479428,19.867078224056797,26.198341992110706
2004-03-01,33.18164259071093,7.2312512260673465,20.512601972856686,88.87371151496015,19.368183283898784,54.940953124099345
2004-04-01,40.10232320336254,17.140620414050236,15.277737825877258,103.94522174311571,44.42848811321821,39.59989644467385
2004-05-01,38.372572476924006,11.437999420289058,15.707593068661065,102.77709812219327,30.63553764730222,42.071217275101795
2004-06-01,51.04632041963956,17.596268344460185,20.916759781847173,132.31206252770573,45.609527548840795,54.21624135454787
2004-07-01,16.817855213658316,7.045701452783078,20.463850723838654,45.04494340426244,18.871206771134197,54.81037777872945
2004-08-01,26.238527583689212,11.044645405289765,25.84260788663939,70.27727228015318,29.581978253528106,69.21684096357495
2004-09-01,53.01645936306235,14.631860678005395,10.311097210174253,137.4186626690576,37.925782877389985,26.726363968771665
2004-10-01,50.61055135563665,18.65157063742342,9.873973688914994,135.5553007509372,49.95636679527488,26.44645112838992
2004-11-01,33.22627011142852,11.100040046913119,21.038098708317342,86.12249212882273,28.771303801598805,54.53075185195855
2004-12-01,39.80530391206147,16.014262022992146,18.410964506115363,106.61452599806545,42.89259940238216,49.31192733317939
2005-01-01,26.095247319245306,20.175643971778996,12.934891998076505,69.89351041986662,54.03844481401286,34.64481472764811
2005-02-01,22.52484638895045,15.853811010916873,9.429548641801759,54.492108384148935,38.3535395976101,22.811964074246816
2005-03-01,33.547936197599284,9.72735159605814,9.541848492735749,89.85479231164992,26.05373851488212,25.55688700294343
2005-04-01,29.134089121042113,6.390412504904608,24.09543574395413,75.51555900174115,16.563949212712746,62.45536944832911
2005-05-01,38.34624447403488,19.921581982414878,11.453611844937372,102.70658119925504,53.35796518170002,30.677353965480258
2005-06-01,18.109385478599393,6.340310573606194,13.820688118079374,46.93952716052963,16.434085006787257,35.82322360206174
2005-07-01,53.97579230664666,19.99522676294719,12.079815240085784,144.56876211412242,53.555215361877764,32.354577139045766
2005-08-01,54.44842977918412,14.462994144435392,14.389933504974872,145.83467432056673,38.73768351645575,38.5419978997247
2005-09-01,42.92646856078981,21.025083176206337,9.249629169429681,111.26540650956719,54.497015592726825,23.975038807161734
2005-10-01,36.44385465376482,18.780531772378644,17.343076236348868,97.61122030464368,50.301776299138965,46.4516953914368
2005-11-01,27.38110465145311,21.9669457685334,9.217026144659869,70.97182325656647,56.93832343203857,23.89053176695838
2005-12-01,47.551800788277944,11.611389047227362,22.40641714080251,127.36274323132365,31.099944424093767,60.013347669925444
2006-01-01,42.38924690215517,18.275012622898032,12.206817474387794,113.5353589027324,48.9477938091701,32.69473992340027
2006-02-01,21.504677573795654,12.430894617747875,17.72021446288119,52.024115986526446,30.07282025925566,42.86874282860218
2006-03-01,51.4370873797537,13.678009924862542,23.841423576106248,137.76909483793233,36.635181782751836,63.85686890624298
2006-04-01,47.90148971692676,16.04008741149392,19.715792642849493,124.16066134627417,41.575906570592245,51.10333453026589
2006-05-01,52.99199653167696,19.978833826981422,17.593240157924036,141.93376351044355,53.51130852218704,47.12173443898374
2006-06-01,44.0287803355344,21.74533550718872,13.83800755607676,114.12259862970517,56.36390963463316,35.868115585350964
2006-07-01,39.536607837431596,18.29237462183229,13.994034435047563,105.89485043177679,48.9942961871156,37.48162183083139
2006-08-01,31.729721451624755,12.68426851467734,20.050765193567422,84.98488593603174,33.97354478971179,53.70396949445099
2006-09-01,52.309139334160534,12.741712036433123,25.894508501981015,135.5852891541441,33.02651759843466,67.1185660371348
2006-10-01,49.642555580016335,17.801316825422262,19.913105417288815,132.96262086551576,47.67904698521099,53.33526154966637
2006-11-01,16.808746804247576,9.820434332292837,18.04010151266045,43.56827171660972,25.454565789303032,46.75994312081589
2006-12-01,16.05467897989008,7.7675858101023145,21.15170918430643,43.0008521797376,20.80470183377804,56.65273787924634
2007-01-01,30.058534675121983,11.673954522252425,16.373701021106925,80.50877927384671,31.267519792400897,43.85532081493279
2007-02-01,47.422133231273314,10.595823866465308,9.082562166814133,114.7236247130964,25.633417097752872,21.97253439395675
2007-03-01,54.49104517259778,10.740929927295841,18.121342685802375,145.94881539028592,28.768506717269183,48.53620424965309
2007-04-01,21.016675644141127,9.737724016798559,25.237255121096844,54.4752232696138,25.240180651541866,65.41496527388303
2007-05-01,38.7652286140854,6.67349103418179,11.155452962437874,103.82878831996635,17.874278385952508,29.8787652145936
2007-06-01,30.23563426524086,6.285982955734621,20.420088034771982,78.37076401550432,16.293267821264138,52.92886818612897
2007-07-01,53.79657591258413,21.803558235776507,11.616806395863016,144.08874892426536,58.398650378703785,31.1144542506795
2007-08-01,48.684756925428346,12.844370139773797,17.644898320515463,130.3972529490673,34.40236098237014,47.260095661668615
2007-09-01,48.533148188445516,12.149226354554907,9.740176093640953,125.7979201044508,31.490794711006316,25.246536434717353
2007-10-01,33.74772639179881,16.87435652308912,16.106676852647333,90.38991036779393,45.1962765114419,43.14012328213062
2007-11-01,31.592780093506608,9.492062205841027,21.61093992011443,81.88848600236912,24.603425237539945,56.0155562729366
2007-12-01,25.93628287722825,21.199378943203605,14.256287436301678,69.46774005836815,56.78041656147654,38.18404026939041
2008-01-01,17.255019866037085,18.581520230648835,19.968411040769922,46.21584520919373,49.768743785769836,53.48339213159815
2008-02-01,49.588895050202126,7.430576036996152,22.318099294215124,124.24993543778645,18.618051318297557,55.92022959158541
2008-03-01,47.516040365203104,12.681292412558854,24.68920075063015,127.26696251416,33.96557359779763,66.12755529048779
2008-04-01,54.98870693144522,20.065892920994635,12.223557473398163,142.530728366306,52.01079445121809,31.68346097104804
2008-05-01,54.86547348295622,21.115712356662563,15.187686484567546,146.95168417674992,56.556323976085004,40.67869948026571
2008-06-01,37.2172682241051,13.478424179997916,10.743488239947514,96.46715923688042,34.9360754745546,27.847121517943958
2008-07-01,45.75949660722042,15.814582227371323,25.864703038850752,122.56223571277918,42.35777703779135,69.27602061925785
2008-08-01,52.79062919529712,8.672543137473204,24.686017422637317,141.39442123668383,23.228539539408228,66.11902906479179
2008-09-01,48.98589562709646,21.858698018191625,17.719228345050073,126.97144146543401,56.6577452631527,45.928239870369794
2008-10-01,24.893924069727905,9.706747222135094,23.156599298775582,66.67588622835922,25.998551759766634,62.02263556184051
2008-11-01,33.02176541240374,21.08370838616201,17.37724359089676,85.59241594895049,54.648972136931924,45.04181538760441
2008-12-01,20.1663766060598,16.394346383877895,19.224542384049677,54.01362310167057,43.910617354578555,51.491014321438655
2009-01-01,53.16204109034889,15.723788718061746,9.6042397780883,142.38921085639046,42.114595702456576,25.7239958216317
2009-02-01,39.246985378035205,14.203016176264137,21.594867568942544,94.94630702654277,34.3599367336182,52.242303622785805
2009-03-01,24.14571222013851,9.690716987484139,10.298842705434227,64.67187561041898,25.955616379277515,27.584420302235035
2009-04-01,41.86802737623427,8.824448512088132,22.86921734454551,108.52192695919922,22.87297054333244,59.277011357061966
2009-05-01,39.72512961831583,9.527779345122806,22.076505578066946,106.39978716969713,25.519204197976926,59.129712540294506
2009-06-01,29.32650872131362,8.983012194308072,20.757404559373576,76.0143106056449,23.283967607646524,53.80319261789631
2009-07-01,19.54230368798516,18.47335157706805,8.650886849445719,52.342106197899454,49.479024864019074,23.170535337555414
2009-08-01,41.862927823711985,11.602004146667682,13.456310407015915,112.12566588303018,31.074807906434717,36.04138179415143
2009-09-01,35.812308036151734,6.925482825014342,12.73602625839517,92.8255024297053,17.950851482437177,33.011780061760284
2009-10-01,45.892735669425576,21.505642082252983,14.482455334487344,122.91910321698947,57.600711753106395,38.7898083678909
2009-11-01,35.80654004447973,20.14057415941481,9.577569441749095,92.81055179529146,52.20436822120318,24.825059993013653
2009-12-01,49.0872600127416,20.844036531123407,24.86524081455913,131.4753172181271,55.828667444960935,66.59906099771517
