date,caudal_supe_m3s,volumen_supe_mmc
1962-08-01,0.00,0.000
1962-09-01,0.00,0.000
1962-10-01,0.00,0.000
1962-11-01,0.00,0.000
1962-12-01,0.00,0.000
1963-01-01,0.85,2.277
1963-02-01,4.16,10.064
1963-03-01,10.00,26.784
1963-04-01,6.48,16.796
1963-05-01,0.00,0.000
1963-06-01,0.00,0.000
1963-07-01,0.00,0.000
1963-08-01,0.00,0.000
1963-09-01,0.00,0.000
1963-10-01,0.00,0.000
1963-11-01,0.00,0.000
1963-12-01,3.29,8.812
1964-01-01,0.06,0.161
1964-02-01,3.78,9.471
1964-03-01,8.34,22.338
1964-04-01,4.49,11.638
1964-05-01,0.71,1.902
1964-06-01,0.00,0.000
1964-07-01,0.00,0.000
1964-08-01,0.00,0.000
1964-09-01,0.00,0.000
1964-10-01,0.00,0.000
1964-11-01,0.00,0.000
1964-12-01,0.00,0.000
1965-01-01,0.44,1.178
1965-02-01,1.49,3.605
1965-03-01,13.72,36.748
1965-04-01,2.40,6.221
1965-05-01,0.00,0.000
1965-06-01,0.00,0.000
1965-07-01,0.00,0.000
1965-08-01,0.00,0.000
1965-09-01,0.00,0.000
1965-10-01,0.00,0.000
1965-11-01,0.00,0.000
1965-12-01,0.00,0.000
1966-01-01,0.83,2.223
1966-02-01,0.61,1.476
1966-03-01,3.34,8.946
1966-04-01,0.57,1.477
1966-05-01,0.00,0.000
1966-06-01,0.00,0.000
1966-07-01,0.00,0.000
1966-08-01,0.00,0.000
1966-09-01,0.00,0.000
1966-10-01,0.75,2.009
1966-11-01,0.00,0.000
1966-12-01,0.00,0.000
1967-01-01,5.91,15.829
1967-02-01,27.29,66.020
1967-03-01,19.20,51.425
1967-04-01,4.69,12.156
1967-05-01,0.48,1.286
1967-06-01,0.00,0.000
1967-07-01,0.00,0.000
1967-08-01,0.00,0.000
1967-09-01,0.00,0.000
1967-10-01,0.00,0.000
1967-11-01,0.00,0.000
1967-12-01,0.00,0.000
1968-01-01,0.00,0.000
1968-02-01,0.00,0.000
1968-03-01,2.03,5.437
1968-04-01,1.12,2.903
1968-05-01,0.00,0.000
1968-06-01,0.00,0.000
1968-07-01,0.00,0.000
1968-08-01,0.00,0.000
1968-09-01,0.00,0.000
1968-10-01,0.00,0.000
1968-11-01,0.00,0.000
1968-12-01,0.00,0.000
1969-01-01,0.00,0.000
1969-02-01,0.20,0.484
1969-03-01,4.58,12.267
1969-04-01,2.59,6.713
1969-05-01,0.00,0.000
1969-06-01,0.00,0.000
1969-07-01,0.00,0.000
1969-08-01,0.00,0.000
1969-09-01,0.00,0.000
1969-10-01,0.00,0.000
1969-11-01,0.00,0.000
1969-12-01,1.98,5.303
1970-01-01,11.96,32.034
1970-02-01,0.73,1.766
1970-03-01,2.06,5.518
1970-04-01,1.07,2.773
1970-05-01,0.69,1.848
1970-06-01,0.63,1.633
1970-07-01,0.11,0.295
1970-08-01,0.00,0.000
1970-09-01,0.00,0.000
1970-10-01,0.00,0.000
1970-11-01,0.00,0.000
1970-12-01,0.62,1.661
1971-01-01,1.72,4.607
1971-02-01,3.29,7.959
1971-03-01,7.62,20.409
1971-04-01,4.79,12.416
1971-05-01,1.25,3.348
1971-06-01,0.00,0.000
1971-07-01,0.00,0.000
1971-08-01,0.00,0.000
1971-09-01,0.00,0.000
1971-10-01,0.00,0.000
1971-11-01,0.00,0.000
1971-12-01,0.08,0.214
1972-01-01,4.04,10.821
1972-02-01,5.29,13.255
1972-03-01,20.34,54.479
1972-04-01,4.29,11.120
1972-05-01,1.31,3.509
1972-06-01,0.27,0.700
1972-07-01,0.02,0.054
1972-08-01,0.18,0.482
1972-09-01,0.11,0.285
1972-10-01,0.10,0.268
1972-11-01,0.22,0.570
1972-12-01,2.36,6.321
1973-01-01,7.32,19.606
1973-02-01,7.53,18.217
1973-03-01,11.93,31.953
1973-04-01,9.09,23.561
1973-05-01,1.99,5.330
1973-06-01,0.78,2.022
1973-07-01,0.51,1.366
1973-08-01,0.38,1.018
1973-09-01,0.41,1.063
1973-10-01,0.74,1.982
1973-11-01,0.54,1.400
1973-12-01,1.46,3.910
1974-01-01,4.56,12.214
1974-02-01,7.82,18.918
1974-03-01,5.74,15.374
1974-04-01,3.05,7.906
1974-05-01,1.33,3.562
1974-06-01,1.00,2.592
1974-07-01,0.88,2.357
1974-08-01,0.74,1.982
1974-09-01,0.41,1.063
1974-10-01,0.30,0.804
1974-11-01,0.28,0.726
1974-12-01,0.28,0.750
1975-01-01,0.54,1.446
1975-02-01,2.76,6.677
1975-03-01,18.87,50.541
1975-04-01,3.47,8.994
1975-05-01,0.68,1.821
1975-06-01,0.50,1.296
1975-07-01,0.44,1.178
1975-08-01,0.37,0.991
1975-09-01,0.28,0.726
1975-10-01,0.26,0.696
1975-11-01,0.12,0.311
1975-12-01,0.23,0.616
1976-01-01,2.25,6.026
1976-02-01,5.45,13.656
1976-03-01,5.04,13.499
1976-04-01,2.81,7.284
1976-05-01,0.84,2.250
1976-06-01,0.22,0.570
1976-07-01,0.11,0.295
1976-08-01,0.10,0.268
1976-09-01,0.10,0.259
1976-10-01,0.10,0.268
1976-11-01,0.10,0.259
1976-12-01,0.30,0.804
1977-01-01,3.03,8.116
1977-02-01,9.41,22.765
1977-03-01,5.44,14.570
1977-04-01,1.42,3.681
1977-05-01,0.18,0.482
1977-06-01,0.11,0.285
1977-07-01,0.10,0.268
1977-08-01,0.10,0.268
1977-09-01,0.33,0.855
1977-10-01,0.13,0.348
1977-11-01,0.34,0.881
1977-12-01,0.42,1.125
1978-01-01,1.62,4.339
1978-02-01,5.26,12.725
1978-03-01,2.21,5.919
1978-04-01,2.13,5.521
1978-05-01,0.52,1.393
1978-06-01,0.29,0.752
1978-07-01,0.22,0.589
1978-08-01,0.20,0.536
1978-09-01,0.17,0.441
1978-10-01,0.33,0.884
1978-11-01,0.50,1.296
1978-12-01,0.66,1.768
1979-01-01,0.69,1.848
1979-02-01,3.14,7.596
1979-03-01,5.37,14.383
1979-04-01,0.59,1.529
1979-05-01,0.23,0.616
1979-06-01,0.11,0.285
1979-07-01,0.09,0.241
1979-08-01,0.08,0.214
1979-09-01,0.06,0.156
1979-10-01,0.07,0.187
1979-11-01,0.08,0.207
1979-12-01,0.24,0.643
1980-01-01,1.89,5.062
1980-02-01,1.99,4.986
1980-03-01,1.94,5.196
1980-04-01,3.24,8.398
1980-05-01,0.49,1.312
1980-06-01,0.31,0.804
1980-07-01,0.10,0.268
1980-08-01,0.06,0.161
1980-09-01,0.05,0.130
1980-10-01,1.61,4.312
1980-11-01,0.52,1.348
1980-12-01,0.99,2.652
1981-01-01,2.67,7.151
1981-02-01,11.07,26.781
1981-03-01,16.81,45.024
1981-04-01,2.14,5.547
1981-05-01,0.42,1.125
1981-06-01,0.24,0.622
1981-07-01,0.09,0.241
1981-08-01,0.08,0.214
1981-09-01,0.09,0.233
1981-10-01,0.08,0.214
1981-11-01,0.07,0.181
1981-12-01,0.39,1.045
1982-01-01,1.20,3.214
1982-02-01,4.33,10.475
1982-03-01,1.23,3.294
1982-04-01,0.59,1.529
1982-05-01,0.27,0.723
1982-06-01,0.15,0.389
1982-07-01,0.07,0.187
1982-08-01,0.04,0.107
1982-09-01,0.04,0.104
1982-10-01,0.04,0.107
1982-11-01,0.26,0.674
1982-12-01,2.07,5.544
1983-01-01,7.27,19.472
1983-02-01,12.57,30.409
1983-03-01,14.94,40.015
1983-04-01,6.83,17.703
1983-05-01,0.51,1.366
1983-06-01,0.23,0.596
1983-07-01,0.18,0.482
1983-08-01,0.10,0.268
1983-09-01,0.08,0.207
1983-10-01,0.08,0.214
1983-11-01,0.05,0.130
1983-12-01,0.20,0.536
1984-01-01,1.93,5.169
1984-02-01,23.41,58.656
1984-03-01,18.97,50.809
1984-04-01,2.69,6.972
1984-05-01,0.82,2.196
1984-06-01,0.58,1.503
1984-07-01,0.34,0.911
1984-08-01,0.16,0.429
1984-09-01,0.08,0.207
1984-10-01,0.47,1.259
1984-11-01,0.35,0.907
1984-12-01,1.77,4.741
1985-01-01,1.45,3.884
1985-02-01,3.10,7.500
1985-03-01,4.24,11.356
1985-04-01,4.41,11.431
1985-05-01,1.91,5.116
1985-06-01,0.73,1.892
1985-07-01,0.57,1.527
1985-08-01,0.38,1.018
1985-09-01,0.42,1.089
1985-10-01,0.44,1.178
1985-11-01,0.34,0.881
1985-12-01,0.41,1.098
1986-01-01,2.09,5.598
1986-02-01,2.12,5.129
1986-03-01,6.74,18.052
1986-04-01,7.60,19.699
1986-05-01,2.73,7.312
1986-06-01,0.44,1.140
1986-07-01,0.30,0.804
1986-08-01,0.30,0.804
1986-09-01,0.40,1.037
1986-10-01,0.30,0.804
1986-11-01,0.20,0.518
1986-12-01,1.00,2.678
1987-01-01,6.53,17.490
1987-02-01,9.96,24.095
1987-03-01,5.11,13.687
1987-04-01,1.31,3.396
1987-05-01,0.58,1.553
1987-06-01,0.38,0.985
1987-07-01,0.25,0.670
1987-08-01,0.19,0.509
1987-09-01,0.10,0.259
1987-10-01,0.08,0.214
1987-11-01,0.04,0.104
1987-12-01,0.61,1.634
1988-01-01,4.61,12.347
1988-02-01,11.72,29.366
1988-03-01,2.16,5.785
1988-04-01,5.55,14.386
1988-05-01,5.63,15.079
1988-06-01,2.47,6.402
1988-07-01,0.84,2.250
1988-08-01,0.64,1.714
1988-09-01,0.54,1.400
1988-10-01,0.45,1.205
1988-11-01,0.35,0.907
1988-12-01,0.48,1.286
1989-01-01,11.24,30.105
1989-02-01,24.79,59.972
1989-03-01,19.97,53.488
1989-04-01,10.52,27.268
1989-05-01,3.67,9.830
1989-06-01,0.86,2.229
1989-07-01,0.52,1.393
1989-08-01,0.18,0.482
1989-09-01,0.11,0.285
1989-10-01,0.08,0.214
1989-11-01,0.06,0.156
1989-12-01,0.03,0.080
1990-01-01,0.49,1.312
1990-02-01,1.76,4.258
1990-03-01,3.94,10.553
1990-04-01,1.15,2.981
1990-05-01,0.43,1.152
1990-06-01,0.16,0.415
1990-07-01,0.12,0.321
1990-08-01,0.11,0.295
1990-09-01,0.10,0.259
1990-10-01,0.32,0.857
1990-11-01,1.40,3.629
1990-12-01,1.79,4.794
1991-01-01,1.99,5.330
1991-02-01,3.86,9.338
1991-03-01,10.69,28.632
1991-04-01,5.40,13.997
1991-05-01,4.25,11.383
1991-06-01,2.60,6.739
1991-07-01,1.93,5.169
1991-08-01,1.54,4.125
1991-09-01,1.01,2.618
1991-10-01,0.70,1.875
1991-11-01,0.81,2.100
1991-12-01,0.93,2.491
1992-01-01,1.17,3.134
1992-02-01,0.48,1.203
1992-03-01,2.21,5.919
1992-04-01,1.00,2.592
1992-05-01,0.93,2.491
1992-06-01,0.90,2.333
1992-07-01,0.86,2.303
1992-08-01,0.80,2.143
1992-09-01,0.74,1.918
1992-10-01,0.70,1.875
1992-11-01,0.70,1.814
1992-12-01,0.70,1.875
1993-01-01,3.03,8.116
1993-02-01,8.55,20.684
1993-03-01,7.88,21.106
1993-04-01,4.62,11.975
1993-05-01,1.97,5.276
1993-06-01,0.88,2.281
1993-07-01,0.67,1.795
1993-08-01,0.57,1.527
1993-09-01,0.51,1.322
1993-10-01,0.50,1.339
1993-11-01,1.71,4.432
1993-12-01,1.90,5.089
1994-01-01,5.10,13.660
1994-02-01,10.23,24.748
1994-03-01,9.19,24.614
1994-04-01,6.45,16.718
1994-05-01,1.68,4.500
1994-06-01,0.95,2.462
1994-07-01,0.70,1.875
1994-08-01,0.72,1.928
1994-09-01,0.71,1.840
1994-10-01,0.67,1.795
1994-11-01,0.65,1.685
1994-12-01,0.69,1.848
1995-01-01,1.23,3.294
1995-02-01,2.41,5.830
1995-03-01,3.00,8.035
1995-04-01,2.15,5.573
1995-05-01,0.87,2.330
1995-06-01,0.77,1.996
1995-07-01,0.68,1.821
1995-08-01,0.60,1.607
1995-09-01,0.60,1.555
1995-10-01,0.53,1.420
1995-11-01,0.53,1.374
1995-12-01,0.56,1.500
1996-01-01,3.14,8.410
1996-02-01,11.42,28.614
1996-03-01,12.62,33.801
1996-04-01,9.12,23.639
1996-05-01,2.20,5.892
1996-06-01,1.53,3.966
1996-07-01,0.81,2.170
1996-08-01,0.62,1.661
1996-09-01,0.65,1.685
1996-10-01,0.59,1.580
1996-11-01,0.56,1.452
1996-12-01,0.54,1.446
1997-01-01,0.53,1.420
1997-02-01,6.75,16.330
1997-03-01,5.56,14.892
1997-04-01,0.94,2.436
1997-05-01,0.32,0.857
1997-06-01,0.13,0.337
1997-07-01,0.07,0.187
1997-08-01,0.47,1.259
1997-09-01,0.46,1.192
1997-10-01,0.46,1.232
1997-11-01,0.72,1.866
1997-12-01,10.38,27.802
1998-01-01,16.99,45.506
1998-02-01,19.85,48.021
1998-03-01,20.24,54.211
1998-04-01,10.90,28.253
1998-05-01,2.17,5.812
1998-06-01,0.78,2.022
1998-07-01,0.52,1.393
1998-08-01,0.47,1.259
1998-09-01,0.46,1.192
1998-10-01,0.46,1.232
1998-11-01,0.46,1.192
1998-12-01,0.43,1.152
1999-01-01,0.66,1.768
1999-02-01,13.40,32.417
1999-03-01,10.13,27.132
1999-04-01,6.27,16.252
1999-05-01,3.37,9.026
1999-06-01,1.54,3.992
1999-07-01,0.88,2.357
1999-08-01,0.82,2.196
1999-09-01,0.90,2.333
1999-10-01,1.00,2.678
1999-11-01,1.00,2.592
1999-12-01,1.23,3.294
2000-01-01,2.56,6.857
2000-02-01,10.41,26.083
2000-03-01,10.16,27.213
2000-04-01,6.67,17.289
2000-05-01,1.98,5.303
2000-06-01,0.99,2.566
2000-07-01,1.53,4.098
2000-08-01,0.92,2.464
2000-09-01,0.80,2.074
2000-10-01,0.87,2.330
2000-11-01,0.77,1.996
2000-12-01,1.57,4.205
2001-01-01,19.10,51.157
2001-02-01,14.62,35.369
2001-03-01,13.58,36.373
2001-04-01,11.45,29.678
2001-05-01,5.34,14.303
2001-06-01,3.92,10.161
2001-07-01,3.50,9.374
2001-08-01,2.18,5.839
2001-09-01,0.83,2.151
2001-10-01,0.80,2.143
2001-11-01,1.50,3.888
2001-12-01,0.96,2.571
2002-01-01,1.20,3.214
2002-02-01,7.43,17.975
2002-03-01,11.66,31.230
2002-04-01,12.80,33.178
2002-05-01,3.44,9.214
2002-06-01,2.22,5.754
2002-07-01,2.21,5.919
