date,precipitacion_eltigre_mm,precipitacion_campamentosede_mm,precipitacion_tumpis_mm
1964-01-01,72.4,NA,NA
1964-02-01,4.9,NA,NA
1964-03-01,91.6,NA,NA
1964-04-01,54.8,NA,NA
1964-05-01,0.0,NA,NA
1964-06-01,0.0,NA,NA
1964-07-01,0.0,NA,NA
1964-08-01,0.0,NA,NA
1964-09-01,0.0,NA,NA
1964-10-01,0.0,NA,NA
1964-11-01,0.0,NA,NA
1964-12-01,0.0,NA,NA
1965-01-01,0.0,NA,NA
1965-02-01,3.1,NA,NA
1965-03-01,303.1,NA,NA
1965-04-01,135.1,NA,NA
1965-05-01,30.2,NA,NA
1965-06-01,0.1,NA,NA
1965-07-01,0.0,NA,NA
1965-08-01,0.0,NA,NA
1965-09-01,0.0,NA,NA
1965-10-01,0.0,NA,NA
1965-11-01,0.0,NA,NA
1965-12-01,3.7,NA,NA
1966-01-01,30.6,NA,NA
1966-02-01,3.2,NA,NA
1966-03-01,29.5,NA,NA
1966-04-01,0.3,NA,NA
1966-05-01,0.0,NA,NA
1966-06-01,0.0,NA,NA
1966-07-01,0.0,NA,NA
1966-08-01,0.0,NA,NA
1966-09-01,0.0,NA,NA
1966-10-01,3.1,NA,NA
1966-11-01,0.6,NA,NA
1966-12-01,0.0,NA,NA
1967-01-01,57.1,NA,NA
1967-02-01,111.5,NA,NA
1967-03-01,0.0,NA,NA
1967-04-01,12.4,NA,NA
1967-05-01,0.0,NA,NA
1967-06-01,0.0,NA,NA
1967-07-01,0.0,NA,NA
1967-08-01,0.0,NA,NA
1967-09-01,0.0,NA,NA
1967-10-01,8.6,NA,NA
1967-11-01,0.0,NA,NA
1967-12-01,0.0,NA,NA
1968-01-01,1.0,NA,NA
1968-02-01,0.0,NA,NA
1968-03-01,1.1,NA,NA
1968-04-01,0.3,NA,NA
1968-05-01,0.0,NA,NA
1968-06-01,0.0,NA,NA
1968-07-01,0.0,NA,NA
1968-08-01,0.0,NA,NA
1968-09-01,0.0,NA,NA
1968-10-01,0.0,NA,NA
1968-11-01,0.0,NA,NA
1968-12-01,0.0,NA,NA
1969-01-01,13.0,NA,NA
1969-02-01,22.9,NA,NA
1969-03-01,149.3,NA,NA
1969-04-01,153.6,NA,NA
1969-05-01,97.8,NA,NA
1969-06-01,43.9,NA,NA
1969-07-01,0.4,NA,NA
1969-08-01,0.0,NA,NA
1969-09-01,0.0,NA,NA
1969-10-01,0.0,NA,NA
1969-11-01,0.0,NA,NA
1969-12-01,0.5,NA,NA
1970-01-01,41.0,NA,NA
1970-02-01,71.4,NA,NA
1970-03-01,15.1,NA,NA
1970-04-01,0.0,NA,NA
1970-05-01,19.5,NA,NA
1970-06-01,0.0,NA,NA
1970-07-01,0.0,NA,NA
1970-08-01,0.0,NA,NA
1970-09-01,0.0,NA,NA
1970-10-01,22.9,NA,NA
1970-11-01,0.0,NA,NA
1970-12-01,0.0,NA,NA
1971-01-01,12.1,NA,NA
1971-02-01,81.2,NA,NA
1971-03-01,59.1,NA,NA
1971-04-01,20.8,NA,NA
1971-05-01,0.0,NA,NA
1971-06-01,0.0,NA,NA
1971-07-01,0.0,NA,NA
1971-08-01,0.0,NA,NA
1971-09-01,0.0,NA,NA
1971-10-01,0.0,NA,NA
1971-11-01,0.0,NA,NA
1971-12-01,0.0,NA,NA
1972-01-01,14.9,NA,NA
1972-02-01,80.1,NA,NA
1972-03-01,266.5,NA,NA
1972-04-01,159.7,NA,NA
1972-05-01,14.2,NA,NA
1972-06-01,25.6,NA,NA
1972-07-01,0.0,NA,NA
1972-08-01,0.0,NA,NA
1972-09-01,0.0,NA,NA
1972-10-01,0.0,NA,NA
1972-11-01,0.0,NA,NA
1972-12-01,0.0,NA,NA
1973-01-01,313.0,NA,NA
1973-02-01,85.1,NA,NA
1973-03-01,40.4,NA,NA
1973-04-01,53.5,NA,NA
1973-05-01,4.2,NA,NA
1973-06-01,0.0,NA,NA
1973-07-01,0.0,NA,NA
1973-08-01,0.0,NA,NA
1973-09-01,0.0,NA,NA
1973-10-01,0.0,NA,NA
1973-11-01,0.0,NA,NA
1973-12-01,1.8,NA,NA
1974-01-01,0.2,NA,NA
1974-02-01,6.1,NA,NA
1974-03-01,8.3,NA,NA
1974-04-01,12.4,NA,NA
1974-05-01,20.3,NA,NA
1974-06-01,7.3,NA,NA
1974-07-01,0.0,NA,NA
1974-08-01,0.0,NA,NA
1974-09-01,0.6,NA,NA
1974-10-01,9.9,NA,NA
1974-11-01,0.6,NA,NA
1974-12-01,0.8,NA,NA
1975-01-01,31.1,NA,NA
1975-02-01,27.3,NA,NA
1975-03-01,228.7,NA,NA
1975-04-01,82.2,NA,NA
1975-05-01,1.6,NA,NA
1975-06-01,1.8,NA,NA
1975-07-01,2.8,NA,NA
1975-08-01,6.2,NA,NA
1975-09-01,2.3,NA,NA
1975-10-01,2.4,NA,NA
1975-11-01,2.3,NA,NA
1975-12-01,0.0,NA,NA
1976-01-01,225.2,NA,NA
1976-02-01,130.1,NA,NA
1976-03-01,136.4,NA,NA
1976-04-01,44.2,NA,NA
1976-05-01,18.7,NA,NA
1976-06-01,12.7,NA,NA
1976-07-01,0.0,NA,NA
1976-08-01,7.2,NA,NA
1976-09-01,0.3,NA,NA
1976-10-01,0.4,NA,NA
1976-11-01,0.0,NA,NA
1976-12-01,0.3,NA,NA
1977-01-01,30.5,NA,NA
1977-02-01,115.2,NA,NA
1977-03-01,63.9,NA,NA
1977-04-01,80.5,NA,NA
1977-05-01,0.0,NA,NA
1977-06-01,1.0,NA,NA
1977-07-01,0.0,NA,NA
1977-08-01,0.0,NA,NA
1977-09-01,0.0,NA,NA
1977-10-01,0.0,NA,NA
1977-11-01,0.0,NA,NA
1977-12-01,0.0,NA,NA
1978-01-01,12.3,NA,NA
1978-02-01,19.1,NA,NA
1978-03-01,77.4,NA,NA
1978-04-01,5.0,NA,NA
1978-05-01,3.0,NA,NA
1978-06-01,0.0,NA,NA
1978-07-01,0.0,NA,NA
1978-08-01,0.0,NA,NA
1978-09-01,2.0,NA,NA
1978-10-01,0.0,NA,NA
1978-11-01,0.0,NA,NA
1978-12-01,3.9,NA,NA
1979-01-01,43.8,NA,NA
1979-02-01,18.2,NA,NA
1979-03-01,50.4,NA,NA
1979-04-01,12.5,NA,NA
1979-05-01,0.2,NA,NA
1979-06-01,0.0,NA,NA
1979-07-01,1.1,NA,NA
1979-08-01,0.0,NA,NA
1979-09-01,0.0,NA,NA
1979-10-01,0.0,NA,NA
1979-11-01,0.0,NA,NA
1979-12-01,0.0,NA,NA
1980-01-01,12.0,NA,NA
1980-02-01,11.5,NA,NA
1980-03-01,26.8,NA,NA
1980-04-01,97.8,NA,NA
1980-05-01,2.3,NA,NA
1980-06-01,0.0,NA,NA
1980-07-01,0.0,NA,NA
1980-08-01,0.0,NA,NA
1980-09-01,0.0,NA,NA
1980-10-01,1.7,NA,NA
1980-11-01,7.4,NA,NA
1980-12-01,25.5,NA,NA
1981-01-01,0.0,NA,NA
1981-02-01,65.2,NA,NA
1981-03-01,67.9,NA,NA
1981-04-01,46.5,NA,NA
1981-05-01,0.0,NA,NA
1981-06-01,0.3,NA,NA
1981-07-01,0.0,NA,NA
1981-08-01,0.0,NA,NA
1981-09-01,0.0,NA,NA
1981-10-01,0.0,NA,NA
1981-11-01,0.0,NA,NA
1981-12-01,2.6,NA,NA
1982-01-01,0.2,NA,NA
1982-02-01,0.4,NA,NA
1982-03-01,0.0,NA,NA
1982-04-01,5.0,NA,NA
1982-05-01,0.0,NA,NA
1982-06-01,0.0,NA,NA
1982-07-01,0.0,NA,NA
1982-08-01,0.0,NA,NA
1982-09-01,0.0,NA,NA
1982-10-01,1.1,NA,NA
1982-11-01,46.7,NA,NA
1982-12-01,32.1,NA,NA
1983-01-01,397.8,541.9,NA
1983-02-01,460.7,661.0,NA
1983-03-01,339.3,641.0,NA
1983-04-01,480.4,748.5,NA
1983-05-01,540.3,746.1,NA
1983-06-01,348.9,438.4,NA
1983-07-01,289.3,175.4,NA
1983-08-01,100.5,0.5,NA
1983-09-01,54.2,6.8,NA
1983-10-01,10.6,11.3,NA
1983-11-01,0.0,0.0,NA
1983-12-01,40.2,25.2,NA
1984-01-01,0.0,0.0,NA
1984-02-01,237.8,154.1,NA
1984-03-01,76.8,112.6,NA
1984-04-01,41.5,34.9,NA
1984-05-01,0.0,0.7,NA
1984-06-01,1.1,2.4,NA
1984-07-01,0.0,0.0,NA
1984-08-01,0.0,0.0,NA
1984-09-01,0.0,0.0,NA
1984-10-01,0.0,17.6,NA
1984-11-01,0.0,1.4,NA
1984-12-01,10.7,0.0,NA
1985-01-01,5.7,4.5,6.1
1985-02-01,3.2,3.8,4.9
1985-03-01,34.3,31.2,12.6
1985-04-01,0.7,1.9,4.0
1985-05-01,11.8,10.2,8.2
1985-06-01,2.1,2.1,0.0
1985-07-01,0.0,2.4,6.1
1985-08-01,0.0,0.0,0.0
1985-09-01,0.0,0.0,0.0
1985-10-01,4.2,1.5,0.8
1985-11-01,0.0,0.0,0.0
1985-12-01,0.0,5.8,0.0
1986-01-01,138.7,56.5,NA
1986-02-01,120.1,8.7,NA
1986-03-01,4.2,2.5,NA
1986-04-01,67.9,168.3,NA
1986-05-01,1.5,0.8,NA
1986-06-01,0.0,0.0,NA
1986-07-01,0.0,0.0,NA
1986-08-01,0.0,0.0,NA
1986-09-01,0.0,0.0,NA
1986-10-01,0.0,1.8,NA
1986-11-01,8.6,0.0,NA
1986-12-01,7.0,3.8,NA
1987-01-01,211.0,120.9,NA
1987-02-01,435.3,281.9,NA
1987-03-01,316.4,279.0,NA
1987-04-01,161.8,58.4,NA
1987-05-01,3.6,4.2,NA
1987-06-01,0.7,0.0,NA
1987-07-01,0.4,0.0,NA
1987-08-01,0.0,7.0,1.7
1987-09-01,0.0,1.8,0.6
1987-10-01,0.0,0.7,2.1
1987-11-01,0.0,0.0,0.4
1987-12-01,1.8,0.0,2.4
1988-01-01,15.8,14.6,26.4
1988-02-01,33.0,26.3,52.0
1988-03-01,11.4,0.6,1.2
1988-04-01,3.3,9.7,29.1
1988-05-01,3.0,0.2,1.9
1988-06-01,0.0,0.0,0.0
1988-07-01,0.2,0.0,0.9
1988-08-01,0.3,0.0,1.4
1988-09-01,0.5,1.1,0.0
1988-10-01,0.0,0.4,1.3
1988-11-01,2.3,1.4,1.7
1988-12-01,9.4,0.0,0.4
1989-01-01,151.9,84.7,110.8
1989-02-01,320.3,149.3,313.7
1989-03-01,75.5,55.7,86.5
1989-04-01,45.1,18.6,21.0
1989-05-01,0.0,1.1,0.3
1989-06-01,4.8,1.0,3.0
1989-07-01,0.0,0.0,0.8
1989-08-01,0.0,0.0,0.5
1989-09-01,0.0,0.0,0.4
1989-10-01,0.6,1.9,1.3
1989-11-01,0.6,0.0,0.0
1989-12-01,0.0,0.0,0.4
1990-01-01,8.2,2.8,8.6
1990-02-01,40.4,47.4,71.1
1990-03-01,26.0,5.3,11.7
1990-04-01,7.4,3.2,10.0
1990-05-01,4.3,1.0,2.1
1990-06-01,0.7,2.5,2.7
1990-07-01,1.1,0.0,0.3
1990-08-01,0.7,0.0,1.4
1990-09-01,0.0,0.0,0.4
1990-10-01,2.2,3.6,4.0
1990-11-01,0.0,0.7,0.4
1990-12-01,0.0,0.6,1.7
1991-01-01,5.4,0.4,1.4
1991-02-01,57.5,54.8,67.5
1991-03-01,55.8,39.0,133.3
1991-04-01,3.0,4.9,7.6
1991-05-01,5.5,31.0,28.6
1991-06-01,1.5,0.5,1.4
1991-07-01,0.5,0.5,0.3
1991-08-01,0.4,0.3,0.9
1991-09-01,0.0,0.8,1.2
1991-10-01,0.3,0.0,0.3
1991-11-01,0.6,0.8,0.9
1991-12-01,21.1,5.4,20.5
1992-01-01,55.8,38.6,40.2
1992-02-01,250.8,147.9,145.6
1992-03-01,611.7,550.4,666.7
1992-04-01,462.4,452.5,375.2
1992-05-01,188.0,79.5,111.9
1992-06-01,0.8,0.0,2.2
1992-07-01,0.0,0.0,0.2
1992-08-01,0.1,1.7,2.4
1992-09-01,1.7,2.9,1.8
1992-10-01,1.6,0.4,0.9
1992-11-01,0.0,2.8,2.4
1992-12-01,6.3,2.4,3.5
1993-01-01,15.8,12.1,15.1
1993-02-01,249.2,161.3,149.0
1993-03-01,133.3,75.0,67.0
1993-04-01,73.5,51.3,54.2
1993-05-01,35.6,23.2,31.0
1993-06-01,3.2,0.0,1.4
1993-07-01,3.6,0.1,0.0
1993-08-01,1.1,0.4,0.1
1993-09-01,0.7,0.6,2.4
1993-10-01,10.3,0.8,2.5
1993-11-01,0.0,0.0,0.8
1993-12-01,6.2,11.4,4.9
1994-01-01,100.9,111.7,114.6
1994-02-01,139.8,28.0,75.0
1994-03-01,92.0,53.8,53.8
1994-04-01,35.9,23.5,25.1
1994-05-01,2.4,3.9,7.6
1994-06-01,1.9,0.1,2.5
1994-07-01,0.8,0.9,0.4
1994-08-01,0.3,0.2,1.1
1994-09-01,0.1,3.4,2.9
1994-10-01,0.3,0.4,0.0
1994-11-01,0.8,0.0,0.0
1994-12-01,24.7,5.2,15.2
1995-01-01,70.3,63.8,70.2
1995-02-01,86.2,90.2,138.5
1995-03-01,36.9,47.7,57.9
1995-04-01,4.8,0.3,2.4
1995-05-01,18.7,4.9,0.9
1995-06-01,0.0,0.0,0.2
1995-07-01,2.7,0.3,0.73
1995-08-01,1.4,0.0,0.1
1995-09-01,0.0,0.0,0.0
1995-10-01,0.0,0.6,2.4
1995-11-01,9.4,10.5,8.7
1995-12-01,11.8,1.4,5.1
1996-01-01,26.6,23.2,22.0
1996-02-01,40.4,33.0,36.3
1996-03-01,48.5,15.4,18.2
1996-04-01,8.3,21.0,3.4
1996-05-01,0.1,0.0,0.2
1996-06-01,0.9,0.3,0.4
1996-07-01,0.5,0.4,0.0
1996-08-01,0.1,0.2,0.1
1996-09-01,0.0,0.0,0.0
1996-10-01,1.1,4.6,3.2
1996-11-01,1.2,0.9,0.0
1996-12-01,3.4,0.0,0.5
1997-01-01,17.9,0.5,113.1
1997-02-01,20.8,28.7,22.3
1997-03-01,73.6,144.1,53.6
1997-04-01,96.6,55.6,40.0
1997-05-01,30.5,20.9,29.0
1997-06-01,5.3,3.5,2.9
1997-07-01,2.6,13.0,6.7
1997-08-01,0.5,0.0,0.6
1997-09-01,13.9,0.0,3.6
1997-10-01,81.3,5.7,6.1
1997-11-01,81.1,119.3,215.6
1997-12-01,210.1,438.8,386.9
1998-01-01,579.3,353.1,358.9
1998-02-01,764.8,1022.8,757.9
1998-03-01,549.2,339.0,388.3
1998-04-01,215.4,326.3,275.1
1998-05-01,73.0,141.9,155.3
1998-06-01,7.6,0.9,7.2
1998-07-01,1.6,2.5,1.8
1998-08-01,2.0,0.0,0.2
1998-09-01,2.0,0.0,1.6
1998-10-01,5.1,3.3,4.4
1998-11-01,0.0,0.0,0.4
1998-12-01,4.3,4.6,4.6
1999-01-01,6.5,10.8,9.3
1999-02-01,158.9,82.5,198.0
1999-03-01,112.3,224.8,140.4
1999-04-01,281.0,82.2,102.6
1999-05-01,48.2,66.2,15.3
1999-06-01,2.4,1.1,1.4
1999-07-01,1.4,2.4,1.8
1999-08-01,0.6,0.2,3.7
1999-09-01,1.8,1.2,3.7
1999-10-01,0.2,1.4,2.3
1999-11-01,0.0,0.0,2.1
1999-12-01,9.7,2.4,11.6
2000-01-01,3.2,10.3,9.2
2000-02-01,111.8,36.4,44.7
2000-03-01,134.0,64.2,54.9
2000-04-01,112.9,66.4,51.6
2000-05-01,101.4,26.0,15.2
2000-06-01,6.0,1.8,3.3
2000-07-01,0.3,0.2,2.9
2000-08-01,0.0,1.5,1.9
2000-09-01,0.6,0.7,1.8
2000-10-01,0.0,0.0,0.5
2000-11-01,0.0,0.0,0.0
2000-12-01,9.9,3.7,13.5
2001-01-01,63.2,33.0,38.0
2001-02-01,53.3,70.3,80.4
2001-03-01,300.7,194.6,195.0
2001-04-01,68.9,56.8,99.6
2001-05-01,11.9,1.0,6.6
2001-06-01,1.2,0.4,1.0
2001-07-01,0.0,1.3,2.1
2001-08-01,0.0,0.0,0.0
2001-09-01,0.0,0.7,0.9
2001-10-01,0.0,0.1,1.2
2001-11-01,4.0,2.4,3.2
2001-12-01,8.1,0.7,5.5
2002-01-01,7.8,1.6,3.0
2002-02-01,198.3,211.9,183.9
2002-03-01,338.3,292.8,363.2
2002-04-01,213.6,99.5,149.4
2002-05-01,3.3,0.1,0.0
2002-06-01,0.0,0.8,0.0
2002-07-01,0.0,0.0,0.0
2002-08-01,0.0,0.8,0.4
2002-09-01,0.8,1.3,1.0
2002-10-01,0.6,2.3,4.0
2002-11-01,0.0,0.5,0.4
2002-12-01,23.2,5.7,10.0
2003-01-01,96.9,22.9,45.1
2003-02-01,81.8,28.0,44.7
2003-03-01,37.2,12.1,20.1
2003-04-01,10.5,6.5,21.8
2003-05-01,0.4,3.1,1.1
2003-06-01,2.5,0.9,4.7
2003-07-01,3.2,3.1,1.8
2003-08-01,1.0,0.5,0.4
2003-09-01,0.8,0.0,0.3
2003-10-01,0.0,0.0,0.0
2003-11-01,0.0,0.0,1.7
2003-12-01,14.8,60.8,70.8
2004-01-01,10.9,9.4,21.4
2004-02-01,124.1,23.6,47.9
2004-03-01,53.3,31.0,63.2
2004-04-01,72.5,59.2,37.2
2004-05-01,5.6,5.7,10.0
2004-06-01,0.0,0.7,1.3
2004-07-01,2.2,0.8,0.5
2004-08-01,0.0,0.0,0.1
2004-09-01,1.0,0.9,2.1
2004-10-01,1.5,3.3,5.9
2004-11-01,0.4,0.0,0.6
2004-12-01,0.7,1.8,1.4
2005-01-01,1.1,4.6,4.6
2005-02-01,17.4,5.1,17.2
2005-03-01,102.9,59.3,67.1
2005-04-01,17.9,19.2,19.1
2005-05-01,0.2,0.0,0.1
2005-06-01,0.0,0.0,0.2
2005-07-01,0.0,0.0,0.1
2005-08-01,0.9,0.3,0.0
2005-09-01,0.0,0.0,0.2
2005-10-01,1.9,0.4,1.8
2005-11-01,3.1,0.0,0.0
2005-12-01,3.1,6.5,11.6
2006-01-01,53.5,33.6,68.0
2006-02-01,306.5,267.2,216.3
2006-03-01,112.1,56.6,75.4
2006-04-01,5.0,8.4,5.7
2006-05-01,0.7,1.1,0.0
2006-06-01,1.3,0.0,0.0
2006-07-01,1.5,0.9,0.8
2006-08-01,1.5,1.4,0.0
2006-09-01,2.4,0.0,0.0
2006-10-01,0.7,1.2,0.0
2006-11-01,4.0,1.5,3.1
2006-12-01,5.5,10.6,7.14
2007-01-01,94.55,70.7,63.5
2007-02-01,8.5,4.0,12.0
2007-03-01,90.9,58.1,102.23
2007-04-01,43.4,4.0,2.0
2007-05-01,1.2,3.0,2.3
2007-06-01,0.0,0.2,0.0
2007-07-01,1.4,0.4,1.3
2007-08-01,0.8,1.1,2.2
2007-09-01,1.1,0.0,0.0
2007-10-01,1.0,0.3,0.0
2007-11-01,5.1,3.5,2.7
2007-12-01,4.2,2.4,1.4
2008-01-01,138.2,128.7,147.4
2008-02-01,328.7,270.5,206.8
2008-03-01,181.1,105.9,118.6
2008-04-01,58.0,25.5,34.7
2008-05-01,12.7,0.6,1.9
2008-06-01,2.9,2.0,2.6
2008-07-01,0.7,0.2,0.2
2008-08-01,0.5,0.0,0.5
2008-09-01,1.3,0.8,1.4
2008-10-01,2.7,0.1,0.42
2008-11-01,2.6,0.07,2.9
2008-12-01,0.0,0.0,0.0
