date,caudal_eltigre_m3s,caudal_eltigre_max_m3s,caudal_eltigre_min_m3s,volumen_eltigre_mmc
1963-01-01,63.2,NA,NA,169.27
1963-02-01,173.8,464.0,76.0,420.46
1963-03-01,310.0,553.0,173.0,830.3
1963-04-01,165.0,416.0,71.0,427.68
1963-05-01,63.3,91.0,41.0,169.54
1963-06-01,31.7,39.5,25.5,82.17
1963-07-01,21.2,33.4,17.4,56.78
1963-08-01,16.1,17.4,14.4,43.12
1963-09-01,14.1,15.0,13.4,36.55
1963-10-01,13.4,15.0,12.4,35.89
1963-11-01,12.9,18.1,11.0,33.44
1963-12-01,17.3,48.0,11.4,46.34
1964-01-01,52.0,117.0,28.7,139.28
1964-02-01,72.9,198.0,26.0,182.66
1964-03-01,113.0,261.0,40.6,302.66
1964-04-01,279.0,537.0,161.0,723.17
1964-05-01,137.0,252.0,72.7,366.94
1964-06-01,55.9,74.0,42.5,144.89
1964-07-01,31.8,41.0,25.3,85.17
1964-08-01,22.8,25.3,20.5,61.07
1964-09-01,20.3,25.3,17.3,52.62
1964-10-01,20.4,31.2,14.0,54.64
1964-11-01,19.1,31.2,14.5,49.51
1964-12-01,19.4,40.0,14.5,51.96
1965-01-01,23.5,53.8,15.1,62.94
1965-02-01,43.9,150.0,22.2,106.2
1965-03-01,191.5,427.5,26.0,512.91
1965-04-01,379.5,669.3,129.8,983.66
1965-05-01,242.9,547.4,70.3,650.58
1965-06-01,54.5,125.8,35.2,141.26
1965-07-01,36.1,45.7,28.2,96.69
1965-08-01,35.0,37.8,29.9,93.74
1965-09-01,29.4,31.1,26.0,76.2
1965-10-01,26.7,40.9,21.9,71.51
1965-11-01,32.6,45.3,22.2,84.5
1965-12-01,37.8,91.1,24.2,101.24
1966-01-01,140.7,296.7,61.8,376.85
1966-02-01,193.6,427.5,109.7,468.36
1966-03-01,185.7,321.3,95.0,497.38
1966-04-01,195.3,281.8,157.7,506.22
1966-05-01,141.7,184.5,103.5,379.53
1966-06-01,57.3,90.5,44.6,148.52
1966-07-01,33.8,40.6,27.5,90.53
1966-08-01,23.1,26.8,20.1,61.87
1966-09-01,17.5,18.7,16.2,45.36
1966-10-01,20.3,34.2,16.1,54.37
1966-11-01,16.7,34.6,14.8,43.29
1966-12-01,16.3,23.1,14.2,43.66
1967-01-01,59.2,123.1,20.7,158.56
1967-02-01,258.7,582.0,140.5,625.85
1967-03-01,229.0,356.6,157.1,613.35
1967-04-01,108.1,146.0,79.5,280.2
1967-05-01,61.0,83.2,43.4,163.38
1967-06-01,38.6,47.3,30.0,100.05
1967-07-01,27.2,31.6,22.8,72.85
1967-08-01,19.6,22.8,17.3,52.5
1967-09-01,12.8,17.3,11.2,33.18
1967-10-01,11.8,19.3,10.1,31.61
1967-11-01,10.8,15.5,7.5,27.99
1967-12-01,8.7,11.9,7.5,23.3
1968-01-01,25.6,63.3,14.2,68.57
1968-02-01,50.5,73.4,36.0,126.53
1968-03-01,152.4,278.8,86.4,408.19
1968-04-01,87.1,169.3,65.7,225.76
1968-05-01,48.3,63.0,39.2,129.37
1968-06-01,35.6,38.1,32.5,92.28
1968-07-01,14.2,16.5,10.5,38.03
1968-08-01,9.7,10.3,8.8,25.98
1968-09-01,8.8,10.9,7.7,22.81
1968-10-01,10.7,12.6,7.7,28.66
1968-11-01,7.7,13.6,6.6,19.96
1968-12-01,8.7,18.9,5.6,23.3
1969-01-01,36.6,86.2,13.7,98.03
1969-02-01,109.8,250.9,25.8,265.63
1969-03-01,227.3,528.2,92.1,608.8
1969-04-01,432.0,866.7,187.6,1119.74
1969-05-01,141.3,312.2,71.4,378.46
1969-06-01,64.0,77.2,44.9,165.89
1969-07-01,44.2,51.6,38.0,118.39
1969-08-01,34.6,38.0,24.5,92.67
1969-09-01,22.1,24.0,20.5,57.28
1969-10-01,18.6,21.0,16.4,49.82
1969-11-01,17.3,19.3,15.5,44.84
1969-12-01,18.9,27.0,12.1,50.62
1970-01-01,122.3,307.4,23.1,327.57
1970-02-01,207.8,370.1,101.0,502.71
1970-03-01,174.3,317.3,106.6,466.85
1970-04-01,119.9,163.2,96.8,310.78
1970-05-01,160.5,255.3,108.0,429.88
1970-06-01,78.3,106.3,55.0,202.95
1970-07-01,42.9,53.5,34.3,114.9
1970-08-01,28.8,35.2,23.4,77.14
1970-09-01,22.8,30.4,20.8,59.1
1970-10-01,18.9,25.4,14.7,50.62
1970-11-01,17.2,22.9,14.1,44.58
1970-12-01,34.0,44.8,22.3,91.07
1971-01-01,120.2,192.1,42.3,321.94
1971-02-01,283.3,816.7,106.2,685.36
1971-03-01,497.5,1370.2,168.3,1332.5
1971-04-01,366.3,865.8,157.7,949.45
1971-05-01,136.2,216.0,85.0,364.8
1971-06-01,77.7,95.8,62.6,201.4
1971-07-01,49.3,62.6,38.7,132.05
1971-08-01,32.8,38.7,25.5,87.85
1971-09-01,27.2,41.1,20.6,70.5
1971-10-01,23.0,30.5,19.5,61.6
1971-11-01,19.9,24.9,16.6,51.58
1971-12-01,39.2,100.8,20.1,104.99
1972-01-01,92.3,255.7,39.3,247.22
1972-02-01,184.9,405.6,65.6,463.29
1972-03-01,626.9,1286.6,139.0,1679.09
1972-04-01,474.5,867.2,322.8,1229.9
1972-05-01,229.2,428.5,113.6,613.89
1972-06-01,137.6,205.6,95.2,356.66
1972-07-01,70.1,93.2,52.5,187.76
1972-08-01,42.7,51.9,39.7,114.37
1972-09-01,34.2,47.4,28.9,88.65
1972-10-01,30.5,35.0,28.4,81.69
1972-11-01,27.0,38.2,19.3,69.98
1972-12-01,77.7,124.5,32.5,208.11
1973-01-01,151.6,563.1,47.1,406.05
1973-02-01,353.7,981.2,116.3,855.67
1973-03-01,459.1,1191.4,202.0,1229.65
1973-04-01,352.9,647.9,213.5,914.72
1973-05-01,187.8,271.2,139.0,503.0
1973-06-01,111.1,168.0,92.2,287.97
1973-07-01,57.7,81.7,43.6,154.54
1973-08-01,35.6,45.7,32.1,95.35
1973-09-01,26.4,30.9,24.2,68.43
1973-10-01,19.3,23.6,16.1,51.69
1973-11-01,17.5,22.2,15.2,45.36
1973-12-01,28.1,82.3,13.3,75.26
1974-01-01,60.5,106.4,44.4,162.04
1974-02-01,208.2,278.1,133.8,503.68
1974-03-01,256.0,416.5,171.1,685.67
1974-04-01,126.7,147.4,89.9,328.41
1974-05-01,130.4,249.9,57.0,349.26
1974-06-01,63.1,84.6,50.8,163.56
1974-07-01,41.3,48.5,33.3,110.62
1974-08-01,23.7,29.3,19.1,63.48
1974-09-01,18.4,27.2,15.6,47.69
1974-10-01,23.8,35.2,17.8,63.75
1974-11-01,21.2,38.2,14.6,54.95
1974-12-01,51.9,115.4,37.5,139.01
1975-01-01,73.9,145.0,49.1,197.93
1975-02-01,250.9,598.9,76.2,606.98
1975-03-01,546.6,1224.6,291.6,1464.01
1975-04-01,413.0,945.7,213.6,1070.5
1975-05-01,204.2,302.5,129.4,546.93
1975-06-01,108.2,175.1,71.2,280.45
1975-07-01,57.5,73.2,43.2,154.01
1975-08-01,35.2,43.2,25.3,94.28
1975-09-01,31.4,39.4,25.1,81.39
1975-10-01,35.7,79.5,23.1,95.62
1975-11-01,30.8,40.4,25.8,79.83
1975-12-01,28.5,46.0,23.1,76.33
1976-01-01,96.5,371.7,22.5,258.47
1976-02-01,340.6,524.5,227.0,853.41
1976-03-01,420.6,645.6,227.0,1126.54
1976-04-01,288.8,496.0,172.6,748.57
1976-05-01,172.1,413.5,117.8,460.95
1976-06-01,77.5,95.6,61.1,200.88
1976-07-01,41.1,57.1,35.1,110.08
1976-08-01,33.7,37.1,30.1,90.26
1976-09-01,24.3,28.6,21.3,62.99
1976-10-01,18.4,21.9,16.4,49.28
1976-11-01,17.2,18.9,16.4,44.58
1976-12-01,22.1,28.6,17.0,59.19
1977-01-01,71.2,192.0,23.9,190.7
1977-02-01,205.9,547.0,80.0,498.11
1977-03-01,181.9,723.0,73.2,487.2
1977-04-01,202.0,378.1,108.0,523.58
1977-05-01,106.8,198.4,61.1,286.05
1977-06-01,43.1,58.2,35.1,111.72
1977-07-01,33.6,41.0,27.9,89.99
1977-08-01,23.9,27.3,21.3,64.01
1977-09-01,21.2,35.8,17.0,54.95
1977-10-01,15.5,18.3,15.0,41.52
1977-11-01,13.1,14.5,11.9,33.96
1977-12-01,16.9,37.1,12.6,45.26
1978-01-01,44.9,75.9,31.6,120.26
1978-02-01,50.5,102.9,20.3,122.17
1978-03-01,82.8,371.4,46.3,221.77
1978-04-01,130.4,314.0,55.1,338.0
1978-05-01,77.2,117.0,52.9,206.77
1978-06-01,43.8,62.7,30.8,113.53
1978-07-01,25.0,29.6,21.1,66.96
1978-08-01,17.0,21.9,14.6,45.53
1978-09-01,14.3,15.2,13.3,37.07
1978-10-01,12.4,15.2,11.8,33.21
1978-11-01,11.7,12.7,10.4,30.33
1978-12-01,18.2,29.8,12.2,48.75
1979-01-01,42.1,88.3,23.8,112.76
1979-02-01,104.3,214.0,60.5,252.32
1979-03-01,295.9,578.2,197.0,792.54
1979-04-01,172.5,463.3,111.5,447.12
1979-05-01,78.4,125.8,55.8,209.99
1979-06-01,55.3,79.5,43.0,143.34
1979-07-01,31.2,39.5,25.8,83.57
1979-08-01,23.3,25.8,21.4,62.41
1979-09-01,20.7,30.6,19.1,53.65
1979-10-01,15.0,15.9,14.6,40.18
1979-11-01,14.8,15.7,14.6,38.36
1979-12-01,15.6,21.6,14.0,41.78
1980-01-01,25.4,81.7,12.9,68.03
1980-02-01,150.4,248.1,78.6,376.84
1980-03-01,95.8,163.6,69.0,256.59
1980-04-01,168.2,358.6,84.3,435.97
1980-05-01,83.9,155.2,51.8,224.72
1980-06-01,44.4,58.9,34.7,115.08
1980-07-01,28.6,34.7,22.8,76.6
1980-08-01,20.3,24.4,17.3,54.37
1980-09-01,16.2,17.3,15.0,41.99
1980-10-01,15.8,28.0,13.6,42.32
1980-11-01,15.6,24.0,13.6,40.44
1980-12-01,37.8,69.5,18.2,101.24
1981-01-01,53.4,98.0,27.9,143.03
1981-02-01,194.6,376.5,56.6,470.78
1981-03-01,386.6,1360.7,101.8,1035.47
1981-04-01,176.1,325.6,125.2,456.45
1981-05-01,85.5,128.2,52.7,229.0
1981-06-01,41.0,50.6,32.6,106.27
1981-07-01,29.6,32.6,26.7,79.28
1981-08-01,18.8,21.1,16.8,50.35
1981-09-01,17.2,20.2,14.8,44.58
1981-10-01,14.6,15.3,13.4,39.1
1981-11-01,13.8,15.9,12.4,35.77
1981-12-01,30.9,83.8,17.0,82.76
1982-01-01,55.6,109.0,29.4,148.92
1982-02-01,160.6,289.8,89.9,388.52
1982-03-01,120.0,208.9,72.6,321.41
1982-04-01,156.2,406.0,71.4,404.87
1982-05-01,73.8,146.3,51.4,197.67
1982-06-01,49.7,80.3,35.3,128.82
1982-07-01,28.0,35.1,23.2,75.0
1982-08-01,19.4,21.9,16.9,51.96
1982-09-01,16.2,19.6,14.0,41.99
1982-10-01,29.3,50.3,15.5,78.48
1982-11-01,98.4,221.0,35.2,255.05
1982-12-01,402.5,687.3,64.8,1078.06
1983-01-01,1053.0,2950.3,214.9,2820.36
1983-02-01,951.5,2901.2,527.6,2301.87
1983-03-01,1244.2,2839.6,604.6,3332.47
1983-04-01,955.9,1775.2,564.3,2477.69
1983-05-01,925.6,2272.4,452.08,2479.13
1983-06-01,615.7,1653.8,294.8,1595.89
1983-07-01,223.6,503.3,81.3,598.89
1983-08-01,58.7,80.2,49.8,157.22
1983-09-01,46.0,52.6,40.9,119.23
1983-10-01,43.5,69.1,36.8,116.51
1983-11-01,35.8,40.9,30.2,92.79
1983-12-01,86.7,341.9,36.0,232.22
1984-01-01,106.4,249.4,67.5,284.98
1984-02-01,423.6,1023.3,95.8,1061.37
1984-03-01,430.2,1095.9,268.2,1152.25
1984-04-01,395.0,736.5,219.4,1023.84
1984-05-01,175.1,339.1,93.9,468.99
1984-06-01,79.8,101.5,61.0,206.84
1984-07-01,51.5,64.0,43.5,137.94
1984-08-01,35.7,42.2,29.2,95.62
1984-09-01,29.9,32.6,26.4,77.5
1984-10-01,33.2,54.5,24.9,88.92
1984-11-01,28.5,42.3,23.9,73.87
1984-12-01,50.4,117.0,34.7,134.99
1985-01-01,113.4,242.5,38.9,303.73
1985-02-01,108.9,196.6,59.5,263.45
1985-03-01,155.1,320.4,90.8,415.42
1985-04-01,100.0,179.3,65.2,259.2
1985-05-01,52.8,74.8,41.0,141.42
1985-06-01,32.8,40.8,27.4,85.02
1985-07-01,22.7,27.4,19.5,60.8
1985-08-01,17.4,19.6,14.6,46.6
1985-09-01,15.0,15.3,14.4,38.88
1985-10-01,12.4,14.4,11.8,33.21
1985-11-01,11.7,19.0,9.8,30.33
1985-12-01,35.7,137.3,10.3,95.62
1986-01-01,138.2,378.2,48.6,370.15
1986-02-01,254.6,453.9,154.6,615.93
1986-03-01,155.4,237.4,97.6,416.22
1986-04-01,317.2,896.4,97.6,822.18
1986-05-01,124.5,190.2,95.5,333.46
1986-06-01,52.6,90.6,39.5,136.34
1986-07-01,33.0,40.8,26.8,88.39
1986-08-01,22.3,25.6,20.2,59.73
1986-09-01,16.5,19.0,13.9,42.77
1986-10-01,13.1,15.8,11.3,35.09
1986-11-01,26.1,31.4,16.8,67.65
1986-12-01,25.6,34.6,17.2,68.57
1987-01-01,391.0,NA,NA,1047.25
1987-02-01,613.9,NA,NA,1485.15
1987-03-01,693.4,NA,NA,1857.2
1987-04-01,611.3,NA,NA,1584.49
1987-05-01,493.1,NA,NA,1320.72
1987-06-01,136.1,NA,NA,352.77
1987-07-01,78.2,NA,NA,209.45
1987-08-01,57.5,NA,NA,154.01
1987-09-01,40.5,NA,NA,104.98
1987-10-01,39.0,NA,NA,104.46
1987-11-01,28.4,NA,NA,73.61
1987-12-01,21.5,NA,NA,57.59
1988-01-01,95.6,229.7,15.8,256.06
1988-02-01,244.2,500.6,82.7,611.87
1988-03-01,133.0,348.9,66.9,356.23
1988-04-01,127.0,231.0,66.3,329.18
1988-05-01,84.3,136.8,58.5,225.79
1988-06-01,45.3,57.0,35.8,117.42
1988-07-01,23.8,27.8,20.5,63.75
1988-08-01,17.6,20.6,14.6,47.14
1988-09-01,17.7,21.8,15.3,45.88
1988-10-01,15.3,16.8,14.4,40.98
1988-11-01,17.4,21.8,13.9,45.1
1988-12-01,26.1,93.2,15.3,69.91
1989-01-01,151.6,545.5,33.6,406.05
1989-02-01,549.4,1099.5,102.9,1329.11
1989-03-01,519.2,1251.7,71.9,1390.63
1989-04-01,299.8,907.6,156.5,777.08
1989-05-01,101.6,153.9,100.2,272.13
1989-06-01,60.1,76.2,45.5,155.78
1989-07-01,36.7,45.7,26.6,98.3
1989-08-01,24.4,29.6,18.6,65.35
1989-09-01,19.2,21.4,14.4,49.77
1989-10-01,21.0,27.9,14.7,56.25
1989-11-01,14.6,24.0,13.4,37.84
1989-12-01,16.4,46.8,14.7,43.93
1990-01-01,33.6,77.2,15.1,89.99
1990-02-01,102.9,291.8,33.0,248.94
1990-03-01,71.9,124.8,50.3,192.58
1990-04-01,156.5,344.6,80.9,405.65
1990-05-01,100.2,173.7,59.6,268.38
1990-06-01,45.5,68.6,32.8,117.94
1990-07-01,26.6,32.2,21.8,71.25
1990-08-01,18.6,21.9,15.9,49.82
1990-09-01,14.4,16.3,12.6,37.32
1990-10-01,14.7,20.1,13.3,39.37
1990-11-01,13.4,22.6,11.0,34.73
1990-12-01,14.7,27.1,11.3,39.37
1991-01-01,36.4,91.1,17.8,97.49
1991-02-01,89.1,239.3,49.7,215.55
1991-03-01,219.9,452.0,88.7,588.98
1991-04-01,134.0,206.2,88.8,347.33
1991-05-01,74.1,103.8,58.9,198.47
1991-06-01,40.8,54.1,33.7,105.75
1991-07-01,26.0,32.7,21.5,69.64
1991-08-01,17.6,21.6,14.9,47.14
1991-09-01,13.2,15.5,12.0,34.21
1991-10-01,11.6,15.6,10.1,31.07
1991-11-01,12.0,22.0,9.8,31.1
1991-12-01,22.9,82.2,10.0,61.34
1992-01-01,52.6,124.1,34.6,140.88
1992-02-01,152.4,306.4,61.6,381.85
1992-03-01,517.8,1378.1,83.6,1386.88
1992-04-01,470.6,1138.7,177.2,1219.8
1992-05-01,253.4,889.0,117.0,678.71
1992-06-01,88.0,199.9,54.7,228.1
1992-07-01,42.5,56.2,34.0,113.83
1992-08-01,26.0,32.6,21.2,69.64
1992-09-01,20.0,24.0,16.5,51.84
1992-10-01,14.6,16.2,13.4,39.1
1992-11-01,13.6,18.7,12.2,35.25
1992-12-01,15.3,26.4,10.7,40.98
1993-01-01,43.7,90.6,19.0,117.05
1993-02-01,291.9,627.4,61.3,706.16
1993-03-01,476.4,974.9,193.9,1275.99
1993-04-01,495.2,1128.8,271.5,1283.56
1993-05-01,197.2,395.5,109.4,528.18
1993-06-01,74.0,105.7,53.9,191.81
1993-07-01,44.3,52.9,36.7,118.65
1993-08-01,28.2,34.3,22.9,75.53
1993-09-01,21.3,22.9,18.3,55.21
1993-10-01,18.8,47.0,14.6,50.35
1993-11-01,22.9,38.7,16.4,59.36
1993-12-01,50.7,173.0,15.4,135.79
1994-01-01,194.0,702.8,91.7,519.61
1994-02-01,347.9,752.1,169.3,841.64
1994-03-01,320.0,637.3,184.8,857.09
1994-04-01,324.4,631.0,169.8,840.84
1994-05-01,159.1,351.5,95.9,426.13
1994-06-01,73.7,105.9,53.6,191.03
1994-07-01,42.0,52.2,33.3,112.49
1994-08-01,26.3,31.5,21.2,70.44
1994-09-01,20.7,21.7,19.5,53.65
1994-10-01,17.3,20.3,15.0,46.34
1994-11-01,16.8,22.1,14.7,43.55
1994-12-01,31.6,81.7,15.2,84.64
1995-01-01,55.6,133.4,34.7,148.92
1995-02-01,141.7,370.2,49.9,342.8
1995-03-01,192.7,373.7,95.6,516.13
1995-04-01,145.0,220.9,86.7,375.84
1995-05-01,87.3,115.2,68.7,233.82
1995-06-01,48.4,69.9,35.7,125.45
1995-07-01,30.0,36.6,24.1,80.35
1995-08-01,18.8,22.9,15.1,50.35
1995-09-01,13.2,15.1,11.6,34.21
1995-10-01,11.3,14.2,10.4,30.27
1995-11-01,16.2,25.1,11.0,41.99
1995-12-01,22.7,119.8,12.6,60.8
1996-01-01,114.0,184.3,52.1,305.34
1996-02-01,184.4,426.8,109.7,462.03
1996-03-01,273.4,451.6,173.9,732.27
1996-04-01,148.0,222.0,99.9,383.62
1996-05-01,74.1,99.9,51.7,198.47
1996-06-01,42.5,53.7,35.5,110.16
1996-07-01,26.8,35.5,18.8,71.78
1996-08-01,16.8,19.8,14.7,45.0
1996-09-01,11.7,13.5,10.4,30.33
1996-10-01,11.1,15.1,9.9,29.73
1996-11-01,8.2,NA,NA,21.25
1996-12-01,9.3,NA,NA,24.91
1997-01-01,17.3,NA,NA,46.34
1997-02-01,NA,NA,NA,NA
1997-03-01,NA,NA,NA,NA
1997-04-01,NA,NA,NA,NA
1997-05-01,NA,NA,NA,NA
1997-06-01,NA,NA,NA,NA
1997-07-01,NA,NA,NA,NA
1997-08-01,NA,NA,NA,NA
1997-09-01,18.3,36.1,15.1,47.43
1997-10-01,23.41,98.6,13.7,62.7
1997-11-01,88.31,132.2,53.2,228.9
1997-12-01,299.9,914.6,91.5,803.25
1998-01-01,381.7,947.1,153.9,1022.35
1998-02-01,573.2,1916.1,207.7,1386.69
1998-03-01,587.1,993.5,339.8,1572.49
1998-04-01,622.3,930.9,372.1,1613.0
1998-05-01,269.2,513.2,151.7,721.03
1998-06-01,112.6,190.8,83.3,291.86
1998-07-01,53.0,68.0,42.0,141.96
1998-08-01,34.3,40.3,28.4,91.87
1998-09-01,26.2,32.6,22.5,67.91
1998-10-01,20.0,22.3,16.1,53.57
1998-11-01,19.5,22.9,16.6,50.54
1998-12-01,16.6,24.3,13.4,44.46
1999-01-01,48.3,110.5,23.3,129.37
1999-02-01,333.0,1116.7,78.7,805.59
1999-03-01,459.4,1418.8,222.6,1230.46
1999-04-01,221.0,364.0,121.6,572.83
1999-05-01,181.3,334.8,92.3,485.59
1999-06-01,71.7,95.1,57.7,185.85
1999-07-01,48.1,62.5,38.4,128.83
1999-08-01,31.9,42.5,26.1,85.44
1999-09-01,25.4,33.3,21.6,65.84
1999-10-01,20.7,25.3,18.8,55.44
1999-11-01,18.7,23.7,17.3,48.47
1999-12-01,113.2,251.0,18.7,303.19
2000-01-01,90.2,190.8,55.2,241.59
2000-02-01,227.41182110508228,395.9904305565665,107.40224230502231,569.8
2000-03-01,396.6485218208784,813.0820138329697,187.2135778437398,1062.38
2000-04-01,374.0863710525967,648.3125524998487,251.3262771777277,969.63
2000-05-01,210.69075086345023,310.8550281601474,135.6871085243172,564.31
2000-06-01,68.29522389036211,102.88322327348186,48.63205517521598,177.02
2000-07-01,52.739468907826534,64.45621170078796,43.32296617438167,141.26
2000-08-01,38.79008987056032,43.50009847636863,34.4817829742703,103.9
2000-09-01,29.729982026351095,33.40698404530646,25.922418513207063,77.06
2000-10-01,23.758781706921607,25.922418513207063,21.58583780802085,63.64
2000-11-01,15.187094015587645,17.11980499076158,14.23041189322366,39.36
2000-12-01,19.654883375134023,40.4876408439553,21.58583780802085,52.64
2001-01-01,109.83655478875426,364.3142629012337,22.13846138627825,294.19
2001-02-01,136.4678760330483,409.7536819482159,51.196702594984224,330.14
2001-03-01,410.0410490265532,1477.6962585753565,120.84989803374123,1098.25
2001-04-01,286.2661635949337,871.3188276299039,113.89511092807471,742.0
2001-05-01,95.32519226590338,121.90726420489638,69.31879767076988,255.32
2001-06-01,53.938231061545444,64.75437765084882,43.77501101032374,139.81
2001-07-01,39.37163272876789,43.11259219600462,34.77324664491422,105.45
2001-08-01,25.871015634183742,32.88272106521889,21.54930727101416,69.29
2001-09-01,17.337035526967814,19.96926032938701,15.516352168305735,44.94
2001-10-01,14.117523764627386,16.274837638476132,12.781390968775831,37.81
2001-11-01,16.54154477270542,27.639255742865647,12.112444767477626,42.88
2001-12-01,19.070570645638774,41.27270860328573,13.791895729917686,51.08
2002-01-01,43.82861808996296,79.32405481409218,31.074669064050116,117.39
2002-02-01,127.26620444425919,366.4936527334351,32.37438337812858,307.88
2002-03-01,501.4802100778008,1694.538558787424,157.0605365895993,1343.16
2002-04-01,449.9194142730602,1320.090337181914,214.38297127942064,1166.19
2002-05-01,121.71752517381627,238.98983330467922,77.91365155203654,326.01
2002-06-01,57.934318720646125,75.49641708054128,45.33778133008044,150.17
2002-07-01,35.42597106125985,42.33629895339648,29.097735822422653,94.88
2002-08-01,23.994652444725983,28.9947112983088,19.979615746672803,64.27
2002-09-01,16.691487774260228,19.44911359817427,15.298324540928606,43.26
2002-10-01,16.414847246738155,22.473966810478597,14.040550000000001,43.97
2002-11-01,19.515199668525803,24.193220225031407,16.021069880570458,50.58
2002-12-01,33.25514983870449,82.45509028877358,15.87681367775445,89.07
2003-01-01,46.45810102322788,75.81609624910259,28.659953041381698,124.43
2003-02-01,122.15634415880368,432.89648838842703,69.63273114364107,295.52
2003-03-01,142.49469710528095,304.6009822784556,68.07616295000524,381.66
2003-04-01,157.32810348997438,253.4874818821605,96.58737037257156,407.79
2003-05-01,77.36100546877087,113.74385836427528,56.95221060757183,207.2
2003-06-01,45.72534859345633,54.61550208969911,38.28520315704585,118.52
2003-07-01,30.117470785586544,35.00471878581347,23.770928586053568,80.67
2003-08-01,19.879147705857395,23.233557754145608,17.47528362884414,53.24
2003-09-01,14.55945356426289,16.43905897364294,13.139895000000001,37.74
2003-10-01,12.583040911849805,18.462979149384243,11.099548569637037,33.7
2003-11-01,12.472424263477025,61.70934416898776,9.707272544710015,32.33
2003-12-01,26.901794308634447,61.70934416898776,11.27501456227487,72.05
2004-01-01,46.14288724904616,143.92537870840565,23.31465812540648,123.59
2004-02-01,145.66565477973674,500.03848204186306,28.74574002040488,364.98
2004-03-01,119.47603275708919,408.8321940176691,66.9326883140866,320.0
2004-04-01,174.9474610255463,270.3949539198766,102.67741372287026,453.46
2004-05-01,76.98258150909366,126.64624730133606,54.85846804750869,206.19
2004-06-01,46.474946405122225,58.414951083480496,37.917675876533224,120.46
2004-07-01,27.531502956814208,33.09942550814765,20.343345611438753,73.74
2004-08-01,17.825640755068164,19.868256957297056,15.35149772898842,47.74
2004-09-01,14.8607212283784,35.190196538452525,10.654369358364884,38.52
2004-10-01,15.99286191059823,20.454419771413125,14.238253723094864,42.84
2004-11-01,16.595284410963565,21.8948959298673,13.823985997735681,43.01
2004-12-01,25.626027017148854,21.8948959298673,16.851299600906554,68.64
2005-01-01,30.271199893458647,53.28595669503634,19.694673311989582,81.08
2005-02-01,90.67615247648533,237.7958322822752,31.09239173529365,219.36
2005-03-01,264.9633638499595,622.6235220062283,100.20800242039694,709.68
2005-04-01,141.64372021271916,316.40470583760526,83.15233013402715,367.14
2005-05-01,74.19217929294247,114.55436969577208,52.410245001750475,198.72
2005-06-01,40.10647976834231,47.736770227613334,33.16274913863553,103.96
2005-07-01,25.945636258400537,32.50069761541689,21.441484145253558,69.49
2005-08-01,17.5800355633588,18.909036861503147,15.924308963671315,47.09
2005-09-01,13.426159646070555,14.90505352270496,12.614686760775738,34.8
2005-10-01,11.923788523200551,18.468597516352894,10.358754905039442,31.94
2005-11-01,10.977502775490185,11.545778786838358,10.460525733665264,28.45
2005-12-01,17.265366489417218,21.333821578602326,14.023425624516177,46.24
2006-01-01,47.10289897232223,157.91595659911147,18.90938234392035,126.16
2006-02-01,256.153177098381,1010.4724990852009,57.64262217945856,619.69
2006-03-01,388.8267119781413,700.7550315460325,192.96114902517317,1041.43
2006-04-01,294.81578322270764,761.3427853314203,110.9759500220756,764.16
2006-05-01,74.00064382790694,106.29907957399324,52.23781304340952,198.2
2006-06-01,42.60917420175766,52.19532732369664,34.04858272478776,110.44
2006-07-01,27.509036883219085,31.571547367631993,24.327657860790907,73.68
2006-08-01,18.334393680037156,22.092194596013883,15.86487163190863,49.11
2006-09-01,14.622833819339055,16.37216444360673,12.367455947961139,37.9
2006-10-01,11.604894027645296,13.616613342618107,10.60914122882697,31.08
2006-11-01,23.18297644653552,67.9780958568942,9.0938,60.09
2006-12-01,86.58177544823519,300.2835362599248,26.817655864398333,231.9
2007-01-01,94.8554758423311,219.1292663893257,53.95685645801148,254.06
2007-02-01,120.31858122818687,300.31822420070046,73.3527635408948,291.07
2007-03-01,255.75732968467653,575.5464681848892,64.30691260873017,685.02
2007-04-01,232.6138819422912,436.67440701998135,134.31306392296176,602.94
2007-05-01,101.01969151210075,133.43030838017748,82.42019576804184,270.57
2007-06-01,60.56566254750769,78.17630217589841,47.32004838243543,156.99
2007-07-01,37.37763431537088,44.56158197772633,31.26704736225338,100.11
2007-08-01,24.03441254427142,27.65542420246676,20.374617894209635,64.37
2007-09-01,16.970104240937435,20.56719637800357,14.456382308662535,43.99
2007-10-01,14.15050421560679,15.995290532719968,12.87862449251479,37.9
2007-11-01,14.836730753240783,20.77186375231776,12.359122642076713,38.46
2007-12-01,17.64061486322556,30.868053937332135,11.404872258771116,47.25
2008-01-01,112.04487845113994,625.8636287477215,23.086813219533266,300.1
2008-02-01,491.1843654665356,1401.6,90.00219715562565,1230.71
2008-03-01,534.1690199550484,1111.6268798479725,246.92188052806625,1430.72
2008-04-01,399.78916125778875,1081.9386832150801,207.00222885474338,1036.25
2008-05-01,208.88634574354913,423.7391245116723,136.09293571160083,559.48
2008-06-01,79.87663785838252,112.29995467143904,60.388016331143035,207.04
2008-07-01,49.83653899911726,59.36894076661992,41.61281067140838,133.48
2008-08-01,35.031332156808546,38.20590355344781,31.21318532192451,93.83
2008-09-01,23.539853955676588,29.761705033703368,18.26297088893188,61.02
2008-10-01,21.585577365413094,30.991605049519134,19.24075937896335,57.81
2008-11-01,22.281458064195217,27.539930775944427,18.30840591240463,57.75
2008-12-01,28.519957016285808,42.363619939961744,21.918310994654473,76.39
