date,precipitacion_la_raya_mm,precipitacion_llalli_mm,precipitacion_macusani_mm,precipitacion_sicuani_mm,precipitacion_ccatcca_mm,precipitacion_granja_kayra_mm,precipitacion_paruro_mm,precipitacion_paucartambo_mm,precipitacion_pisac_mm,precipitacion_pomacanchi_mm,precipitacion_urubamba_mm,precipitacion_cirialo_mm,precipitacion_curahuasi_mm,precipitacion_machupicchu_mm,precipitacion_quillabamba_mm,precipitacion_vilcabamba_mm,precipitacion_la_quebrada_mm,precipitacion_huyro_mm,precipitacion_chontachaca_mm,precipitacion_pakitza_mm,precipitacion_quincemil_mm
1964-01-01,200.0,83.0,85.0,107.0,91.1,13.0,77.0,47.7,54.0,185.0,54.0,355.0,42.0,208.3,90.1,146.3,311.0,298.8,799.0,290.0,923.8
1964-02-01,82.0,101.0,52.0,113.0,109.6,92.5,149.0,84.4,53.8,100.0,70.0,378.6,90.0,217.1,86.7,199.1,167.0,298.1,381.0,177.0,727.9
1964-03-01,76.0,88.0,101.0,124.0,137.5,101.6,174.0,74.2,66.4,102.0,98.0,372.0,162.0,212.3,75.6,253.7,167.0,173.5,647.0,201.0,845.9
1964-04-01,41.0,53.0,27.0,61.0,62.0,25.8,38.2,116.9,30.1,88.0,21.0,142.5,33.6,115.2,35.7,107.8,134.0,245.6,613.0,59.0,484.8
1964-05-01,7.0,8.0,6.0,42.0,6.0,7.4,3.2,1.9,9.8,18.0,17.0,45.6,13.0,48.4,4.8,33.9,32.0,57.4,366.0,114.0,306.6
1964-06-01,3.0,0.0,0.0,5.0,0.0,0.0,0.0,0.0,8.5,32.0,0.0,25.8,0.0,24.0,0.0,2.2,29.0,21.3,453.0,169.0,326.6
1964-07-01,4.0,0.0,0.0,13.0,0.0,0.0,0.0,0.0,8.5,38.0,0.0,4.7,5.2,22.8,0.0,10.7,29.0,35.6,362.0,56.0,387.3
1964-08-01,0.0,0.0,0.0,13.0,2.0,0.0,0.0,0.0,8.9,8.0,0.0,3.0,0.0,53.7,24.7,37.0,16.0,54.6,158.0,18.0,229.4
1964-09-01,10.0,17.0,20.0,43.0,46.0,11.4,21.4,28.1,39.6,23.0,9.0,7.0,60.0,70.8,15.5,103.0,59.0,59.9,270.0,48.0,370.1
1964-10-01,33.0,21.0,14.0,36.0,38.5,36.5,29.1,22.3,55.4,55.0,54.0,8.0,22.1,58.1,52.6,113.0,85.0,100.7,575.0,53.0,511.4
1964-11-01,113.0,64.0,37.0,97.0,30.7,41.5,59.7,34.8,34.8,88.0,77.0,40.0,34.3,108.2,43.9,108.0,81.0,134.0,483.0,216.0,609.9
1964-12-01,127.0,87.0,78.0,61.0,65.6,65.6,45.0,85.4,51.2,145.0,24.5,32.0,42.6,215.8,109.0,119.0,189.0,149.4,617.0,212.0,589.6
1965-01-01,165.0,136.0,128.0,54.0,74.7,101.8,122.4,178.3,91.8,148.0,139.2,135.3,85.2,230.5,150.2,202.6,245.0,243.0,607.0,155.0,727.1
1965-02-01,190.0,139.0,109.0,102.0,114.5,100.5,112.6,73.5,85.8,170.0,59.0,143.0,133.7,301.3,229.9,316.9,241.0,291.0,620.0,229.0,486.1
1965-03-01,253.0,199.0,82.0,132.0,153.6,112.4,174.1,110.9,60.9,194.0,111.0,58.4,111.5,247.9,254.6,266.7,236.0,384.0,956.0,247.0,606.7
1965-04-01,225.0,66.0,76.0,63.0,46.8,88.0,52.6,40.8,38.0,100.0,46.0,24.2,47.5,139.3,126.8,127.4,180.0,188.6,627.0,296.0,672.8
1965-05-01,48.0,0.0,4.0,12.0,7.5,5.8,2.0,0.0,10.4,26.0,0.0,43.0,8.0,0.0,0.0,18.5,29.0,39.0,507.0,72.0,303.2
1965-06-01,0.0,0.0,0.0,5.0,0.0,0.0,0.0,0.0,8.9,5.0,0.0,30.0,0.0,22.7,0.0,3.2,15.0,30.4,397.0,65.0,235.7
1965-07-01,3.0,1.0,5.0,12.0,0.0,4.8,0.0,3.8,8.9,25.0,0.0,10.1,5.0,52.4,50.4,37.8,32.0,35.3,430.0,57.0,623.5
1965-08-01,3.0,1.0,3.0,14.0,0.0,7.3,0.0,7.6,5.0,16.0,0.0,4.0,0.0,27.3,11.9,62.5,23.0,16.0,183.0,8.0,221.0
1965-09-01,37.0,5.0,43.0,64.0,17.0,29.6,20.0,62.8,31.7,76.0,17.0,69.0,10.2,191.2,151.4,139.6,85.0,128.0,482.0,91.0,327.2
1965-10-01,98.0,43.0,12.0,78.0,23.0,58.3,24.3,20.8,26.6,98.0,16.0,104.2,5.6,142.1,144.8,111.4,256.0,135.0,644.0,275.0,654.6
1965-11-01,100.0,50.0,29.0,72.0,47.3,42.5,32.3,46.5,18.4,59.0,37.0,60.2,39.7,102.1,88.9,177.4,124.0,141.0,436.0,187.0,426.3
1965-12-01,95.0,122.0,101.0,194.0,121.3,153.0,179.2,189.2,81.7,105.0,133.0,57.0,134.5,198.2,238.2,254.6,107.0,407.0,572.0,139.0,1192.1
1966-01-01,164.0,98.0,57.0,93.0,60.9,78.3,64.7,144.0,53.0,185.0,63.0,353.2,83.9,242.3,116.1,56.6,316.0,273.0,709.0,66.0,1164.5
1966-02-01,231.0,159.0,185.0,131.0,161.2,171.2,211.5,93.0,31.5,164.0,100.0,373.4,125.9,271.7,179.3,159.4,287.0,207.0,552.0,279.0,580.6
1966-03-01,133.0,80.0,76.0,106.0,44.0,79.9,89.6,81.0,24.0,119.0,36.0,235.0,86.0,148.4,119.7,171.3,153.0,219.0,871.0,174.0,725.0
1966-04-01,47.0,10.0,13.0,16.0,22.5,18.3,13.2,72.0,6.6,58.0,10.5,140.6,16.5,58.0,16.5,67.6,151.0,53.2,627.0,57.0,436.0
1966-05-01,2.0,32.0,21.0,46.0,30.4,19.8,22.7,2.0,19.2,18.0,39.9,44.9,31.4,28.1,54.3,79.0,19.0,45.8,353.0,113.0,345.0
1966-06-01,0.0,0.0,0.0,5.0,0.0,0.0,0.0,18.0,5.0,0.0,0.7,25.4,0.0,2.2,0.0,0.0,1.0,5.2,328.0,22.0,524.6
1966-07-01,0.0,0.0,0.0,5.0,0.0,0.0,0.0,3.0,5.8,3.0,0.0,26.3,0.0,23.1,6.8,4.2,12.0,13.9,247.0,11.0,306.7
1966-08-01,0.0,0.0,4.0,12.0,8.2,1.7,4.1,2.0,6.9,2.0,10.3,30.1,4.0,30.0,4.9,19.2,12.0,27.6,149.0,6.0,200.2
1966-09-01,14.0,14.0,12.0,50.0,26.1,31.9,39.7,5.0,17.9,24.0,53.5,49.4,18.8,37.0,40.8,107.2,65.0,40.1,248.0,66.0,229.2
1966-10-01,58.0,93.0,70.0,162.0,106.7,59.7,65.1,20.0,12.5,68.0,122.5,272.2,136.4,171.2,174.4,206.4,182.0,207.2,514.0,257.0,515.8
1966-11-01,124.0,103.0,50.0,118.0,86.5,65.2,122.6,65.0,17.4,65.0,86.2,216.0,140.6,225.0,141.1,73.0,109.0,226.8,402.0,187.0,519.4
1966-12-01,172.0,131.0,86.0,134.0,39.6,71.4,82.7,70.0,34.1,188.0,56.5,135.3,52.6,247.7,168.2,146.5,237.0,267.8,608.0,248.0,600.4
1967-01-01,35.0,65.0,31.0,75.0,56.1,59.1,232.0,97.0,44.3,51.0,37.9,445.9,87.7,286.8,120.8,58.0,109.0,307.7,316.0,220.0,1025.7
1967-02-01,181.0,117.0,96.0,130.0,131.4,118.4,408.5,109.0,67.5,192.0,106.0,172.9,115.5,285.8,157.1,152.4,157.0,359.8,556.0,374.0,468.2
1967-03-01,203.0,152.0,93.0,169.0,113.5,140.3,541.8,94.0,80.1,163.0,43.5,266.0,252.1,396.3,277.5,405.2,265.0,395.9,731.0,314.0,675.7
1967-04-01,45.0,36.0,5.0,44.0,38.0,19.0,22.2,70.0,5.0,16.0,37.7,93.0,66.6,115.3,33.4,136.0,69.0,166.8,352.0,89.0,136.6
1967-05-01,6.0,13.0,16.0,18.0,26.0,1.8,3.0,42.0,15.2,2.0,13.0,90.0,15.6,46.9,10.3,23.4,32.0,38.6,314.0,197.0,285.7
1967-06-01,3.0,0.0,0.0,11.0,0.0,0.6,0.0,11.0,6.8,6.0,0.5,1.5,0.2,7.0,9.5,4.0,9.0,20.5,393.0,36.0,267.6
1967-07-01,12.0,8.0,6.0,32.0,19.0,11.0,0.0,7.0,18.4,54.0,33.5,0.0,14.7,62.9,57.2,2.0,44.0,29.8,497.0,35.0,302.3
1967-08-01,71.0,24.0,19.0,39.0,7.6,19.8,18.3,28.0,12.8,42.0,0.0,52.0,6.3,83.1,29.5,10.0,46.0,45.9,255.0,110.0,302.0
1967-09-01,108.0,47.0,41.0,51.0,8.5,32.8,14.2,38.0,12.4,81.0,0.0,86.6,15.3,114.2,49.6,39.2,58.0,51.8,447.0,63.0,118.7
1967-10-01,67.0,55.0,67.0,60.0,47.4,70.9,72.2,31.0,34.7,97.0,11.5,234.0,68.0,293.4,102.0,139.6,282.0,202.3,493.0,506.0,518.4
1967-11-01,43.0,13.0,57.0,58.0,50.7,57.1,46.5,61.0,51.6,75.0,66.0,147.0,35.5,107.7,72.5,78.0,171.0,132.4,425.0,206.0,487.0
1967-12-01,167.0,153.0,86.0,142.0,117.0,124.9,259.1,163.0,56.3,178.0,47.0,564.0,154.5,288.9,151.2,85.7,267.0,266.7,681.0,253.0,662.4
1968-01-01,164.0,181.0,47.0,131.0,135.7,149.4,497.6,100.0,106.3,136.0,63.0,231.0,139.4,350.4,295.5,281.9,215.0,446.2,565.0,243.0,998.3
1968-02-01,105.0,240.0,104.0,185.0,141.5,103.2,514.5,62.0,146.6,135.0,65.1,278.3,112.1,399.1,214.9,186.7,182.0,403.5,636.0,147.0,987.9
1968-03-01,130.0,103.0,44.0,289.0,69.0,84.5,306.7,88.0,30.2,140.0,74.0,126.4,135.6,353.1,196.9,196.2,243.0,257.8,829.0,286.0,581.3
1968-04-01,35.0,20.0,15.0,67.0,49.5,34.6,0.0,69.0,15.4,36.0,28.0,90.0,14.5,107.1,69.4,110.7,92.0,121.9,487.0,107.0,371.1
1968-05-01,28.0,2.0,0.0,5.0,0.0,6.3,0.0,2.0,5.8,15.0,0.0,0.0,0.5,31.0,0.0,18.0,48.0,35.5,472.0,135.0,133.6
1968-06-01,109.0,8.0,0.0,5.0,0.0,5.3,0.0,21.0,9.1,32.0,0.0,0.0,0.0,30.3,0.0,2.0,29.0,21.5,406.0,142.0,291.7
1968-07-01,0.0,0.0,19.0,26.0,0.5,30.9,21.5,3.0,19.1,12.0,43.5,29.0,6.7,132.4,21.8,0.0,16.0,37.2,292.0,58.0,272.5
1968-08-01,7.0,3.0,32.0,39.0,15.5,8.6,4.0,1.0,5.1,11.0,16.0,39.8,5.8,80.6,54.5,10.0,25.0,43.0,193.0,27.0,527.0
1968-09-01,31.0,5.0,27.0,32.0,3.0,16.2,25.4,10.0,11.7,36.0,11.0,49.0,4.7,65.4,38.6,82.5,68.0,73.0,333.0,75.0,365.2
1968-10-01,17.0,44.0,107.0,73.0,39.5,84.6,49.8,6.0,12.5,52.0,0.0,64.8,45.1,196.9,91.1,76.8,157.0,108.6,513.0,276.0,890.7
1968-11-01,139.0,120.0,114.0,163.0,75.5,86.4,190.1,48.0,93.8,87.0,91.5,142.8,131.5,313.3,146.6,88.9,98.0,277.0,353.0,147.0,410.0
1968-12-01,143.0,94.0,157.0,76.0,58.5,54.6,91.7,31.0,28.8,152.0,12.5,295.7,61.1,209.8,168.5,57.7,167.0,191.2,497.0,224.0,1557.5
1969-01-01,251.0,137.0,165.0,145.0,111.7,144.2,534.1,92.0,113.8,186.0,89.5,269.5,100.7,254.8,191.4,89.7,293.0,266.2,790.0,241.0,887.5
1969-02-01,160.0,73.0,113.0,140.0,133.2,77.8,369.9,147.0,56.8,110.0,35.0,204.1,115.4,260.1,124.6,182.0,206.0,313.1,487.0,267.0,783.1
1969-03-01,72.0,54.0,47.0,154.0,77.5,86.6,465.3,34.0,124.3,118.0,16.0,210.5,226.9,308.9,197.9,233.2,206.0,255.9,862.0,217.0,436.0
1969-04-01,31.0,18.0,37.0,79.0,31.5,15.3,16.3,72.0,53.1,58.0,17.0,13.0,73.6,262.8,128.9,120.8,100.0,211.9,544.0,347.0,435.5
1969-05-01,44.0,0.0,0.0,14.0,0.0,3.2,0.0,11.0,5.0,23.0,0.0,57.0,0.8,59.0,51.5,38.0,64.0,146.0,473.0,152.0,275.4
1969-06-01,0.0,1.0,24.0,13.0,3.0,2.6,3.2,0.0,20.3,1.0,0.0,73.0,3.3,110.7,121.1,2.5,31.0,84.6,298.0,119.0,293.3
1969-07-01,65.0,0.0,8.0,18.0,10.0,7.2,0.0,2.0,15.2,78.0,3.0,11.1,3.5,15.2,5.9,12.0,46.0,21.4,383.0,87.0,347.9
1969-08-01,1.0,1.0,0.0,12.0,2.0,3.9,0.0,51.0,8.2,21.0,0.0,0.9,2.5,67.4,0.0,27.8,18.0,13.1,205.0,31.0,263.8
1969-09-01,10.0,24.0,7.0,28.0,23.5,22.8,0.0,42.0,20.6,19.0,3.0,55.8,9.0,91.2,35.7,68.0,54.0,70.3,316.0,49.0,257.5
1969-10-01,132.0,70.0,22.0,90.0,19.0,27.1,10.2,52.0,25.9,91.0,5.0,114.6,93.9,141.4,60.2,167.3,228.0,156.3,577.0,311.0,472.2
1969-11-01,102.0,38.0,43.0,88.0,16.5,54.7,92.5,48.0,52.6,66.0,7.0,123.4,90.2,159.4,138.2,179.3,114.0,225.8,380.0,154.0,542.1
1969-12-01,82.0,94.0,53.0,93.0,99.2,72.7,251.8,77.0,86.6,93.0,43.0,264.0,155.4,284.0,183.9,261.3,184.0,251.1,489.0,250.0,676.6
1970-01-01,170.0,202.0,80.0,186.0,114.0,169.3,121.2,179.9,123.2,170.0,74.0,193.0,171.4,327.6,272.1,299.9,249.0,486.4,652.0,177.0,1232.0
1970-02-01,40.0,162.0,75.0,153.0,64.2,92.6,79.8,154.0,225.0,99.0,15.0,201.5,74.2,328.8,69.4,189.1,125.0,266.8,514.0,157.0,970.7
1970-03-01,129.0,161.0,66.0,155.0,68.6,129.7,115.0,120.0,321.6,121.0,15.0,445.0,73.4,287.7,231.3,214.1,196.0,239.6,716.0,231.0,925.0
1970-04-01,68.0,51.0,76.0,61.0,86.0,86.1,65.2,60.9,50.1,69.0,15.3,130.3,44.6,268.4,146.9,126.6,97.0,292.6,511.0,402.0,646.5
1970-05-01,33.0,11.0,0.0,16.0,10.0,2.3,6.0,16.1,10.7,31.0,0.0,38.2,10.8,108.1,69.5,39.8,93.0,163.6,359.0,207.0,408.9
1970-06-01,0.0,0.0,3.0,5.0,6.0,1.1,1.5,1.7,9.9,10.0,0.0,57.9,1.2,27.8,17.6,2.6,20.0,44.9,377.0,76.0,590.3
1970-07-01,181.0,0.0,3.0,5.0,1.0,3.7,14.8,10.5,10.7,147.0,2.5,14.8,6.6,79.2,14.7,12.6,132.0,59.7,715.0,129.0,203.2
1970-08-01,0.0,0.0,0.0,5.0,0.0,3.4,5.0,2.2,13.9,21.0,0.0,0.8,0.0,34.0,0.0,29.1,7.0,36.5,90.0,3.0,382.6
1970-09-01,33.0,17.0,39.0,31.0,29.5,42.1,40.2,33.6,62.6,100.0,16.3,1.8,27.1,107.8,36.5,105.6,103.0,90.5,340.0,116.0,412.5
1970-10-01,14.0,14.0,33.0,59.0,25.0,46.1,50.8,37.8,79.5,60.0,35.5,220.7,54.2,160.0,105.1,153.1,126.0,137.6,508.0,155.0,899.2
1970-11-01,2.0,5.0,17.0,58.0,41.5,48.2,59.4,36.8,18.6,49.0,32.5,100.5,39.6,117.8,65.5,119.6,60.0,93.9,381.0,142.0,357.0
1970-12-01,107.0,182.0,111.0,200.0,119.5,177.4,250.9,176.7,246.9,81.0,158.0,344.2,130.5,283.2,268.7,156.0,175.0,393.4,553.0,219.0,1391.7
1971-01-01,93.0,153.0,88.0,204.0,81.0,128.9,132.4,121.3,127.2,114.0,106.0,315.0,106.1,286.1,194.9,217.0,182.0,376.9,457.0,97.0,1269.4
1971-02-01,77.0,289.0,121.0,176.0,157.0,161.6,156.9,153.1,234.1,161.0,100.5,253.6,100.4,346.8,243.9,178.0,128.0,516.4,604.0,199.0,934.8
1971-03-01,62.0,70.0,56.0,78.0,63.2,83.6,77.6,202.4,68.5,132.0,57.0,117.4,96.2,256.3,156.1,193.0,183.0,278.4,693.0,237.0,642.1
1971-04-01,15.0,21.0,19.0,78.0,40.0,40.0,47.5,94.7,50.9,33.0,16.5,106.5,76.0,161.2,66.4,131.0,58.0,129.2,409.0,31.0,305.3
1971-05-01,10.0,0.0,6.0,16.0,0.5,1.5,0.0,6.2,8.2,3.0,0.0,60.4,2.0,20.2,35.2,19.0,18.0,48.7,327.0,140.0,297.1
1971-06-01,0.0,0.0,2.0,5.0,2.5,0.1,2.8,13.1,9.6,1.0,0.0,10.2,0.0,37.2,64.6,6.0,20.0,46.0,336.0,53.0,200.7
1971-07-01,9.0,0.0,0.0,5.0,0.0,0.0,0.0,2.5,6.6,20.0,0.0,0.0,0.0,16.0,0.0,39.0,35.0,7.8,392.0,57.0,223.5
1971-08-01,39.0,4.0,9.0,5.0,0.0,5.7,0.0,32.9,12.2,35.0,3.0,58.4,0.0,70.0,3.1,44.0,47.0,20.0,295.0,61.0,198.3
1971-09-01,16.0,0.0,1.0,5.0,2.0,3.5,8.4,26.4,5.0,21.0,2.0,12.4,2.0,24.3,85.7,108.0,44.0,46.8,321.0,54.0,596.3
1971-10-01,24.0,22.0,41.0,5.0,29.1,55.7,49.0,53.8,44.6,53.0,32.0,29.0,38.0,120.3,49.5,119.0,90.0,97.8,517.0,110.0,390.6
1971-11-01,43.0,43.0,36.0,14.0,59.9,51.0,48.7,56.8,19.6,62.0,41.0,76.0,84.8,115.2,83.4,165.0,60.0,120.9,426.0,185.0,437.1
1971-12-01,94.0,140.0,100.0,83.0,64.1,127.5,141.6,130.4,39.3,116.0,99.0,197.0,58.2,246.5,105.9,229.0,140.0,288.1,493.0,166.0,674.0
1972-01-01,243.0,272.0,74.0,168.0,128.6,192.1,204.8,182.6,90.6,206.0,138.3,250.9,117.3,381.1,241.7,165.0,311.0,454.6,739.0,133.0,449.7
1972-02-01,158.0,118.0,102.0,88.0,50.0,66.8,95.8,156.3,46.9,103.0,62.1,207.0,121.7,226.7,175.6,287.0,219.0,310.9,443.0,316.0,761.7
1972-03-01,128.0,133.0,52.0,108.0,64.0,57.2,98.1,226.3,112.4,71.0,73.8,168.5,98.5,343.7,160.4,313.0,166.0,256.6,322.0,263.0,720.9
1972-04-01,53.0,55.0,7.0,69.0,18.4,29.7,41.9,31.4,25.4,63.0,29.2,87.5,48.5,172.4,57.8,141.0,114.0,188.9,470.0,351.0,421.4
1972-05-01,7.0,3.0,4.0,16.0,7.3,3.4,5.0,2.9,8.2,8.0,10.5,18.0,0.4,62.8,24.3,19.0,28.0,26.0,297.0,122.0,261.1
1972-06-01,0.0,0.0,0.0,5.0,0.0,0.0,0.0,0.8,5.0,0.0,8.8,2.5,0.0,2.2,0.0,3.0,0.0,1.5,325.0,24.0,235.6
1972-07-01,0.0,9.0,1.0,26.0,11.3,6.5,8.8,33.9,10.8,1.0,11.0,0.0,12.9,31.8,0.0,10.0,3.0,46.7,272.0,10.0,539.1
1972-08-01,35.0,10.0,7.0,40.0,28.4,27.3,18.7,43.6,15.1,38.0,19.3,50.0,57.9,94.1,102.4,18.0,145.0,103.2,579.0,239.0,429.8
1972-09-01,58.0,12.0,11.0,5.0,9.8,12.2,28.0,49.4,15.4,75.0,28.9,0.0,12.6,91.9,20.9,118.0,29.0,63.6,566.0,56.0,380.9
1972-10-01,79.0,45.0,32.0,18.0,14.6,7.9,28.2,19.6,8.3,74.0,16.2,54.6,20.9,117.6,41.9,153.0,193.0,101.0,651.0,207.0,1000.7
1972-11-01,73.0,41.0,30.0,46.0,51.6,50.2,57.3,37.0,24.5,61.0,69.0,154.8,53.3,262.3,203.9,84.0,116.0,279.8,382.0,150.0,789.4
1972-12-01,183.0,128.0,66.0,106.0,128.6,100.2,107.8,58.8,66.0,222.0,103.4,251.8,80.6,262.9,174.5,79.0,311.0,226.5,683.0,305.0,572.4
1973-01-01,80.0,256.0,71.0,154.0,162.1,221.3,251.4,165.3,215.2,74.0,170.6,239.9,87.7,301.1,271.0,194.0,88.0,410.7,256.0,115.0,1183.3
1973-02-01,149.0,156.0,121.0,149.0,84.6,120.9,241.8,113.1,166.4,179.0,91.9,258.6,74.9,449.2,209.3,151.0,113.0,386.6,900.0,203.0,832.7
1973-03-01,146.0,161.0,87.0,182.0,131.2,99.6,149.7,79.7,115.9,93.0,98.4,209.2,128.9,380.0,192.5,206.0,174.0,331.8,706.0,254.0,628.1
1973-04-01,63.0,62.0,31.0,94.0,51.0,75.2,61.0,54.5,52.7,65.0,60.2,23.2,43.7,311.3,155.7,141.0,86.0,275.8,477.0,444.0,452.0
1973-05-01,52.0,1.0,12.0,13.0,14.6,14.0,23.6,34.0,12.5,43.0,15.9,95.4,2.8,29.7,58.2,16.0,55.0,80.3,532.0,244.0,244.0
1973-06-01,0.0,0.0,0.0,5.0,6.4,0.0,0.0,4.0,12.6,1.0,10.3,12.0,0.0,23.8,4.0,4.0,10.0,20.0,328.0,51.0,420.8
1973-07-01,0.0,6.0,1.0,12.0,9.4,9.1,9.0,9.0,15.1,5.0,21.3,84.4,3.9,42.3,37.8,8.0,7.0,28.4,237.0,23.0,326.5
1973-08-01,12.0,13.0,3.0,22.0,10.0,11.8,13.3,11.0,15.5,30.0,13.1,34.4,3.0,121.0,73.0,11.0,78.0,64.3,408.0,125.0,597.8
1973-09-01,50.0,47.0,46.0,16.0,18.6,14.5,31.1,3.5,10.6,15.0,11.8,49.2,20.9,169.2,66.2,81.0,28.0,97.8,326.0,44.0,220.2
1973-10-01,56.0,34.0,39.0,38.0,36.4,65.1,40.5,28.0,30.9,87.0,26.9,31.4,23.2,117.8,102.6,102.0,176.0,141.4,598.0,210.0,674.3
1973-11-01,95.0,58.0,46.0,59.0,72.2,88.8,112.2,19.0,49.7,91.0,69.5,75.2,90.5,195.1,179.9,98.0,111.0,140.6,410.0,172.0,532.6
1973-12-01,89.0,67.0,94.0,108.0,90.1,96.5,89.7,85.5,124.6,115.0,68.1,422.7,35.8,257.8,292.7,173.0,202.0,242.4,557.0,241.0,1139.4
1974-01-01,181.0,227.0,86.0,182.0,107.8,102.5,177.3,219.0,108.6,102.0,94.6,302.6,80.3,257.5,241.0,21.0,176.0,313.9,458.0,59.0,1183.9
1974-02-01,204.0,214.0,278.0,238.0,164.6,157.7,205.5,161.0,150.2,208.0,141.0,340.8,108.2,355.8,250.4,149.0,168.0,442.0,744.0,295.0,1101.0
1974-03-01,166.0,142.0,132.0,103.0,116.8,121.5,254.9,96.0,107.4,90.0,121.9,38.2,104.4,213.9,107.6,191.0,143.0,197.8,657.0,194.0,616.2
1974-04-01,69.0,103.0,16.0,36.0,43.4,34.5,62.0,97.0,44.9,98.0,45.4,191.4,31.6,257.7,152.8,120.0,138.0,192.2,612.0,486.0,501.7
1974-05-01,8.0,2.0,6.0,11.0,1.4,3.6,0.8,0.0,8.2,12.0,21.0,0.0,8.0,19.5,0.7,25.0,13.0,7.0,339.0,77.0,115.6
1974-06-01,8.0,19.0,0.0,17.0,5.8,8.2,10.2,0.0,14.0,15.0,25.4,0.0,7.9,26.6,3.0,6.0,22.0,43.3,407.0,87.0,345.7
1974-07-01,1.0,4.0,2.0,5.0,0.0,1.0,0.0,6.0,5.8,16.0,8.8,0.0,5.0,64.7,23.2,21.0,24.0,52.0,404.0,62.0,315.4
1974-08-01,36.0,96.0,118.0,26.0,58.8,34.6,37.8,118.0,26.9,24.0,38.4,4.9,14.3,126.3,79.1,17.0,19.0,115.8,233.0,84.0,258.4
1974-09-01,8.0,12.0,0.0,35.0,12.4,5.9,8.5,32.0,9.9,41.0,15.2,0.0,0.5,102.0,26.1,116.0,92.0,50.7,490.0,81.0,183.4
1974-10-01,38.0,17.0,0.0,23.0,20.4,43.3,49.2,0.0,12.9,31.0,26.0,38.4,11.8,177.9,56.6,126.0,125.0,114.8,583.0,217.0,689.6
1974-11-01,87.0,34.0,0.0,63.0,17.4,60.9,97.7,0.0,14.0,87.0,44.8,70.0,17.6,79.2,41.5,166.0,87.0,66.6,551.0,279.0,356.4
1974-12-01,132.0,144.0,41.0,117.0,96.2,108.0,83.9,44.2,60.1,189.0,111.2,130.2,30.3,142.3,75.0,185.0,145.0,189.6,555.0,153.0,767.8
1975-01-01,110.0,169.0,53.0,171.0,143.0,124.7,158.7,132.7,68.4,115.0,100.6,162.6,26.6,268.1,155.3,69.0,238.0,329.2,546.0,53.0,658.7
1975-02-01,147.0,136.0,153.0,116.0,202.2,131.0,187.8,108.3,84.7,146.0,157.7,431.2,42.4,368.4,271.1,147.0,180.0,426.9,654.0,183.0,767.5
1975-03-01,166.0,122.0,41.0,148.0,85.1,55.3,116.8,57.5,70.9,118.0,38.2,149.2,59.6,308.8,167.9,183.0,196.0,248.0,853.0,235.0,757.0
1975-04-01,58.0,18.0,5.0,50.0,38.8,66.8,56.2,26.1,39.7,149.0,69.0,129.2,30.6,148.1,77.9,109.0,206.0,219.7,705.0,405.0,497.4
1975-05-01,16.0,32.0,45.0,31.0,19.6,22.5,30.1,31.4,40.1,55.0,35.0,29.4,4.7,124.4,48.5,70.0,100.0,107.7,450.0,319.0,401.5
1975-06-01,0.0,0.0,0.0,11.0,2.4,0.7,4.2,6.9,9.0,23.0,14.9,13.2,2.0,86.2,15.2,2.0,46.0,70.0,379.0,126.0,490.6
1975-07-01,0.0,0.0,5.0,5.0,1.0,0.3,0.0,6.2,5.0,71.0,8.8,35.2,1.3,22.2,7.0,2.0,79.0,56.1,572.0,131.0,377.5
1975-08-01,1.0,2.0,3.0,19.0,8.2,0.6,2.0,24.5,5.0,7.0,22.5,0.0,4.8,42.4,18.0,13.0,6.0,101.2,121.0,20.0,315.0
1975-09-01,38.0,15.0,25.0,43.0,37.8,51.1,28.1,27.7,18.2,36.0,14.6,113.6,9.5,112.8,85.3,107.0,93.0,124.9,301.0,71.0,440.5
1975-10-01,55.0,26.0,43.0,35.0,12.6,47.5,62.7,21.3,26.4,19.0,35.4,109.0,20.6,166.3,80.5,90.0,72.0,116.7,458.0,133.0,154.4
1975-11-01,67.0,45.0,21.0,74.0,38.8,51.0,96.9,17.9,38.4,112.0,41.9,187.8,4.3,211.9,127.0,77.0,89.0,115.3,491.0,275.0,925.9
1975-12-01,146.0,126.0,95.0,168.0,128.4,170.1,218.9,64.3,59.0,197.0,184.4,251.0,197.0,302.6,249.2,130.0,294.0,206.8,618.0,308.0,534.2
1976-01-01,182.0,221.0,131.0,175.0,102.4,119.6,154.6,79.9,109.6,102.0,97.8,220.8,159.0,276.2,263.7,244.0,160.0,207.7,507.0,266.0,1057.1
1976-02-01,117.0,99.0,133.0,80.0,129.4,83.1,106.3,84.6,46.9,115.0,49.5,45.2,117.2,260.2,253.8,233.0,119.0,402.2,475.0,216.0,572.6
1976-03-01,187.0,222.0,77.0,143.0,112.6,123.1,117.2,82.8,102.3,72.0,113.3,124.2,141.8,399.3,138.1,296.0,172.0,485.6,497.0,259.0,569.1
1976-04-01,33.0,28.0,1.0,38.0,46.8,42.9,56.6,19.5,35.8,150.0,41.8,102.0,49.2,169.0,116.2,136.0,202.0,236.1,650.0,452.0,671.8
1976-05-01,14.0,30.0,2.0,22.0,12.6,13.0,14.3,6.6,43.9,54.0,17.9,25.0,0.5,58.2,21.4,25.0,58.0,124.0,600.0,171.0,536.3
1976-06-01,12.0,12.0,2.0,17.0,3.0,8.7,4.2,3.7,7.5,109.0,11.0,0.0,7.9,41.1,0.0,3.0,42.0,94.9,456.0,138.0,287.6
1976-07-01,9.0,1.0,0.0,15.0,6.8,0.7,0.0,0.0,6.6,104.0,8.8,11.2,2.0,55.1,0.0,31.0,69.0,93.6,438.0,71.0,133.9
1976-08-01,15.0,11.0,14.0,20.0,0.0,2.5,0.8,0.0,6.6,39.0,8.8,0.8,7.3,66.5,70.9,25.0,31.0,132.7,212.0,17.0,321.0
1976-09-01,39.0,55.0,4.0,28.0,18.4,26.8,38.0,11.4,22.1,161.0,17.1,130.6,30.3,90.0,152.5,74.0,85.0,213.8,465.0,147.0,300.0
1976-10-01,9.0,13.0,32.0,19.0,0.0,25.3,23.2,0.0,8.2,85.0,8.8,61.4,27.8,162.3,23.3,135.0,245.0,72.8,644.0,301.0,228.6
1976-11-01,35.0,16.0,28.0,40.0,18.2,47.8,81.6,10.9,36.1,106.0,58.8,98.3,25.2,166.5,22.8,75.0,217.0,135.0,529.0,394.0,449.3
1976-12-01,75.0,71.0,136.0,98.0,70.8,66.8,120.7,30.1,36.3,190.0,129.2,287.2,65.4,243.4,158.4,67.0,234.0,250.6,585.0,279.0,821.5
1977-01-01,112.0,79.0,85.0,82.0,140.8,116.7,112.3,31.8,73.0,175.0,125.0,380.6,75.0,293.7,162.4,136.0,257.0,375.6,759.0,365.0,1337.9
1977-02-01,243.0,169.0,106.0,194.0,111.8,122.8,170.0,27.0,93.5,94.0,69.8,303.6,121.1,306.1,255.6,160.0,121.0,543.2,421.0,67.0,1268.6
1977-03-01,130.0,137.0,137.0,99.0,77.4,69.3,175.9,30.3,59.6,117.0,93.2,95.8,107.1,299.3,194.9,202.0,211.0,427.0,882.0,222.0,578.1
1977-04-01,25.0,25.0,68.0,45.0,59.6,47.6,60.0,13.8,32.0,40.0,59.2,162.1,11.6,162.4,30.9,113.0,75.0,144.2,442.0,316.0,579.3
1977-05-01,16.0,5.0,2.0,17.0,4.8,7.9,3.0,3.0,5.0,16.0,8.8,0.0,5.1,55.9,46.2,40.0,43.0,126.4,384.0,139.0,312.8
1977-06-01,0.0,2.0,2.0,5.0,0.0,0.0,0.0,0.0,5.0,0.0,8.8,0.0,0.0,39.5,0.0,2.0,18.0,31.6,345.0,87.0,160.1
1977-07-01,5.0,3.0,4.0,11.0,5.6,4.4,2.6,11.4,8.1,2.0,8.8,0.0,3.8,52.3,45.2,37.0,10.0,71.6,269.0,46.0,619.7
1977-08-01,0.0,10.0,0.0,5.0,0.0,0.0,0.0,7.7,8.2,0.0,8.8,10.5,0.0,31.5,0.0,35.0,13.0,57.1,138.0,13.0,256.7
1977-09-01,33.0,63.0,22.0,21.0,46.0,29.9,56.4,2.2,14.7,10.0,8.8,46.2,10.6,132.4,57.0,137.0,76.0,131.8,256.0,70.0,303.1
1977-10-01,38.0,55.0,45.0,41.0,37.0,65.0,75.5,26.3,19.9,74.0,56.8,38.2,31.6,120.6,27.6,118.0,159.0,167.4,546.0,158.0,324.0
1977-11-01,215.0,164.0,52.0,99.0,90.0,71.5,106.6,13.7,106.0,111.0,88.1,190.7,128.3,222.9,142.2,68.0,111.0,353.4,436.0,230.0,623.1
1977-12-01,117.0,54.0,141.0,100.0,58.2,78.0,63.2,32.2,16.2,208.0,50.1,160.7,108.5,193.4,173.4,55.0,160.0,225.8,513.0,200.0,710.6
1978-01-01,376.0,395.0,123.0,229.0,131.2,175.4,229.9,48.3,172.4,135.0,181.1,307.2,124.0,373.0,368.3,93.0,267.0,620.0,694.0,300.0,574.4
1978-02-01,277.0,158.0,152.0,83.0,89.4,106.1,87.0,40.2,124.4,155.0,71.4,232.6,70.4,270.0,129.4,159.0,217.0,307.6,446.0,154.0,189.9
1978-03-01,132.0,97.0,94.0,198.0,129.4,88.5,223.4,41.4,105.9,144.0,109.0,156.4,93.2,283.0,161.2,191.0,207.0,416.5,890.0,233.0,247.3
1978-04-01,71.0,77.0,55.0,95.0,43.6,48.7,45.8,47.7,69.0,33.0,40.8,18.4,25.1,221.0,80.7,112.0,52.0,193.9,348.0,269.0,433.8
1978-05-01,20.0,0.0,3.0,5.0,8.0,11.4,11.6,13.2,29.5,8.0,28.8,29.1,1.1,56.0,108.6,28.0,12.0,133.5,171.0,139.0,604.8
1978-06-01,0.0,0.0,0.0,5.0,0.0,0.0,4.8,0.0,5.0,0.0,8.8,16.5,3.0,175.0,1.9,5.0,33.0,47.0,199.0,123.0,149.3
1978-07-01,0.0,5.0,0.0,5.0,0.0,3.4,0.0,0.5,5.0,0.0,8.8,17.0,0.0,56.0,0.0,35.0,11.0,49.4,72.0,35.0,246.0
1978-08-01,12.0,10.0,0.0,5.0,0.0,0.0,0.0,21.2,5.0,1.0,8.8,19.5,0.3,28.0,0.0,57.0,29.0,31.5,382.0,22.0,186.5
1978-09-01,48.0,31.0,26.0,36.0,7.6,13.7,48.7,18.3,22.2,28.0,19.0,32.0,16.6,50.0,0.0,140.0,71.0,31.5,448.0,99.0,182.1
1978-10-01,25.0,27.0,12.0,35.0,13.0,12.3,16.8,50.5,6.6,44.0,18.1,68.4,20.0,112.0,119.5,104.0,116.0,31.5,589.0,81.0,333.9
1978-11-01,64.0,153.0,62.0,85.0,72.8,86.7,129.8,62.4,34.8,50.0,51.4,109.5,13.3,153.0,74.3,86.0,48.0,31.5,305.0,87.0,383.3
1978-12-01,191.0,152.0,144.0,49.0,136.0,117.9,114.9,98.1,69.4,79.0,115.3,226.3,71.4,267.0,300.7,84.0,117.0,213.4,375.0,134.0,478.4
1979-01-01,207.0,169.0,148.0,78.0,110.4,101.1,237.4,61.8,177.8,212.0,126.3,401.0,42.3,252.0,132.6,139.0,329.0,266.6,908.0,216.0,1258.0
1979-02-01,131.0,136.0,150.0,62.0,102.6,131.6,136.0,37.4,133.6,181.0,61.9,241.0,105.7,366.0,123.5,162.0,300.0,275.7,559.0,145.0,817.0
1979-03-01,179.0,168.0,143.0,76.0,123.8,108.8,147.6,52.0,146.2,102.0,69.0,169.0,96.8,416.0,137.4,174.0,189.0,382.1,702.0,268.0,629.0
1979-04-01,95.0,66.0,51.0,42.0,26.2,46.8,37.9,54.0,51.6,36.0,19.7,141.0,35.9,259.0,51.7,130.0,54.0,161.4,345.0,305.0,686.0
1979-05-01,133.0,0.0,4.0,14.0,2.0,6.2,6.6,3.0,10.6,23.0,11.9,5.0,4.5,84.0,15.2,27.0,72.0,41.5,379.0,152.0,299.0
1979-06-01,0.0,0.0,0.0,5.0,0.0,0.0,2.4,0.0,11.3,5.0,8.8,38.0,0.0,19.0,0.0,0.0,19.0,31.5,407.0,101.0,623.0
1979-07-01,0.0,0.0,0.0,11.0,0.0,0.9,3.5,4.0,9.7,5.0,8.8,217.0,1.2,50.0,21.6,0.0,8.0,63.6,307.0,40.0,530.0
1979-08-01,0.0,12.0,0.0,30.0,10.2,8.1,6.4,9.0,6.6,2.0,15.6,1.0,5.8,64.0,0.0,14.0,14.0,50.6,138.0,27.0,192.0
1979-09-01,11.0,4.0,26.0,38.0,7.6,11.5,7.0,17.0,20.6,13.0,36.8,8.0,11.7,131.0,0.0,124.0,81.0,101.4,310.0,72.0,182.0
1979-10-01,56.0,75.0,18.0,11.0,21.8,18.4,13.4,56.0,19.5,88.0,11.2,55.0,13.4,198.0,19.2,129.0,256.0,90.6,519.0,404.0,411.0
1979-11-01,72.0,89.0,63.0,25.0,56.8,85.6,78.2,15.0,35.8,95.0,49.2,123.0,105.8,169.0,128.5,107.0,194.0,159.2,492.0,329.0,767.0
1979-12-01,179.0,137.0,134.0,42.0,154.6,81.8,94.6,49.0,62.6,99.0,40.5,264.0,116.5,201.0,153.6,192.0,110.0,194.8,432.0,156.0,823.0
1980-01-01,157.0,60.0,102.0,98.0,92.0,106.2,179.7,40.4,78.0,217.0,45.0,304.0,62.2,305.0,159.3,18.0,348.0,187.2,887.0,317.0,1031.0
1980-02-01,124.0,45.0,121.0,60.0,128.8,126.4,112.4,35.9,148.4,180.0,56.9,318.0,124.7,370.0,219.6,148.0,324.0,161.7,579.0,127.0,1068.0
1980-03-01,200.0,147.0,50.0,37.0,91.0,135.0,72.8,62.5,183.4,135.0,85.9,423.0,103.5,285.0,227.7,154.0,191.0,165.4,843.0,224.0,1026.0
1980-04-01,43.0,16.0,21.0,10.0,39.2,23.2,6.6,19.2,75.6,45.0,17.0,203.0,18.8,212.0,103.2,104.0,79.0,78.2,432.0,392.0,868.0
1980-05-01,31.0,9.0,0.0,26.0,0.0,3.7,0.0,6.8,6.6,25.0,8.8,4.0,10.2,52.0,22.7,47.0,58.0,54.9,481.0,176.0,322.0
1980-06-01,0.0,0.0,9.0,29.0,0.0,0.0,2.2,2.2,5.0,3.0,8.8,1.0,5.2,17.0,0.9,1.0,15.0,41.6,405.0,63.0,357.0
1980-07-01,0.0,1.0,0.0,30.0,0.0,5.3,3.2,14.3,5.0,8.0,8.8,3.0,11.1,52.0,51.7,0.0,15.0,44.8,421.0,45.0,470.0
1980-08-01,0.0,5.0,1.0,32.0,3.2,1.0,0.0,4.9,13.9,8.0,10.8,7.0,7.3,35.0,28.8,13.0,19.0,59.2,139.0,16.0,195.0
1980-09-01,16.0,32.0,13.0,12.0,21.2,12.6,14.4,6.7,33.9,47.0,8.8,93.0,8.0,75.0,60.3,55.0,81.0,39.3,310.0,101.0,373.0
1980-10-01,119.0,128.0,34.0,77.0,55.6,62.9,42.4,36.4,36.3,92.0,13.9,156.0,35.2,152.0,150.7,132.0,224.0,106.9,568.0,270.0,895.0
1980-11-01,121.0,73.0,83.0,71.0,51.2,60.2,116.2,9.2,8.9,45.0,46.8,108.0,21.0,121.0,56.9,120.0,96.0,100.7,400.0,175.0,482.0
1980-12-01,35.0,97.0,75.0,94.0,75.8,83.1,162.8,25.1,43.1,110.0,54.3,171.0,110.2,296.0,51.4,181.0,192.0,93.6,439.0,250.0,531.0
1981-01-01,55.0,267.0,119.0,143.0,159.0,225.4,173.2,32.0,82.0,181.0,50.8,335.0,143.2,173.0,232.1,71.0,228.0,185.4,761.0,309.0,1267.0
1981-02-01,37.0,114.0,112.0,123.0,102.8,80.8,158.8,88.0,145.3,148.0,39.0,295.0,152.8,428.0,200.6,157.0,239.0,201.4,803.0,172.0,1121.0
1981-03-01,48.0,99.0,66.0,115.0,141.6,124.4,205.5,52.0,75.6,263.0,19.2,162.0,82.3,330.0,178.0,153.0,444.0,203.3,1082.0,320.0,741.0
1981-04-01,21.0,123.0,16.0,11.0,74.0,56.9,34.5,12.0,29.7,35.0,21.0,151.0,61.5,111.0,112.8,117.0,98.0,246.4,477.0,237.0,790.0
1981-05-01,1.0,10.0,6.0,5.0,9.6,1.8,0.0,11.0,12.3,14.0,8.8,1.0,5.2,46.0,24.7,26.0,48.0,39.3,479.0,183.0,226.0
1981-06-01,0.0,3.0,28.0,17.0,0.0,3.9,4.0,9.0,8.3,2.0,8.8,0.0,12.5,147.0,9.8,6.0,47.0,48.1,333.0,122.0,245.0
1981-07-01,0.0,3.0,5.0,5.0,0.0,0.0,0.0,0.0,17.0,4.0,8.8,1.0,6.3,79.0,15.3,19.0,15.0,50.8,103.0,21.0,338.0
1981-08-01,1.0,12.0,4.0,30.0,10.2,9.8,12.0,6.0,7.3,27.0,16.3,2.0,27.3,126.0,27.6,11.0,77.0,59.9,673.0,134.0,262.0
1981-09-01,17.0,23.0,41.0,5.0,2.6,45.9,26.4,44.0,17.1,35.0,21.9,21.0,34.7,121.0,50.1,110.0,22.0,72.5,414.0,35.0,296.0
1981-10-01,79.0,55.0,26.0,16.0,66.4,108.9,42.4,28.0,55.0,104.0,45.2,150.0,69.0,209.0,87.2,125.0,288.0,98.5,620.0,498.0,567.0
1981-11-01,106.0,68.0,31.0,19.0,111.4,120.8,41.0,81.0,97.9,112.0,45.0,172.0,181.1,366.0,116.3,155.0,332.0,122.2,403.0,274.0,690.0
1981-12-01,128.0,138.0,31.0,54.0,94.8,144.3,45.4,63.0,97.8,95.0,54.2,468.0,129.2,284.0,178.4,283.0,150.0,164.0,414.0,217.0,958.0
1982-01-01,124.0,270.0,123.0,78.0,146.2,178.9,59.4,320.0,222.5,100.0,41.0,95.0,253.5,355.0,365.0,137.0,222.0,553.0,559.0,13.0,234.0
1982-02-01,148.0,121.0,106.0,37.0,58.4,115.5,40.4,153.0,58.8,121.0,32.1,303.0,218.3,289.0,209.0,211.0,142.0,321.0,517.0,272.0,839.0
1982-03-01,223.0,140.0,146.0,60.0,136.6,143.1,24.4,72.0,190.8,108.0,29.0,302.0,141.3,383.0,207.0,250.0,203.0,325.0,725.0,289.0,833.0
1982-04-01,62.0,102.0,114.0,5.0,24.2,58.8,4.0,67.0,158.7,128.0,15.0,25.0,41.8,160.0,146.0,142.0,77.0,249.0,432.0,167.0,268.0
1982-05-01,0.0,18.0,29.0,5.0,0.0,0.0,1.7,1.0,25.1,16.0,8.8,80.0,5.2,81.0,35.0,25.0,55.0,65.0,350.0,120.0,332.0
1982-06-01,4.0,7.0,1.0,5.0,1.0,9.2,0.6,0.0,11.3,4.0,8.8,77.0,9.3,161.0,267.0,6.0,51.0,94.0,322.0,215.0,564.0
1982-07-01,0.0,25.0,12.0,5.0,2.8,3.4,0.9,2.0,5.8,7.0,8.8,34.0,5.2,22.0,56.0,43.0,22.0,63.0,236.0,90.0,488.0
1982-08-01,17.0,27.0,1.0,5.0,3.4,4.9,1.6,0.0,16.9,15.0,8.8,23.0,21.6,73.0,23.0,25.0,28.0,57.0,227.0,16.0,420.0
1982-09-01,11.0,28.0,2.0,35.0,21.8,14.0,5.2,15.0,20.6,39.0,24.3,58.0,10.9,116.0,22.0,101.0,69.0,58.0,382.0,95.0,369.0
1982-10-01,100.0,75.0,27.0,69.0,56.0,37.9,11.6,40.0,28.7,82.0,21.7,60.0,15.7,104.0,32.0,67.0,160.0,64.0,611.0,114.0,773.0
1982-11-01,147.0,54.0,8.0,45.0,65.0,122.5,17.5,83.0,87.2,108.0,23.9,113.0,155.7,195.0,141.0,228.0,102.0,232.0,379.0,133.0,546.0
1982-12-01,80.0,73.0,65.0,19.0,73.2,98.6,29.4,89.0,19.7,102.0,27.3,315.0,71.6,253.0,211.0,332.0,105.0,295.0,370.0,120.0,960.0
1983-01-01,124.0,176.0,104.0,52.0,81.4,128.4,102.0,336.0,9.0,180.0,22.8,226.0,171.8,385.0,257.0,80.0,304.0,481.0,684.0,14.0,729.0
1983-02-01,148.0,151.0,125.0,10.0,48.2,84.0,94.0,120.0,27.6,65.0,14.5,209.0,110.5,296.0,242.0,164.0,173.0,475.0,456.0,176.0,595.0
1983-03-01,101.0,120.0,38.0,42.0,39.4,54.5,167.0,121.0,38.4,62.0,23.9,226.0,86.8,309.0,294.0,159.0,157.0,453.0,464.0,209.0,861.0
1983-04-01,83.0,17.0,1.0,5.0,6.0,29.8,25.0,25.0,28.4,58.0,11.2,54.0,60.3,203.0,215.0,137.0,84.0,273.0,450.0,376.0,588.0
1983-05-01,5.0,4.0,4.0,5.0,10.4,3.4,9.0,0.0,5.0,1.0,15.2,105.0,10.7,91.0,63.0,35.0,19.0,97.0,137.0,71.0,405.0
1983-06-01,8.0,6.0,1.0,5.0,2.2,6.2,6.0,0.0,6.6,5.0,10.1,76.0,7.3,14.0,10.0,6.0,15.0,28.0,361.0,67.0,559.0
1983-07-01,0.0,0.0,0.0,5.0,2.4,0.5,0.0,0.0,13.7,2.0,8.8,8.0,5.2,161.0,43.0,27.0,5.0,70.0,89.0,5.0,135.0
1983-08-01,1.0,11.0,2.0,5.0,4.9,0.9,0.0,0.0,9.8,8.0,8.8,4.0,5.2,51.0,19.0,35.0,48.0,70.0,370.0,43.0,329.0
1983-09-01,8.0,4.0,0.0,25.0,8.2,5.5,0.0,6.0,15.4,17.0,8.8,60.0,20.2,48.0,77.0,152.0,45.0,70.0,346.0,66.0,370.0
1983-10-01,28.0,40.0,65.0,11.0,18.3,26.0,70.0,9.0,19.5,33.0,11.4,92.0,51.8,204.0,152.0,184.0,159.0,184.0,500.0,314.0,350.0
1983-11-01,13.0,6.0,2.0,5.0,27.4,44.3,105.0,14.0,29.0,88.0,22.5,80.0,69.8,130.0,74.0,166.0,103.0,115.0,503.0,294.0,447.0
1983-12-01,84.0,127.0,76.0,74.0,45.1,100.2,127.0,71.0,31.7,272.0,32.5,229.0,118.0,218.0,88.0,264.0,261.0,153.0,732.0,280.0,891.0
1984-01-01,293.0,313.0,83.0,144.0,229.0,198.6,379.0,330.0,86.4,242.0,32.1,267.0,224.2,352.0,317.0,263.0,273.0,494.0,596.0,119.0,996.0
1984-02-01,158.0,239.0,155.0,63.0,99.0,142.4,545.0,228.0,84.5,228.0,76.4,175.0,195.1,224.0,270.0,235.0,270.0,459.0,553.0,772.0,586.0
1984-03-01,166.0,151.0,88.0,56.0,82.0,71.0,402.0,192.0,81.9,282.0,53.8,224.0,178.7,375.0,214.0,329.0,468.0,311.0,858.0,428.0,889.0
1984-04-01,81.0,89.0,46.0,13.0,66.0,82.8,77.0,34.0,32.9,37.0,39.3,71.0,68.0,205.0,179.0,135.0,87.0,267.0,461.0,300.0,641.0
1984-05-01,23.0,2.0,1.0,5.0,1.0,0.0,0.0,2.0,10.3,0.0,0.0,79.0,5.2,92.0,29.0,32.0,14.0,61.0,130.0,115.0,453.0
1984-06-01,26.0,7.0,6.0,11.0,40.0,2.0,0.0,0.0,8.9,0.0,6.0,2.0,5.2,71.0,2.0,4.0,27.0,29.0,272.0,114.0,113.0
1984-07-01,4.0,0.0,0.0,13.0,17.0,1.3,0.0,5.0,8.8,0.0,0.0,260.0,5.2,241.0,26.0,2.0,6.0,71.0,93.0,23.0,788.0
1984-08-01,20.0,9.0,16.0,15.0,4.0,11.4,6.0,17.0,18.0,9.0,26.4,1.0,5.2,34.0,1.0,11.0,31.0,36.0,351.0,29.0,118.0
1984-09-01,10.0,43.0,2.0,22.0,1.0,4.2,28.0,0.0,11.4,8.0,4.2,3.0,28.4,121.0,30.0,63.0,55.0,78.0,272.0,63.0,99.0
1984-10-01,132.0,117.0,31.0,35.0,51.0,114.6,57.0,53.0,41.7,87.0,81.8,137.0,77.5,138.0,81.0,145.0,153.0,110.0,508.0,180.0,884.0
1984-11-01,194.0,61.0,83.0,46.0,79.0,69.4,51.0,30.0,61.2,69.0,46.8,97.0,118.5,145.0,72.0,159.0,74.0,122.0,379.0,140.0,428.0
1984-12-01,109.0,96.0,142.0,64.0,76.0,102.8,136.0,40.0,15.7,173.0,77.3,139.0,167.1,224.0,192.0,235.0,164.0,311.0,459.0,185.0,602.0
1985-01-01,196.0,154.0,87.0,94.0,109.0,129.1,267.0,41.0,140.6,77.8,125.4,255.0,182.2,246.0,92.0,136.0,260.0,157.0,776.0,303.0,1147.0
1985-02-01,167.0,96.0,79.0,116.0,150.0,119.4,174.0,156.0,205.5,175.1,92.9,52.0,172.6,271.0,275.0,220.0,186.0,384.0,483.0,311.0,387.0
1985-03-01,163.0,137.0,58.0,102.0,150.0,74.2,290.0,187.0,194.5,105.8,81.8,165.0,165.7,360.0,261.0,309.0,172.0,384.0,435.0,250.0,815.0
1985-04-01,109.0,55.0,18.0,12.0,70.0,33.2,16.0,76.0,64.3,150.0,32.7,54.0,117.4,144.0,60.0,127.0,90.0,82.0,484.0,134.0,463.0
1985-05-01,43.0,1.0,2.0,12.0,14.0,15.6,0.0,1.0,8.3,117.6,9.1,212.0,48.4,82.0,58.0,40.0,41.0,68.0,289.0,112.0,495.0
1985-06-01,9.0,2.0,3.0,7.0,3.0,11.6,0.0,76.0,0.0,24.7,7.9,106.0,18.4,65.0,121.0,2.0,29.0,82.0,320.0,56.0,468.0
1985-07-01,1.0,1.0,0.0,9.0,1.0,0.9,0.0,0.0,0.0,5.6,2.1,624.0,8.3,110.0,71.0,0.0,38.0,80.0,153.0,17.0,796.0
1985-08-01,0.0,1.0,0.0,1.0,0.0,0.0,0.0,0.0,5.1,13.7,2.8,0.0,5.6,102.0,76.0,8.0,32.0,149.0,349.0,58.0,190.0
1985-09-01,92.0,16.0,40.0,2.0,43.0,43.3,12.0,6.0,27.9,86.6,14.6,71.0,14.3,115.0,81.0,98.0,46.0,101.0,304.0,44.0,311.0
1985-10-01,57.0,19.0,32.0,45.0,58.0,62.1,88.0,36.0,108.1,58.6,34.0,44.0,45.4,125.0,130.0,124.0,71.0,144.0,502.0,118.0,357.0
1985-11-01,149.0,57.0,63.0,71.0,98.0,116.5,179.0,83.0,131.2,213.4,64.1,73.0,99.4,161.0,83.0,75.0,80.0,137.0,450.0,176.0,436.0
1985-12-01,148.0,142.0,80.0,18.0,54.0,122.4,35.0,66.0,25.0,197.2,109.7,82.0,125.3,209.0,168.0,51.0,273.0,284.0,715.0,263.0,608.0
1986-01-01,172.0,231.0,178.0,115.0,93.6,76.4,156.9,44.0,27.8,164.8,53.7,159.0,123.5,357.0,116.7,363.0,197.0,423.0,563.0,324.0,671.0
1986-02-01,229.0,210.0,202.0,78.0,74.9,92.2,154.1,108.0,118.9,204.6,58.1,173.0,121.8,300.0,113.1,251.0,136.0,314.0,533.0,210.0,552.0
1986-03-01,193.0,252.0,130.0,159.0,137.8,125.7,144.8,52.0,134.0,117.6,56.5,188.0,194.6,254.0,101.3,265.0,167.0,314.0,790.0,215.0,591.0
1986-04-01,136.0,31.0,20.0,14.0,28.4,65.5,37.1,46.0,38.5,69.0,41.5,22.0,46.1,206.0,58.9,119.0,44.0,190.0,289.0,234.0,298.0
1986-05-01,19.0,0.0,1.0,18.0,4.7,6.2,0.0,4.0,12.5,12.9,14.0,104.0,13.4,61.0,26.1,43.0,55.0,84.0,332.0,140.0,305.0
1986-06-01,0.0,0.0,1.0,1.0,0.0,0.0,0.0,0.0,0.0,5.6,0.0,12.0,5.2,12.0,17.6,4.0,5.0,63.0,342.0,53.0,270.0
1986-07-01,10.0,0.0,0.0,17.0,6.9,1.8,0.0,0.0,2.1,5.6,0.0,15.0,5.2,21.0,6.8,4.0,11.0,12.0,197.0,20.0,622.0
1986-08-01,24.0,9.0,7.0,11.0,1.2,4.2,0.0,6.0,3.3,7.8,5.0,33.0,16.3,164.0,6.8,5.0,184.0,42.0,898.0,283.0,516.0
1986-09-01,57.0,15.0,18.0,36.0,12.9,7.5,0.0,0.0,4.0,74.1,4.0,50.0,40.7,168.0,6.8,55.0,9.0,148.0,325.0,30.0,277.0
1986-10-01,13.0,15.0,49.0,17.0,23.1,17.3,2.0,56.0,2.1,43.9,13.5,70.0,37.5,188.0,6.8,144.0,244.0,103.0,534.0,420.0,363.0
1986-11-01,70.0,83.0,60.0,70.0,29.7,69.6,90.0,27.0,8.3,63.1,57.5,81.0,39.0,123.0,118.3,132.0,141.0,77.0,460.0,263.0,489.0
1986-12-01,141.0,94.0,68.0,63.0,54.4,102.7,171.6,110.0,11.8,303.4,49.5,162.0,70.7,302.0,155.6,152.0,250.0,255.0,614.0,294.0,619.0
1987-01-01,270.0,336.0,211.0,151.0,205.7,224.3,363.2,255.0,276.3,100.2,102.5,349.0,186.1,174.0,284.2,274.0,247.0,241.0,646.0,125.0,1226.0
1987-02-01,90.0,140.0,92.0,143.0,82.8,87.9,75.2,96.0,45.9,97.5,83.7,272.0,103.7,347.0,114.3,196.0,220.0,283.0,643.0,186.0,912.0
1987-03-01,95.0,92.0,20.0,143.0,57.7,48.6,91.0,67.0,24.6,63.1,35.5,40.0,37.5,157.0,102.4,176.0,157.0,225.0,858.0,177.0,430.0
1987-04-01,44.0,37.0,5.0,58.0,17.7,13.1,47.1,43.0,13.3,54.9,1.0,81.0,70.3,187.0,115.1,122.0,77.0,208.0,427.0,306.0,517.0
1987-05-01,12.0,6.0,56.0,12.0,5.8,2.1,0.0,35.0,0.0,5.6,3.0,57.0,19.2,93.0,28.1,61.0,59.0,131.0,361.0,217.0,295.0
1987-06-01,0.0,0.0,0.0,3.0,5.0,1.3,0.0,0.0,14.6,6.3,7.5,1.0,5.2,22.0,31.6,3.0,9.0,7.0,335.0,69.0,109.0
1987-07-01,17.0,0.0,2.0,11.0,24.1,9.2,8.6,32.0,9.1,37.3,17.0,0.0,14.9,32.0,12.0,3.0,2.0,81.0,225.0,30.0,260.0
1987-08-01,3.0,11.0,3.0,1.0,0.0,0.0,0.0,23.0,0.0,5.6,0.0,286.0,5.2,92.0,6.8,10.0,43.0,95.0,337.0,81.0,623.0
1987-09-01,9.0,13.0,1.0,3.0,0.0,8.2,6.4,2.0,0.0,10.0,14.0,111.0,14.4,43.0,40.5,96.0,47.0,33.0,317.0,54.0,477.0
1987-10-01,55.0,42.0,24.0,25.0,43.0,26.5,27.0,40.0,8.2,44.2,27.5,176.0,54.9,183.0,76.5,169.0,219.0,169.0,529.0,360.0,672.0
1987-11-01,159.0,32.0,53.0,132.0,95.0,101.8,72.4,66.0,38.8,56.0,88.0,125.0,57.1,151.0,367.8,79.0,120.0,101.0,402.0,183.0,481.0
1987-12-01,153.0,164.0,113.0,115.0,94.8,107.6,121.4,169.0,38.8,92.6,100.0,476.0,82.1,247.0,230.6,78.0,235.0,178.0,663.0,253.0,1665.0
1988-01-01,187.0,164.0,135.0,129.0,89.8,163.8,375.0,186.0,96.1,86.7,115.5,105.0,220.0,256.0,263.2,305.0,259.0,288.0,638.0,160.0,288.0
1988-02-01,177.0,189.0,120.0,95.0,66.5,84.3,237.0,173.0,99.6,84.3,77.5,258.0,141.9,340.0,325.6,232.0,197.0,182.0,606.0,273.0,684.0
1988-03-01,247.0,162.0,68.0,121.0,141.8,166.5,115.0,211.0,193.4,67.0,126.5,76.0,154.6,220.0,361.3,504.0,145.0,259.0,445.0,185.0,614.0
1988-04-01,146.0,149.0,30.0,87.0,90.9,108.9,71.0,25.0,52.4,35.8,43.0,36.0,103.4,291.0,266.5,143.0,55.0,242.0,340.0,427.0,555.0
1988-05-01,10.0,3.0,14.0,4.0,14.0,4.6,3.0,1.0,2.0,12.7,4.5,173.0,16.1,69.0,89.8,26.0,91.0,118.0,546.0,140.0,485.0
1988-06-01,0.0,1.0,3.0,0.0,0.0,0.0,0.0,0.0,0.0,7.8,0.0,20.0,5.2,93.0,6.8,5.0,36.0,70.0,360.0,153.0,186.0
1988-07-01,0.0,6.0,5.0,5.0,0.0,0.0,0.0,2.0,0.0,8.2,0.0,3.0,5.2,49.0,6.8,3.0,21.0,98.0,264.0,67.0,266.0
1988-08-01,3.0,0.0,1.0,8.0,0.0,0.0,0.0,9.0,0.0,5.6,0.0,26.0,5.2,34.0,58.4,21.0,37.0,75.0,258.0,21.0,335.0
1988-09-01,13.0,0.0,23.0,21.0,8.1,9.9,7.0,2.0,2.3,36.4,17.0,3.0,5.2,145.0,86.7,80.0,80.0,128.0,455.0,132.0,131.0
1988-10-01,46.0,48.0,52.0,46.0,61.5,36.2,30.0,46.0,12.0,19.6,25.5,70.0,44.5,115.0,76.5,189.0,192.0,69.0,631.0,140.0,742.0
1988-11-01,14.0,8.0,8.0,66.0,42.8,47.6,91.0,2.0,13.7,55.7,25.0,151.0,104.4,233.0,90.8,102.0,148.0,129.0,500.0,315.0,692.0
1988-12-01,128.0,137.0,73.0,98.0,94.7,103.7,154.0,163.0,85.9,81.0,88.0,378.0,146.9,317.0,203.9,117.0,295.0,168.0,717.0,316.0,907.0
1989-01-01,245.0,94.0,49.0,139.0,112.1,151.4,167.0,179.0,116.3,154.8,102.0,175.0,161.3,275.0,154.7,103.0,116.0,225.0,307.0,77.0,596.0
1989-02-01,135.0,159.0,55.0,132.0,114.3,126.8,208.0,239.0,94.8,188.7,90.0,253.0,150.0,283.0,149.9,180.0,79.0,236.0,613.0,486.0,678.0
1989-03-01,173.0,124.0,42.0,132.0,154.3,119.3,169.0,262.0,111.5,122.6,103.9,66.0,122.5,316.0,216.4,211.0,150.0,310.0,321.0,226.0,588.0
1989-04-01,79.0,20.0,15.0,53.0,54.6,38.6,60.0,82.0,25.9,18.7,50.5,115.0,51.0,324.0,72.8,133.0,120.0,174.0,623.0,317.0,444.0
1989-05-01,28.0,4.0,4.0,11.0,10.3,6.4,13.0,62.0,8.0,18.8,13.3,23.0,14.2,93.0,37.0,39.0,73.0,76.0,540.0,263.0,275.0
1989-06-01,19.0,1.0,1.0,3.0,6.7,9.1,0.0,18.0,0.0,9.6,9.5,16.0,8.1,105.0,6.8,4.0,36.0,60.0,336.0,91.0,550.0
1989-07-01,0.0,1.0,2.0,0.0,0.0,0.0,0.0,4.0,3.0,10.5,0.5,42.0,12.0,155.0,28.9,2.0,13.0,91.0,169.0,26.0,334.0
1989-08-01,37.0,67.0,6.0,12.0,7.0,6.1,1.0,50.0,9.2,14.1,0.0,0.0,17.8,49.0,51.3,12.0,17.0,150.0,257.0,36.0,144.0
1989-09-01,38.0,26.0,7.0,23.0,26.7,30.7,3.0,52.0,7.2,32.9,26.5,140.0,17.6,68.0,51.4,95.0,62.0,71.0,332.0,51.0,453.0
1989-10-01,49.0,35.0,15.0,52.0,20.9,15.7,23.0,1.0,20.5,66.5,46.0,35.0,67.0,96.0,49.2,160.0,130.0,58.0,618.0,137.0,280.0
1989-11-01,44.0,30.0,8.0,47.0,56.9,60.7,89.0,52.0,20.2,85.0,25.0,159.0,99.1,239.0,35.8,87.0,71.0,178.0,328.0,117.0,926.0
1989-12-01,144.0,145.0,66.0,131.0,37.6,88.5,156.0,47.0,27.1,142.7,99.0,490.0,145.4,309.0,106.7,77.0,280.0,158.0,498.0,278.0,871.0
1990-01-01,199.0,80.0,79.0,127.0,115.7,157.6,196.0,108.3,76.7,171.0,133.5,275.0,51.3,225.0,267.1,108.0,179.0,304.0,620.0,182.0,855.0
1990-02-01,114.0,129.0,24.0,105.0,68.7,90.4,157.0,91.9,45.6,108.0,99.3,283.0,63.6,311.0,147.2,152.0,89.0,317.0,474.0,145.0,691.0
1990-03-01,71.0,115.0,21.0,71.0,55.2,60.2,134.0,91.4,20.3,82.0,26.0,90.0,37.8,143.0,121.0,147.0,153.0,130.0,717.0,164.0,646.0
1990-04-01,46.0,45.0,12.0,34.0,24.2,47.4,69.0,18.4,82.6,74.0,33.0,215.0,34.2,299.0,116.4,114.0,60.0,256.0,349.0,448.0,864.0
1990-05-01,9.0,1.0,0.0,8.0,1.3,7.5,0.0,10.2,6.2,16.0,6.0,55.0,31.2,93.0,90.7,36.0,43.0,69.0,240.0,169.0,447.0
1990-06-01,48.0,3.0,8.0,2.0,37.9,31.8,15.0,18.0,38.4,10.0,40.0,50.0,5.2,193.0,138.1,6.0,77.0,43.0,375.0,332.0,568.0
1990-07-01,3.0,0.0,1.0,4.0,0.0,0.0,0.0,0.0,0.0,10.0,0.0,412.0,5.2,97.0,18.5,2.0,35.0,31.0,152.0,49.0,632.0
1990-08-01,13.0,3.0,4.0,7.0,8.0,5.8,0.0,0.0,3.0,14.0,9.5,0.0,5.2,111.0,45.5,10.0,75.0,107.0,484.0,64.0,237.0
1990-09-01,30.0,22.0,11.0,17.0,1.3,13.3,9.0,0.5,8.4,11.0,6.0,10.0,5.2,181.0,83.0,89.0,36.0,226.0,350.0,59.0,128.0
1990-10-01,137.0,72.0,10.0,36.0,39.4,73.7,44.0,38.7,44.1,47.0,52.6,40.0,30.6,196.0,153.5,99.0,225.0,167.0,531.0,378.0,259.0
1990-11-01,122.0,53.0,8.0,53.0,48.2,86.9,61.0,27.7,99.4,155.0,44.0,159.0,38.5,195.0,145.3,97.0,96.0,149.0,335.0,147.0,941.0
1990-12-01,146.0,130.0,11.0,78.0,117.5,66.5,141.0,63.9,115.0,195.0,69.3,422.0,52.7,282.0,127.6,179.0,229.0,366.0,490.0,255.0,886.0
1991-01-01,195.0,139.0,47.0,93.0,70.7,97.6,77.0,36.0,76.2,124.0,52.5,259.0,35.0,319.0,193.3,143.0,274.0,193.0,863.0,370.0,802.0
1991-02-01,98.0,128.0,33.0,76.0,146.1,163.6,153.0,47.1,101.7,167.0,125.5,244.0,102.8,214.0,121.9,243.0,211.0,323.0,404.0,203.0,639.0
1991-03-01,137.0,103.0,20.0,88.0,54.4,105.2,150.0,35.5,64.5,114.0,82.5,38.0,35.3,246.0,230.8,236.0,168.0,179.0,812.0,226.0,284.0
1991-04-01,44.0,64.0,7.0,59.0,31.0,45.1,85.0,0.0,31.4,24.0,39.5,262.0,20.4,115.0,109.7,112.0,86.0,147.0,381.0,343.0,853.0
1991-05-01,28.0,21.0,5.0,18.0,3.9,11.0,3.0,0.0,11.5,17.0,2.0,2.0,5.2,69.0,37.2,22.0,36.0,123.0,241.0,89.0,455.0
1991-06-01,22.0,0.0,11.0,14.0,23.4,5.1,25.0,25.4,8.0,1.0,10.0,28.0,5.2,32.0,23.9,4.0,15.0,19.0,309.0,45.0,703.0
1991-07-01,0.0,0.0,2.0,0.0,0.0,1.5,0.0,0.0,0.0,1.0,5.8,32.0,5.2,29.0,27.9,1.0,17.0,21.0,159.0,15.0,500.0
1991-08-01,1.0,1.0,3.0,0.0,0.0,0.0,0.0,4.8,2.0,19.0,6.1,15.0,5.2,27.0,37.1,15.0,17.0,29.0,236.0,21.0,291.0
1991-09-01,28.0,42.0,4.0,13.0,16.3,21.4,0.0,1.5,2.0,15.0,11.5,231.0,5.2,51.0,53.7,84.0,71.0,35.0,270.0,70.0,476.0
1991-10-01,75.0,33.0,14.0,45.0,26.3,49.3,40.0,15.3,50.7,93.0,32.5,84.0,5.2,138.0,81.1,82.0,197.0,130.0,563.0,237.0,752.0
1991-11-01,52.0,30.0,17.0,44.0,69.9,83.6,59.0,43.0,61.4,95.0,82.0,165.0,79.0,171.0,102.6,91.0,115.0,162.0,416.0,188.0,828.0
1991-12-01,155.0,161.0,33.0,41.0,109.9,99.0,68.0,21.1,65.4,153.0,56.5,427.0,51.9,254.0,91.6,113.0,190.0,246.0,452.0,236.0,799.0
1992-01-01,190.0,276.0,128.0,99.0,144.2,114.1,117.0,48.6,81.0,142.0,95.5,384.0,53.4,274.0,70.9,111.0,225.0,227.0,718.0,298.0,1270.0
1992-02-01,133.0,88.0,145.0,61.0,92.7,102.4,124.0,65.5,45.4,90.5,77.3,125.0,79.0,324.0,73.2,159.0,248.0,328.0,659.0,210.0,511.0
1992-03-01,93.0,137.0,111.0,103.0,49.1,104.0,45.0,23.3,31.7,96.0,40.5,111.0,40.1,257.0,109.3,151.0,248.0,168.0,1086.0,278.0,541.0
1992-04-01,29.0,82.0,41.0,42.0,14.9,14.9,10.0,18.5,22.6,46.7,9.5,51.0,50.8,104.0,68.5,97.0,48.0,211.0,264.0,102.0,447.0
1992-05-01,0.0,5.0,10.0,9.0,3.7,0.0,0.0,20.2,0.0,11.1,0.0,32.0,5.2,6.0,22.5,23.0,4.0,21.0,226.0,132.0,304.0
1992-06-01,0.0,0.0,3.0,2.0,33.6,19.4,1.0,2.1,3.0,3.4,40.5,1.0,5.2,3.0,15.6,3.0,2.0,30.0,344.0,28.0,243.0
1992-07-01,48.0,5.0,3.0,4.0,0.0,0.0,0.0,12.2,3.9,4.1,0.0,0.0,5.2,24.0,17.7,17.0,37.0,37.0,531.0,56.0,268.0
1992-08-01,23.0,14.0,15.0,20.0,25.9,21.4,6.0,24.3,13.3,15.5,32.0,6.0,35.0,99.0,22.4,14.0,31.0,37.0,164.0,52.0,212.0
1992-09-01,29.0,44.0,0.0,19.0,0.0,8.0,1.0,0.0,4.0,6.5,1.5,5.0,18.2,154.0,30.9,65.0,57.0,185.0,236.0,55.0,107.0
1992-10-01,68.0,29.0,44.0,63.0,43.0,50.7,47.0,38.8,32.0,92.3,22.5,82.0,55.9,147.0,45.1,107.0,209.0,77.0,520.0,288.0,652.0
1992-11-01,134.0,130.0,90.0,97.0,87.9,117.4,71.0,33.7,91.8,89.0,60.0,61.0,70.2,92.0,56.1,265.0,134.0,135.0,550.0,293.0,457.0
1992-12-01,70.0,40.0,118.0,54.0,43.3,57.0,162.0,24.1,73.0,73.0,27.0,107.0,107.5,145.0,79.8,369.0,69.0,330.0,372.0,67.0,734.0
1993-01-01,241.0,301.0,119.0,163.0,158.2,206.7,227.3,226.0,178.9,206.8,128.0,238.0,164.5,387.0,257.0,89.0,379.0,394.0,826.0,60.0,828.0
1993-02-01,36.0,268.0,90.0,87.0,102.8,110.5,222.8,131.0,82.9,125.0,82.0,277.0,113.2,330.0,164.0,160.0,389.0,308.0,670.0,300.0,831.0
1993-03-01,163.0,241.0,122.0,116.0,77.8,75.8,22.3,62.1,12.4,102.5,57.5,220.0,119.4,249.0,197.0,186.0,159.0,254.0,789.0,225.0,769.0
1993-04-01,122.0,91.0,26.0,57.0,16.4,18.8,29.6,27.2,36.0,31.5,39.0,10.0,83.9,128.0,72.0,93.0,83.0,269.0,424.0,215.0,349.0
1993-05-01,5.0,14.0,4.0,0.0,2.3,0.9,0.0,24.6,8.2,0.0,2.0,79.0,6.4,88.0,54.0,57.0,87.0,131.0,557.0,221.0,186.0
1993-06-01,10.0,4.0,0.0,1.0,2.1,0.0,0.0,0.0,4.2,2.0,0.0,0.0,0.0,44.0,37.0,0.0,24.0,67.0,390.0,116.0,44.0
1993-07-01,14.0,5.0,2.0,2.0,0.0,2.7,0.0,4.8,8.2,6.0,2.5,0.0,5.1,25.0,1.0,1.0,95.0,73.0,605.0,160.0,261.0
1993-08-01,33.0,31.0,22.0,10.0,49.1,6.9,0.0,65.1,14.2,12.0,28.0,44.0,38.8,38.0,27.0,21.0,8.0,44.0,88.0,4.0,257.0
1993-09-01,52.0,15.0,10.0,27.0,11.2,18.0,0.0,40.4,3.0,16.5,4.0,130.0,0.0,63.0,83.0,93.0,104.0,47.0,336.0,145.0,470.0
1993-10-01,70.0,105.0,38.0,66.0,31.2,46.2,57.7,26.3,18.2,87.0,30.0,103.0,40.1,194.0,55.0,152.0,79.0,78.0,431.0,118.0,412.0
1993-11-01,187.0,153.0,78.0,136.0,57.9,111.9,107.3,72.1,87.0,81.0,79.0,103.0,134.0,242.0,79.0,107.0,58.0,293.0,335.0,108.0,393.0
1993-12-01,182.0,137.0,128.0,114.0,177.2,201.5,326.9,160.2,109.8,186.7,120.0,46.0,164.6,234.0,168.0,153.0,146.0,299.0,493.0,158.0,515.0
1994-01-01,122.0,208.0,73.0,127.0,104.9,177.0,272.2,133.3,167.2,166.0,117.0,323.0,167.6,394.0,321.0,292.0,226.0,381.0,538.0,84.0,1219.0
1994-02-01,110.0,173.0,139.0,144.0,143.7,163.9,214.5,123.4,118.0,151.5,96.6,324.0,81.3,330.0,168.0,189.0,186.0,333.0,625.0,230.0,978.0
1994-03-01,112.0,154.0,98.0,128.0,110.7,173.9,218.9,69.2,151.6,125.0,110.0,88.0,61.7,259.0,181.0,183.0,200.0,176.0,889.0,238.0,564.0
1994-04-01,53.0,75.0,25.0,75.0,41.6,45.5,103.6,67.9,59.8,47.5,34.5,61.0,19.0,127.0,74.0,96.0,285.0,271.0,786.0,354.0,227.0
1994-05-01,24.0,3.0,13.0,19.0,8.2,11.8,0.0,2.2,5.3,5.5,1.0,12.0,0.0,78.0,43.0,28.0,35.0,122.0,454.0,126.0,493.0
1994-06-01,42.0,0.0,0.0,0.0,0.0,0.0,0.0,0.0,0.0,0.0,6.7,20.0,0.0,34.0,0.0,1.0,29.0,89.0,422.0,132.0,437.0
1994-07-01,0.0,0.0,0.0,0.0,0.0,0.0,0.0,0.0,0.0,0.0,7.1,3.0,0.0,27.0,33.0,0.0,46.0,65.0,365.0,67.0,219.0
1994-08-01,1.0,0.0,0.0,1.0,2.5,0.0,0.0,0.0,0.0,1.0,7.5,0.0,0.0,27.0,1.0,15.0,3.0,78.0,88.0,2.0,98.0
1994-09-01,43.0,5.0,48.0,9.0,29.0,25.7,22.2,14.7,12.4,25.5,23.5,33.0,0.0,94.0,14.0,105.0,117.0,143.0,277.0,152.0,233.0
1994-10-01,0.0,16.0,76.0,51.0,47.4,40.2,108.0,55.6,52.6,68.5,51.5,427.0,229.3,224.0,154.0,235.0,244.0,182.0,455.0,333.0,797.0
1994-11-01,26.0,75.0,50.0,81.0,35.6,40.5,139.1,36.6,13.2,88.0,29.5,162.0,95.6,136.0,57.0,114.0,144.0,223.0,439.0,215.0,612.0
1994-12-01,118.0,122.0,74.0,127.0,161.7,119.9,208.6,130.3,158.6,116.5,151.5,125.0,156.1,221.0,100.0,178.0,173.0,318.0,594.0,210.0,597.0
1995-01-01,183.0,157.0,99.0,107.0,100.7,122.0,217.4,38.1,98.9,133.0,72.2,367.0,129.1,312.0,216.0,217.0,144.0,450.0,384.0,197.0,1365.0
1995-02-01,130.0,168.0,74.0,105.0,66.5,94.8,79.9,131.2,79.5,108.5,42.1,317.0,89.7,346.0,96.0,172.0,71.0,204.0,551.0,163.0,1016.0
1995-03-01,51.0,132.0,162.0,131.0,156.6,95.3,159.8,208.1,80.0,127.0,81.3,322.0,139.5,556.0,220.0,185.0,325.0,534.0,578.0,336.0,1025.0
1995-04-01,16.0,57.0,22.0,64.0,31.9,17.8,8.9,17.4,7.2,37.0,10.9,58.0,34.5,157.0,96.0,98.0,52.0,140.0,310.0,186.0,613.0
1995-05-01,19.0,1.0,9.0,3.0,9.6,0.0,0.0,21.8,4.2,13.5,2.2,105.0,6.8,88.0,74.0,98.0,22.0,101.0,169.0,164.0,473.0
1995-06-01,0.0,0.0,0.0,1.0,0.0,0.0,0.0,0.0,0.0,0.0,1.0,39.0,0.0,13.0,5.0,0.0,8.0,17.0,326.0,60.0,370.0
1995-07-01,0.0,1.0,0.0,3.0,0.0,0.6,0.0,4.1,0.0,5.5,0.3,4.0,0.0,16.0,65.0,2.0,45.0,16.0,447.0,107.0,324.0
1995-08-01,0.0,9.0,0.0,0.0,0.0,1.2,0.0,0.3,0.0,1.5,0.0,4.0,0.0,66.0,0.0,18.0,34.0,13.0,174.0,17.0,268.0
1995-09-01,12.0,14.0,0.0,17.0,9.9,28.8,29.6,28.7,12.2,36.0,14.5,118.0,5.9,45.0,52.0,147.0,72.0,39.0,468.0,131.0,453.0
1995-10-01,54.0,22.0,10.0,36.0,10.1,26.7,23.7,40.2,24.2,9.0,35.1,96.0,4.4,217.0,31.0,108.0,230.0,157.0,546.0,323.0,699.0
1995-11-01,132.0,43.0,25.0,92.0,75.6,70.2,62.7,42.5,18.2,126.0,55.0,120.0,105.8,211.0,59.0,128.0,168.0,199.0,450.0,257.0,485.0
1995-12-01,116.0,98.0,65.0,117.0,77.0,102.6,205.6,48.4,51.6,161.0,95.5,129.0,119.2,210.0,89.0,199.0,197.0,277.0,564.0,235.0,608.0
1996-01-01,231.0,177.0,95.0,121.0,118.9,131.9,295.8,209.5,117.6,200.5,88.4,303.0,120.9,225.0,149.6,33.0,248.0,257.0,627.0,83.0,1032.0
1996-02-01,215.0,163.0,134.0,112.0,125.6,98.0,136.1,109.8,69.3,91.5,77.5,259.0,165.8,273.0,206.8,161.0,219.0,336.0,546.0,286.0,891.0
1996-03-01,165.0,117.0,114.0,155.0,64.8,70.5,114.4,76.6,44.4,114.6,50.6,457.0,77.1,255.0,103.0,154.0,193.0,289.0,834.0,239.0,1140.0
1996-04-01,88.0,61.0,62.0,43.0,25.8,32.3,78.9,52.2,69.3,55.5,53.6,47.0,48.7,143.0,76.7,121.0,94.0,84.0,481.0,215.0,586.0
1996-05-01,15.0,17.0,29.0,16.0,1.2,11.0,5.3,8.6,12.1,17.0,13.2,35.0,0.8,64.0,36.2,30.0,55.0,25.0,450.0,156.0,421.0
1996-06-01,0.0,0.0,0.0,0.0,0.0,0.0,0.0,0.0,0.0,0.0,0.4,4.0,0.0,13.0,6.5,1.0,6.0,1.0,354.0,49.0,232.0
1996-07-01,11.0,0.0,2.0,0.0,0.0,0.0,0.0,0.0,0.0,0.0,0.1,0.0,0.0,23.0,8.6,2.0,26.0,15.0,262.0,30.0,224.0
1996-08-01,6.0,4.0,19.0,12.0,22.4,6.3,24.4,22.0,21.6,28.8,11.6,95.0,21.4,76.0,37.3,7.0,22.0,30.0,224.0,45.0,516.0
1996-09-01,33.0,10.0,15.0,25.0,16.5,19.6,12.0,12.6,11.1,32.3,5.0,2.0,17.9,114.0,40.8,45.0,72.0,125.0,351.0,65.0,228.0
1996-10-01,43.0,25.0,29.0,54.0,29.6,38.1,86.2,44.2,52.5,108.0,35.1,294.0,64.1,184.0,71.2,142.0,220.0,123.0,538.0,349.0,1120.0
1996-11-01,116.0,42.0,135.0,62.0,40.4,57.9,96.0,38.8,47.5,79.5,46.9,175.0,62.2,151.0,86.9,75.0,132.0,46.0,440.0,229.0,600.0
1996-12-01,174.0,158.0,133.0,116.0,112.1,86.0,233.7,94.4,65.4,155.0,73.8,86.0,63.7,157.0,75.2,100.0,148.0,128.0,587.0,164.0,533.0
1997-01-01,235.0,259.0,149.0,227.0,115.3,123.3,277.9,89.0,131.8,171.6,88.6,179.0,171.3,310.0,214.5,162.0,259.0,463.0,586.0,174.0,1097.7
1997-02-01,215.0,159.0,146.0,174.0,132.6,127.7,199.0,181.0,122.5,194.0,124.7,157.0,136.6,223.0,271.9,213.0,179.0,436.0,449.0,423.0,864.9
1997-03-01,190.0,185.0,136.0,177.0,121.9,104.8,230.0,76.2,99.5,190.5,98.5,108.0,115.1,216.0,138.2,232.0,200.0,182.0,849.0,244.0,824.2
1997-04-01,84.0,83.0,16.0,50.0,11.3,31.0,62.1,5.7,4.1,23.0,8.5,84.0,21.2,137.0,89.6,105.0,61.0,91.0,311.0,227.0,576.1
1997-05-01,37.0,5.0,17.0,3.0,5.1,4.8,0.0,1.4,2.9,16.0,1.3,50.0,18.2,7.0,39.8,25.0,17.0,66.0,288.0,102.0,364.4
1997-06-01,0.0,0.0,0.0,0.0,0.0,0.0,0.0,0.0,0.0,0.0,5.5,8.0,0.0,42.0,23.1,5.0,26.0,67.0,363.0,107.0,388.1
1997-07-01,1.0,0.0,0.0,5.0,0.0,0.0,0.0,0.0,0.0,5.0,0.0,0.0,0.0,12.0,4.2,18.0,30.0,9.0,293.0,66.0,460.3
1997-08-01,25.0,14.0,13.0,15.0,4.0,7.1,0.0,29.3,20.1,12.5,8.3,24.0,19.2,90.0,62.0,21.0,37.0,9.0,264.0,48.0,348.9
1997-09-01,29.0,39.0,4.0,9.0,8.8,12.3,0.0,28.2,18.1,7.5,6.2,47.0,4.7,102.0,92.8,105.0,54.0,75.0,400.0,64.0,254.9
1997-10-01,45.0,28.0,38.0,45.0,22.4,44.4,76.2,12.1,13.5,83.0,10.1,43.0,14.2,106.0,101.3,106.0,134.0,127.0,621.0,114.0,651.9
1997-11-01,116.0,82.0,53.0,136.0,84.6,201.5,239.6,94.8,108.9,135.8,73.0,118.0,91.3,201.0,123.1,69.0,127.0,223.0,437.0,157.0,541.9
1997-12-01,134.0,122.0,70.0,65.0,63.5,148.4,159.0,99.6,97.8,79.0,84.9,152.0,129.3,335.0,146.6,90.0,320.0,163.0,639.0,313.0,1128.9
1998-01-01,302.0,219.0,102.0,102.0,73.8,116.3,235.9,126.1,129.8,141.0,54.7,248.0,176.0,265.3,171.5,385.0,198.0,402.0,593.0,248.0,1131.4
1998-02-01,221.0,176.0,140.0,131.0,129.4,156.2,194.1,103.3,98.7,130.3,73.2,101.0,106.6,276.5,152.4,269.0,145.0,408.0,508.0,234.0,1041.2
1998-03-01,135.0,90.0,133.0,98.0,62.7,22.6,115.7,80.5,38.2,136.8,26.7,46.0,85.7,270.4,244.9,222.0,206.0,270.0,825.0,242.0,947.5
1998-04-01,53.0,38.0,24.0,15.0,10.7,31.0,56.2,7.8,21.6,17.5,10.4,143.0,12.7,146.7,90.5,103.0,121.0,151.0,494.0,377.0,1107.2
1998-05-01,55.0,0.0,0.0,0.0,0.0,1.6,0.0,0.0,4.2,0.0,4.0,0.0,2.2,50.5,4.2,28.0,82.0,107.0,584.0,102.0,226.7
1998-06-01,5.0,1.0,8.0,0.0,15.2,1.9,0.0,26.1,3.0,0.0,0.7,2.0,3.9,35.7,6.0,3.0,18.0,56.0,374.0,51.0,207.4
1998-07-01,68.0,0.0,0.0,0.0,0.0,3.3,0.0,0.0,0.0,0.0,0.0,0.0,0.0,47.9,0.0,11.0,18.0,44.0,199.0,14.0,271.4
1998-08-01,3.0,9.0,1.0,6.0,0.0,1.6,0.0,0.0,0.8,0.0,0.4,31.0,1.7,57.7,1.8,19.0,28.0,40.0,260.0,38.0,459.7
1998-09-01,10.0,5.0,1.0,2.0,0.0,4.3,0.0,0.0,13.5,1.0,1.7,86.0,2.2,32.7,88.1,105.0,43.0,50.0,200.0,44.0,263.1
1998-10-01,26.0,80.0,69.0,92.0,31.9,49.8,129.4,30.2,64.0,72.0,22.2,59.0,35.1,176.8,107.2,144.0,96.0,158.0,370.0,230.0,848.9
1998-11-01,65.0,73.0,92.0,74.0,58.8,34.6,113.2,55.7,50.9,104.5,49.7,126.0,35.8,152.9,59.0,90.0,71.0,91.0,418.0,179.0,970.5
1998-12-01,39.0,90.0,45.0,93.0,61.1,58.9,128.7,69.9,51.3,115.0,47.0,406.0,99.3,212.4,173.5,110.0,154.0,185.0,502.0,178.0,494.2
1999-01-01,186.0,164.0,103.0,133.0,124.3,89.3,252.2,109.4,93.2,173.5,124.2,328.0,182.3,451.5,271.8,199.0,284.0,593.0,696.0,238.0,1059.8
1999-02-01,158.0,179.0,145.0,145.0,120.4,92.2,118.6,190.5,122.3,140.6,122.3,352.0,171.1,473.9,538.0,183.0,237.0,402.0,887.0,209.0,844.5
1999-03-01,196.0,181.0,124.0,83.0,102.2,92.0,205.3,92.2,51.5,84.2,66.1,629.0,119.8,299.2,272.0,281.0,214.0,555.0,884.0,249.0,1077.4
1999-04-01,82.0,146.0,57.0,86.0,40.0,42.8,50.3,83.4,28.3,93.3,29.6,39.0,60.0,227.6,271.3,116.0,76.0,198.0,540.0,129.0,429.0
1999-05-01,25.0,7.0,9.0,18.0,0.0,1.3,0.0,0.0,4.9,9.2,17.5,26.0,8.1,189.1,60.4,76.0,80.0,237.0,154.0,116.0,401.2
1999-06-01,3.0,2.0,0.0,3.0,0.0,3.4,0.0,0.0,4.8,0.0,0.8,1.0,3.8,27.8,10.6,1.0,12.0,30.0,281.0,63.0,264.0
1999-07-01,0.0,0.0,2.0,0.0,3.2,1.0,0.0,0.0,2.6,1.6,0.1,0.0,2.0,33.9,21.1,20.0,41.0,21.0,186.0,40.0,588.6
1999-08-01,0.0,2.0,0.0,0.0,0.0,0.0,0.0,0.0,0.0,0.0,0.0,17.0,0.0,16.6,0.0,39.0,29.0,31.0,246.0,10.0,72.2
1999-09-01,33.0,29.0,22.0,44.0,33.8,43.1,15.5,43.6,30.0,19.1,23.7,8.0,27.7,116.5,22.7,110.0,76.0,62.0,528.0,141.0,452.1
1999-10-01,161.0,90.0,15.0,24.0,14.0,18.8,63.6,42.4,17.7,34.4,20.3,66.0,64.9,119.6,67.0,171.0,156.0,176.0,629.0,94.0,157.3
1999-11-01,170.0,21.0,46.0,39.0,26.2,39.7,28.9,1.5,40.2,40.7,52.2,79.0,65.1,148.3,52.9,146.0,66.0,178.0,363.0,134.0,661.3
1999-12-01,148.0,116.0,106.0,127.0,127.4,119.5,170.9,82.5,105.9,106.3,125.5,128.0,107.0,193.2,132.9,130.0,97.0,162.0,390.0,89.0,720.3
2000-01-01,141.0,241.0,198.0,110.0,169.3,197.4,210.8,238.3,159.8,119.2,172.0,251.0,202.8,395.4,315.4,360.0,226.7,346.0,474.5,18.0,688.2
2000-02-01,44.0,185.0,83.0,180.0,110.5,137.3,267.0,191.5,105.4,184.2,92.9,191.0,180.5,339.5,243.7,313.0,201.2,272.0,500.9,325.0,512.5
2000-03-01,89.0,128.0,62.0,122.0,107.7,119.5,143.5,135.6,58.7,112.0,87.3,71.0,85.8,265.1,180.4,219.0,217.1,247.0,508.3,243.0,824.7
2000-04-01,35.0,18.0,5.0,16.0,20.1,10.9,0.0,37.0,2.2,30.6,6.5,115.0,22.2,207.2,74.2,118.0,56.1,162.0,389.0,499.0,519.3
2000-05-01,20.0,24.0,0.0,7.0,2.0,2.6,0.0,18.2,9.1,7.5,6.4,12.0,7.1,75.3,20.1,54.0,21.4,85.0,467.7,164.0,234.0
2000-06-01,226.0,5.0,5.0,6.0,1.8,5.8,0.0,10.2,3.7,14.8,8.8,4.0,11.2,132.2,56.3,4.0,59.0,59.0,356.0,98.0,873.4
2000-07-01,0.0,9.0,0.0,4.0,6.4,2.7,0.0,0.0,0.0,6.0,0.8,8.0,16.0,36.0,1.4,35.0,30.2,34.0,179.3,74.0,337.2
2000-08-01,1.0,12.0,2.0,2.0,6.6,4.5,0.0,5.2,2.0,16.1,0.1,12.0,14.1,125.2,37.2,14.0,33.2,53.0,484.6,63.0,633.3
2000-09-01,47.0,8.0,18.0,19.0,23.7,10.7,0.0,2.7,4.4,22.5,15.6,2.0,15.5,142.5,35.3,110.0,52.2,122.0,496.7,31.0,351.7
2000-10-01,20.0,116.0,104.0,76.0,56.3,49.3,77.7,59.5,41.6,92.3,62.9,56.0,51.5,183.5,50.3,100.0,48.8,152.0,530.7,265.0,358.3
2000-11-01,4.0,23.0,10.0,25.0,14.9,29.3,96.1,0.0,11.0,41.3,18.7,98.0,40.5,113.2,34.7,97.0,53.2,108.0,433.1,254.0,657.2
2000-12-01,33.0,104.0,115.0,93.0,57.2,82.0,114.5,52.7,70.6,138.1,76.0,359.0,124.9,191.6,85.0,103.0,141.0,108.0,513.0,158.0,581.8
2001-01-01,224.0,266.0,195.0,213.0,265.3,233.0,342.6,208.3,211.2,246.0,167.2,209.0,197.2,292.0,288.4,124.0,256.8,321.0,803.0,15.7,1216.8
2001-02-01,122.0,126.0,86.0,158.0,153.9,173.1,229.1,156.1,136.4,159.6,86.9,258.0,68.5,308.8,246.6,161.0,235.2,197.0,556.2,328.6,995.1
2001-03-01,199.0,181.0,96.0,177.0,126.9,137.4,213.6,163.0,152.2,180.9,102.2,170.0,127.9,393.3,222.9,216.0,176.7,250.0,624.0,340.3,1112.6
2001-04-01,55.0,48.0,24.0,55.0,62.1,36.4,4.9,95.7,19.9,45.2,7.2,24.0,23.3,93.5,48.1,139.0,57.1,131.0,479.2,78.3,543.9
2001-05-01,9.0,24.0,2.0,26.0,22.6,11.5,0.0,10.3,12.1,15.7,8.4,165.0,13.5,81.5,42.1,25.0,54.0,25.0,214.3,110.7,456.7
2001-06-01,0.0,0.0,1.0,1.0,0.0,0.0,0.0,0.0,0.0,3.3,0.0,14.0,0.0,98.8,8.2,5.0,40.1,79.0,252.1,93.4,274.2
2001-07-01,109.0,4.0,17.0,14.0,18.0,17.4,0.0,12.9,19.4,21.3,16.9,10.0,12.6,61.5,39.1,19.0,33.3,22.0,282.3,123.6,797.8
2001-08-01,8.0,0.0,14.0,11.0,24.9,10.2,0.0,35.4,5.6,15.8,11.6,159.0,23.1,50.6,30.1,10.0,14.4,31.0,159.9,7.2,171.6
2001-09-01,25.0,22.0,24.0,35.0,17.0,20.6,0.0,2.2,8.0,18.9,10.0,6.0,4.0,94.4,25.8,93.0,102.2,80.0,297.0,105.0,412.4
2001-10-01,86.0,51.0,39.0,48.0,98.4,38.3,88.9,71.8,50.0,84.0,72.9,119.0,48.5,155.7,89.6,147.0,141.4,86.0,492.6,227.3,554.7
2001-11-01,231.0,64.0,60.0,76.0,67.8,96.8,84.9,75.4,77.4,81.3,64.2,181.0,81.1,230.1,89.7,83.0,75.3,242.0,530.5,212.2,836.0
2001-12-01,61.0,69.0,76.0,134.0,74.3,89.4,108.7,53.9,102.0,198.3,62.1,394.0,69.3,262.5,110.6,107.0,117.9,380.0,500.2,290.5,736.3
2002-01-01,214.0,156.0,139.0,155.0,102.5,134.5,184.6,100.9,90.6,128.0,126.3,354.0,114.3,212.7,119.2,29.0,303.2,362.0,455.0,166.7,568.7
2002-02-01,164.0,150.0,121.0,205.0,176.9,184.6,351.9,166.3,161.4,236.1,117.8,264.0,158.8,358.5,195.4,148.0,202.8,509.0,649.8,333.8,1087.7
2002-03-01,63.0,132.0,127.0,146.0,144.8,112.7,193.9,134.6,106.1,174.2,78.3,179.0,107.2,359.5,200.2,179.0,159.4,625.0,813.9,235.3,1071.5
2002-04-01,57.0,56.0,30.0,126.0,62.0,21.6,38.3,84.9,35.8,69.0,50.1,33.0,87.4,282.8,45.3,111.0,79.2,217.0,500.7,283.1,320.7
2002-05-01,6.0,30.0,3.0,33.0,8.3,16.2,6.8,0.0,6.6,13.7,5.8,111.0,15.0,43.1,32.4,24.0,52.2,11.0,456.5,82.0,668.6
2002-06-01,12.0,1.0,6.0,0.0,13.0,2.5,0.0,7.3,4.3,0.6,5.0,4.0,7.2,65.2,15.6,5.0,31.7,37.0,342.3,90.0,511.2
2002-07-01,0.0,16.0,12.0,26.0,34.8,27.1,0.8,59.6,46.6,27.8,62.7,0.0,32.2,144.1,69.3,20.0,82.3,33.0,431.0,77.4,265.6
2002-08-01,12.0,11.0,1.0,5.0,9.1,3.7,1.2,5.7,3.3,17.3,1.8,29.0,12.9,50.7,71.9,23.0,36.3,33.0,157.5,23.8,337.4
2002-09-01,48.0,23.0,10.0,37.0,25.4,10.3,17.3,18.2,10.9,62.3,2.5,19.0,27.4,121.5,36.0,143.0,56.5,79.0,283.9,80.2,390.1
2002-10-01,79.0,116.0,64.0,76.0,67.3,78.7,64.5,33.5,39.4,65.5,64.5,254.0,102.4,231.4,89.0,185.0,256.9,153.0,431.5,373.8,518.3
2002-11-01,93.0,92.0,80.0,87.0,92.8,97.8,142.0,53.2,91.6,108.4,52.1,166.0,108.0,193.5,108.5,124.0,140.2,115.0,401.9,228.2,711.5
2002-12-01,127.0,105.0,103.0,141.0,149.4,132.4,204.6,124.4,127.9,121.9,135.5,536.0,106.0,364.5,219.9,216.0,280.6,215.0,722.0,365.4,991.4
2003-01-01,100.0,153.0,178.0,129.0,120.4,163.9,217.0,119.7,114.4,167.2,96.9,312.0,168.2,310.4,163.1,167.0,227.6,371.0,527.0,308.6,1363.8
2003-02-01,118.0,124.0,96.0,132.0,142.6,135.5,218.6,146.9,108.7,164.4,74.3,142.0,239.4,333.9,185.3,249.0,276.9,316.0,885.9,289.0,870.3
2003-03-01,148.0,165.0,138.0,160.0,133.4,142.9,206.7,116.2,110.7,150.6,124.3,102.0,198.1,463.9,199.1,358.0,283.3,311.0,679.8,312.7,1081.7
2003-04-01,66.0,25.0,68.0,60.0,15.7,56.5,48.1,50.6,15.8,63.5,12.9,36.0,43.3,154.4,109.0,134.0,92.4,164.0,533.7,343.0,488.5
2003-05-01,4.0,4.0,3.0,19.0,10.3,2.0,0.0,13.2,4.4,16.4,4.3,189.0,6.3,70.8,18.6,31.0,90.9,59.0,377.7,205.3,264.6
2003-06-01,0.0,2.0,6.0,7.0,9.2,6.4,0.0,0.0,6.8,8.7,8.4,28.0,2.0,53.5,8.3,2.0,22.7,44.0,394.9,245.7,332.6
2003-07-01,0.0,0.0,0.0,0.0,2.5,0.0,0.0,0.0,0.0,0.0,1.2,11.0,0.4,39.8,5.9,14.0,4.2,62.0,315.7,40.8,371.2
2003-08-01,50.0,8.0,14.0,8.0,25.5,21.3,0.0,17.2,23.6,6.0,18.0,27.0,14.4,97.6,113.5,11.0,80.4,88.0,289.3,84.9,256.3
2003-09-01,23.0,29.0,17.0,2.0,4.8,3.7,0.0,11.5,4.0,17.1,1.0,186.0,18.6,88.8,71.6,86.0,20.9,52.0,377.6,40.7,148.2
2003-10-01,73.0,18.0,22.0,37.0,15.7,34.6,69.7,29.1,31.7,64.4,31.7,86.0,33.0,113.2,47.3,129.0,198.2,55.0,581.6,357.8,469.7
2003-11-01,24.0,29.0,11.0,27.0,17.8,23.1,29.9,31.5,18.3,50.2,32.5,108.0,112.0,135.5,49.4,164.0,86.5,194.0,473.3,139.5,604.9
2003-12-01,106.0,118.0,100.0,126.0,123.5,123.8,212.6,134.6,120.9,110.0,94.4,378.0,145.2,295.8,176.4,271.0,306.6,385.0,664.7,310.3,1145.6
2004-01-01,301.0,207.0,161.0,163.0,169.7,173.7,253.7,162.4,149.9,260.9,123.9,126.0,123.8,385.6,179.7,111.0,234.2,417.0,456.0,287.7,423.6
2004-02-01,158.0,119.0,109.0,191.0,106.5,125.8,298.4,77.8,109.2,175.4,87.2,198.0,134.1,320.2,153.4,173.0,194.1,316.0,571.0,192.9,803.5
2004-03-01,158.0,105.0,54.0,80.0,91.6,66.5,57.4,99.0,95.6,81.5,75.3,29.0,67.7,213.2,125.7,204.0,187.5,201.0,827.0,209.9,552.4
2004-04-01,43.0,50.0,35.0,47.0,28.5,21.0,6.8,24.0,15.8,51.2,14.2,174.0,47.9,159.6,24.9,101.0,143.1,70.0,675.0,293.5,655.4
2004-05-01,9.0,7.0,4.0,8.0,17.2,2.4,0.0,9.8,2.0,25.4,1.5,35.0,17.9,78.8,43.0,46.0,27.7,105.0,359.0,179.9,380.3
2004-06-01,3.0,4.0,5.0,7.0,28.2,20.5,0.0,4.1,16.4,10.2,30.6,2.0,3.0,43.7,19.7,3.0,21.5,25.0,314.0,51.2,464.3
2004-07-01,3.0,11.0,10.0,4.0,27.9,17.0,0.0,41.0,10.3,8.9,21.5,4.0,14.5,145.9,59.4,3.0,31.8,61.0,381.0,32.9,388.4
2004-08-01,15.0,16.0,18.0,12.0,14.7,9.0,0.0,45.1,6.9,16.9,10.3,4.0,12.4,92.5,44.3,10.0,30.2,195.0,248.0,88.2,248.4
2004-09-01,26.0,26.0,17.0,52.0,48.0,21.7,24.3,13.8,32.5,71.5,6.2,6.0,43.9,70.4,55.1,80.0,59.0,49.0,235.0,67.9,250.6
2004-10-01,48.0,18.0,30.0,29.0,55.4,25.6,61.8,26.3,25.9,57.2,39.9,78.0,46.9,141.4,122.8,135.0,174.8,141.0,427.0,64.1,698.1
2004-11-01,101.0,51.0,60.0,92.0,69.9,60.9,53.0,35.4,43.0,67.2,34.5,69.0,75.8,143.2,119.6,192.0,103.5,149.0,425.0,128.2,651.6
2004-12-01,123.0,173.0,110.0,98.0,91.3,87.9,192.5,111.5,94.3,164.0,78.7,212.0,171.7,225.8,94.6,286.0,183.7,263.0,518.0,153.2,838.4
2005-01-01,136.0,83.0,92.0,66.0,60.2,140.8,140.5,69.5,127.0,85.8,47.6,280.0,77.7,165.7,115.2,74.0,198.5,268.0,738.2,111.2,881.6
2005-02-01,126.0,303.0,141.0,179.0,147.4,108.5,131.8,142.9,76.9,130.3,97.0,133.0,97.9,313.8,133.2,157.0,155.9,332.0,574.9,168.8,557.3
2005-03-01,144.0,118.0,86.0,120.0,104.2,120.2,115.4,88.4,69.1,148.0,62.7,112.0,102.0,278.0,186.3,199.0,184.3,258.0,726.2,222.1,463.6
2005-04-01,44.0,52.0,15.0,45.0,36.7,33.1,7.9,27.5,29.6,52.0,20.8,58.0,28.7,146.6,95.9,127.0,80.4,143.0,670.3,366.6,308.0
2005-05-01,3.0,0.0,8.0,4.0,2.8,3.2,0.0,0.0,0.0,2.1,6.2,13.0,2.7,26.2,34.0,36.0,5.5,47.0,574.9,104.2,434.2
2005-06-01,1.0,0.0,0.0,0.0,0.0,0.4,0.0,0.0,0.0,0.0,0.0,57.0,0.0,2.0,7.4,0.0,1.8,3.0,397.5,33.2,642.1
2005-07-01,82.0,1.0,0.0,3.0,1.5,1.2,0.0,0.0,1.5,0.2,1.6,13.0,11.2,45.2,56.1,1.0,7.2,9.0,112.7,8.6,120.8
2005-08-01,26.0,2.0,8.0,0.0,5.6,4.0,0.0,1.0,3.7,4.3,1.9,20.0,2.1,14.0,10.5,22.0,45.2,13.0,330.2,22.6,275.2
2005-09-01,22.0,7.0,1.0,8.0,9.9,4.5,0.0,12.8,4.1,2.6,11.7,39.0,8.7,65.4,42.3,74.0,71.2,61.0,303.6,43.1,231.3
2005-10-01,35.0,65.0,56.0,48.0,27.5,39.1,37.4,14.2,18.0,74.2,10.9,108.0,31.5,188.2,70.8,88.0,105.5,148.0,554.7,231.0,1009.7
2005-11-01,123.0,80.0,74.0,75.0,77.7,59.3,116.3,33.2,50.5,101.5,51.1,70.0,66.9,137.5,21.5,126.0,67.3,121.0,524.4,344.8,483.0
2005-12-01,181.0,102.0,97.0,93.0,98.7,102.5,129.6,67.3,58.6,105.7,82.0,305.0,141.4,313.5,181.4,183.0,256.6,287.0,437.8,240.6,518.5
2006-01-01,278.0,261.0,148.0,151.0,172.6,203.4,273.4,176.0,170.7,163.7,111.8,336.0,183.0,335.6,173.9,217.0,336.7,500.0,735.6,172.0,773.9
2006-02-01,177.0,143.0,137.0,121.0,108.0,155.5,170.1,76.6,82.2,232.3,92.8,274.0,116.9,215.0,157.0,230.0,295.6,349.0,371.3,176.0,456.6
2006-03-01,168.0,179.0,67.0,93.0,161.5,145.9,169.4,96.4,125.0,95.6,68.9,170.0,103.9,381.2,196.8,255.0,208.3,228.0,729.1,269.0,647.5
2006-04-01,42.0,81.0,86.0,99.0,70.3,40.9,106.5,33.7,34.5,140.6,33.5,34.0,77.0,211.6,121.1,132.0,126.0,133.0,465.0,377.0,417.9
2006-05-01,16.0,0.0,0.0,3.0,0.4,0.2,0.0,0.0,0.0,1.1,0.0,5.0,0.0,35.0,7.6,15.0,68.2,146.0,170.9,115.0,103.0
2006-06-01,3.0,8.0,3.0,6.0,3.3,4.9,0.0,1.2,30.0,11.1,1.9,1.0,6.0,105.0,28.9,6.0,52.8,55.0,337.1,132.0,457.4
2006-07-01,0.0,0.0,0.0,0.0,0.0,0.0,0.0,0.0,0.0,0.0,0.0,1.0,0.0,36.5,4.5,37.0,15.3,37.0,116.1,30.0,368.9
2006-08-01,65.0,9.0,3.0,10.0,14.1,10.5,0.0,13.9,14.3,7.3,4.0,9.0,1.1,48.7,28.2,55.0,43.1,57.0,261.0,45.0,62.7
2006-09-01,16.0,10.0,15.0,22.0,6.6,6.5,0.0,0.8,4.2,3.3,8.6,54.0,2.1,43.1,17.8,156.0,36.2,85.0,244.3,101.0,165.7
2006-10-01,9.0,30.0,64.0,45.0,84.6,72.5,36.0,71.1,42.7,80.2,50.1,125.0,51.4,157.2,98.9,164.0,215.8,151.0,400.5,100.0,768.1
2006-11-01,91.0,77.0,97.0,111.0,88.3,67.8,87.6,73.9,69.7,101.3,64.6,154.0,87.8,204.3,102.0,65.0,219.1,237.0,379.5,156.0,716.3
2006-12-01,178.0,151.0,147.0,101.0,117.6,147.2,134.3,140.5,116.1,148.3,82.0,293.0,119.0,259.3,189.4,48.0,281.3,315.0,609.9,227.0,955.4
2007-01-01,176.0,117.0,85.0,116.0,129.5,140.8,234.5,150.4,102.7,172.6,56.8,254.0,75.6,365.5,279.7,135.0,150.1,243.0,756.2,187.7,954.2
2007-02-01,215.0,130.0,82.0,87.0,97.4,58.7,86.4,73.7,55.8,175.6,79.0,348.0,109.1,272.7,94.7,184.0,96.7,280.0,492.1,149.1,575.4
2007-03-01,255.0,291.0,100.0,174.0,107.6,107.3,227.8,153.7,135.8,226.5,82.6,592.0,151.6,494.9,187.2,267.0,335.7,253.0,439.8,241.0,664.0
2007-04-01,186.0,75.0,31.0,45.0,31.9,93.6,42.5,53.6,42.1,77.6,42.4,11.0,19.1,219.8,151.2,143.0,175.6,265.0,597.6,458.0,636.6
2007-05-01,41.0,21.0,8.0,5.0,9.9,5.8,0.0,11.3,7.6,14.1,4.6,75.0,7.0,87.7,31.7,19.0,53.5,117.0,291.5,172.0,320.8
2007-06-01,3.0,0.0,0.0,3.0,4.4,4.2,0.0,0.0,5.2,4.7,5.0,4.0,2.2,9.3,15.3,3.0,13.8,13.0,435.4,84.0,45.6
2007-07-01,0.0,9.0,1.0,9.0,5.1,4.0,0.0,0.0,1.7,4.8,1.9,72.0,7.8,62.5,11.8,27.0,35.9,34.0,364.6,9.0,775.4
2007-08-01,4.0,0.0,0.0,0.0,1.9,0.0,0.0,2.4,0.0,0.0,0.1,1.0,1.5,28.5,33.8,42.0,13.9,22.0,276.9,42.0,106.0
2007-09-01,18.0,43.0,4.0,15.0,2.5,1.0,0.0,0.0,4.9,4.0,0.0,37.0,1.0,68.6,12.6,75.0,56.5,44.0,210.7,82.0,68.1
2007-10-01,41.0,22.0,59.0,61.0,53.7,49.4,31.8,46.2,32.7,52.5,57.4,123.0,47.4,158.3,169.7,95.0,213.8,129.0,557.4,216.0,561.6
2007-11-01,61.0,66.0,54.0,77.0,50.7,74.0,123.8,32.1,66.9,99.7,61.0,149.0,84.1,146.6,55.6,125.0,149.1,66.0,341.5,122.0,1028.1
2007-12-01,156.0,139.0,97.0,74.0,75.3,88.4,162.3,111.9,83.3,102.7,74.3,64.0,174.5,238.6,107.0,156.0,145.0,251.0,460.7,200.0,843.8
2008-01-01,281.0,220.0,152.0,137.0,151.5,108.8,176.8,145.0,154.3,158.6,98.3,347.0,107.5,397.3,240.4,215.0,284.1,403.0,670.7,134.1,1145.8
2008-02-01,86.0,137.0,81.0,134.0,114.7,109.2,77.5,143.5,151.5,140.8,83.2,324.0,127.3,224.5,162.5,213.0,124.5,239.0,462.9,430.1,558.5
2008-03-01,103.0,102.0,106.0,118.0,62.6,64.4,121.7,83.8,61.5,128.3,72.2,113.0,109.4,232.5,153.9,231.0,172.9,234.0,716.8,201.0,782.6
2008-04-01,43.0,57.0,26.0,22.0,24.0,7.6,6.7,23.0,8.5,33.7,4.6,90.0,18.7,97.4,85.1,120.0,126.2,95.0,312.6,148.0,540.6
2008-05-01,6.0,4.0,14.0,7.0,8.4,8.7,5.0,1.6,5.9,12.9,7.1,101.0,8.4,75.9,14.2,71.0,37.0,54.0,341.2,119.0,322.1
2008-06-01,1.0,5.0,4.0,1.0,6.2,2.1,0.0,20.4,3.6,4.4,2.8,14.0,6.3,19.7,1.8,2.0,4.8,77.0,307.4,45.0,275.5
2008-07-01,0.0,0.0,0.0,5.0,5.9,4.1,0.0,0.0,6.2,4.9,6.1,27.0,5.6,14.2,12.0,3.0,11.1,20.0,249.9,36.0,469.4
2008-08-01,3.0,2.0,6.0,1.0,13.7,3.9,0.0,0.0,3.2,3.1,3.1,0.0,10.6,87.6,19.2,12.0,8.8,51.0,147.4,29.0,307.9
2008-09-01,10.0,21.0,15.0,3.0,6.4,13.9,15.4,2.5,9.8,17.0,3.9,192.0,5.5,22.1,36.6,146.0,76.7,35.0,409.1,41.0,335.5
2008-10-01,69.0,53.0,61.0,84.0,54.8,51.7,50.3,37.3,46.8,77.9,35.5,46.0,48.2,189.7,135.9,117.0,222.5,146.0,577.7,363.0,674.8
2008-11-01,70.0,15.0,31.0,62.0,87.1,90.2,84.5,40.4,64.1,78.3,91.2,70.0,93.3,158.8,91.5,133.0,135.9,64.0,347.1,353.0,328.2
2008-12-01,193.0,239.0,118.0,149.0,185.2,138.7,182.2,136.3,133.9,129.5,121.4,79.0,160.2,209.8,99.4,176.0,145.2,225.0,611.8,157.0,777.7
