year,month,E_index,C_index
1854,1,0.12973,-0.86703
1854,2,-0.14916,-0.61593
1854,3,-0.65337,-0.14809
1854,4,-0.79331,0.00189
1854,5,-0.82572,0.14345
1854,6,0.29447,-0.71828
1854,7,-0.03280,-0.39414
1854,8,-0.15815,-1.11976
1854,9,-0.26175,-0.80361
1854,10,0.40504,-1.72937
1854,11,-0.17599,-1.49362
1854,12,-0.32609,-1.75207
1855,1,-0.47644,-0.74646
1855,2,-0.10347,-0.04035
1855,3,-0.50612,-0.06501
1855,4,-0.36899,-0.40979
1855,5,-0.03424,-0.77498
1855,6,0.21388,-1.44899
1855,7,1.18446,-2.09324
1855,8,0.35712,-0.58362
1855,9,-0.43576,1.51696
1855,10,0.66112,0.52573
1855,11,0.02334,0.62087
1855,12,-0.05355,0.74710
1856,1,0.01043,0.53032
1856,2,-0.53478,0.22021
1856,3,-0.42852,0.09429
1856,4,-0.72431,-0.88699
1856,5,-1.20098,-0.82635
1856,6,-1.86062,-0.04821
1856,7,-1.47652,-0.78186
1856,8,-0.85432,-1.99031
1856,9,-0.18096,-2.83972
1856,10,0.28668,-3.33073
1856,11,0.37336,-3.63174
1856,12,0.71300,-4.36209
1857,1,-0.33068,-3.28443
1857,2,-0.11056,-2.95375
1857,3,-0.18721,-2.65391
1857,4,-0.71656,-2.11793
1857,5,-1.55866,-0.64739
1857,6,-1.52507,-0.09942
1857,7,0.23777,-0.96669
1857,8,0.71450,-1.58148
1857,9,0.54796,-0.93522
1857,10,0.51772,-1.19552
1857,11,0.19322,-0.99863
1857,12,1.14380,-1.37025
1858,1,0.93521,-0.89568
1858,2,0.84103,-0.88221
1858,3,0.16015,-0.86366
1858,4,-0.03222,-0.82680
1858,5,-0.11547,-0.70521
1858,6,-0.07139,-0.72519
1858,7,0.02413,-0.79744
1858,8,-0.44922,-0.67782
1858,9,-0.53667,-0.74354
1858,10,0.08484,-1.01318
1858,11,0.70270,-1.06597
1858,12,-0.56509,-0.35094
1859,1,-1.06780,0.19294
1859,2,-1.15825,0.10185
1859,3,-0.65868,-0.20861
1859,4,-1.23961,-0.34528
1859,5,-1.17633,-0.17031
1859,6,-1.25183,-0.17197
1859,7,-0.97343,0.09006
1859,8,-1.05546,0.19014
1859,9,-1.18529,-0.17876
1859,10,-0.95663,-0.36795
1859,11,-0.25193,-0.46137
1859,12,-0.03284,-0.77770
1860,1,-0.88641,-0.69170
1860,2,-0.27117,-1.32988
1860,3,-0.00773,-1.26912
1860,4,-2.08348,-0.66704
1860,5,-2.42978,-0.29121
1860,6,-1.66796,-0.20214
1860,7,-0.89910,-0.65155
1860,8,-1.30561,-0.79125
1860,9,-0.92301,-1.25761
1860,10,-0.98983,-1.88519
1860,11,-1.60386,-1.36349
1860,12,-0.65546,-1.97008
1861,1,0.27010,-2.71338
1861,2,0.81369,-2.79281
1861,3,-0.16204,-1.79404
1861,4,-0.40374,-1.84317
1861,5,-0.74753,-1.60036
1861,6,-0.62512,-1.46451
1861,7,-0.79893,-1.01850
1861,8,0.25471,-1.55449
1861,9,1.00823,-2.09088
1861,10,0.25141,-1.70097
1861,11,-0.06500,-1.50931
1861,12,-0.39682,-1.28832
1862,1,-1.08289,-0.97575
1862,2,-0.49183,-1.26545
1862,3,-0.60874,-1.43815
1862,4,-1.03657,-1.48036
1862,5,-1.28198,-1.59571
1862,6,0.35375,-2.89592
1862,7,0.63598,-2.36185
1862,8,0.39933,-1.88176
1862,9,0.84134,-1.18357
1862,10,0.97836,-2.03111
1862,11,1.21453,-1.89223
1862,12,-0.87285,-1.11910
1863,1,-0.24924,-1.40034
1863,2,1.32904,-1.72008
1863,3,-0.06810,-1.48058
1863,4,-0.44410,-1.55196
1863,5,-0.70933,-1.33755
1863,6,-0.76559,-1.50195
1863,7,1.05731,-1.72129
1863,8,0.25139,-1.42693
1863,9,0.14242,-1.26397
1863,10,0.12869,-1.24672
1863,11,0.47586,-1.27022
1863,12,2.51185,-2.04343
1864,1,0.32530,-1.19352
1864,2,-0.31737,-1.02419
1864,3,-0.22732,-1.12196
1864,4,-0.70396,-0.90110
1864,5,-1.05325,-0.76052
1864,6,-0.09896,-1.06220
1864,7,-0.06878,-1.06649
1864,8,0.18028,-1.21488
1864,9,0.49774,-1.26030
1864,10,0.74970,-1.27240
1864,11,0.88690,-1.33386
1864,12,1.65938,-1.32824
1865,1,-1.05964,-0.87052
1865,2,-0.49378,-0.58355
1865,3,0.09259,-0.81112
1865,4,-0.90608,-0.77692
1865,5,-0.38689,-0.99409
1865,6,-0.81906,-0.96522
1865,7,-1.13924,-0.95063
1865,8,-0.10712,-1.14631
1865,9,0.08566,-1.11402
1865,10,0.12748,-1.15705
1865,11,0.19114,-1.17261
1865,12,0.31172,-1.06887
1866,1,1.28217,-1.29489
1866,2,0.81555,-1.12465
1866,3,-0.03217,-1.11913
1866,4,-0.09870,-1.18480
1866,5,-0.13066,-1.08686
1866,6,-0.15690,-1.13944
1866,7,-0.06576,-1.10685
1866,8,0.03010,-1.11744
1866,9,0.11165,-0.98013
1866,10,0.03449,-1.21706
1866,11,0.04486,-1.26987
1866,12,-0.05841,-1.05420
1867,1,-0.17112,-1.00734
1867,2,-0.52097,-1.00296
1867,3,-1.69948,-0.83679
1867,4,-2.02573,-0.78984
1867,5,1.41912,-1.33054
1867,6,0.72383,-1.41677
1867,7,0.13597,-1.31800
1867,8,0.05208,-1.26060
1867,9,0.09302,-1.27282
1867,10,0.20341,-1.28148
1867,11,0.45224,-1.24840
1867,12,-1.33547,-0.78752
1868,1,-1.25993,-0.70580
1868,2,-0.04562,-0.95567
1868,3,0.65208,-1.41612
1868,4,0.40852,-1.56726
1868,5,1.25532,-1.85222
1868,6,0.60470,-1.72612
1868,7,0.54228,-1.59320
1868,8,0.77818,-1.64839
1868,9,0.98124,-1.68265
1868,10,1.12865,-1.71987
1868,11,1.30018,-1.69250
1868,12,1.51123,-1.69031
1869,1,1.76857,-1.70037
1869,2,0.18033,-1.19689
1869,3,-0.01505,-1.20170
1869,4,-0.84012,-1.05375
1869,5,-1.46380,-0.62912
1869,6,-1.12313,-0.84381
1869,7,-0.65395,-1.34622
1869,8,-0.95889,-2.11125
1869,9,-0.54137,-2.48169
1869,10,-0.86159,-2.11254
1869,11,-1.03910,-0.57529
1869,12,-1.56707,-1.07143
1870,1,-1.07986,-0.89015
1870,2,0.45674,-2.91057
1870,3,0.97559,-2.92043
1870,4,1.14076,-3.23896
1870,5,0.46314,-3.12639
1870,6,-0.70970,-2.07391
1870,7,-1.17490,-1.81316
1870,8,0.39107,-1.86970
1870,9,-0.21495,-1.70082
1870,10,-1.09862,-1.70126
1870,11,-1.19394,-1.45629
1870,12,-0.92830,-1.55818
1871,1,-0.73520,-1.30997
1871,2,0.24161,-1.66345
1871,3,0.69986,-1.27677
1871,4,0.64790,-0.94532
1871,5,-0.10654,-0.85397
1871,6,0.26025,-0.99340
1871,7,0.45744,-0.97963
1871,8,0.45209,-0.77411
1871,9,0.50797,-0.64542
1871,10,0.57014,-1.29704
1871,11,0.41921,-1.29241
1871,12,-0.52698,-0.94292
1872,1,-0.66557,-0.95879
1872,2,-0.75951,-0.89626
1872,3,-0.61354,-1.07247
1872,4,-0.58694,-1.33249
1872,5,-0.99938,-1.09705
1872,6,-0.95028,-1.19506
1872,7,-0.54000,-0.29309
1872,8,-0.20818,-1.70318
1872,9,0.27763,-1.76210
1872,10,0.14154,-2.32149
1872,11,-0.37043,-2.17032
1872,12,-1.90515,-1.49199
1873,1,-0.67434,-1.83952
1873,2,-1.65716,-1.77873
1873,3,-2.24998,-1.38507
1873,4,-2.58095,-1.09360
1873,5,-0.80815,-1.33176
1873,6,0.13783,-1.55436
1873,7,0.17602,-1.19979
1873,8,0.02874,-0.81132
1873,9,-0.76726,-0.67150
1873,10,-1.03312,-1.17597
1873,11,-1.16520,-0.92650
1873,12,-1.11303,-0.82579
1874,1,-1.06516,-1.27142
1874,2,-1.35586,-1.46278
1874,3,-1.04761,-1.75031
1874,4,-1.07720,-1.57257
1874,5,-1.41920,-1.73160
1874,6,-2.08142,-1.06999
1874,7,-1.28023,-1.29941
1874,8,-0.65408,-1.32351
1874,9,-0.45148,-1.40358
1874,10,-1.67693,-1.04703
1874,11,-1.70365,-1.31775
1874,12,-1.51817,-1.17427
1875,1,-0.72062,-0.96362
1875,2,-0.27243,-1.19010
1875,3,-0.49713,-0.96581
1875,4,-0.89963,-1.18435
1875,5,-1.31576,-0.87509
1875,6,-1.29231,-0.95083
1875,7,-0.92398,-1.04793
1875,8,-0.68559,-1.21974
1875,9,-0.45562,-1.27475
1875,10,-0.32850,-1.54446
1875,11,-0.45227,-1.50628
1875,12,-0.62295,-1.39683
1876,1,-1.72333,-0.70232
1876,2,-1.94810,-0.97171
1876,3,-1.66318,-1.21004
1876,4,-1.59966,-1.62345
1876,5,-1.57391,-1.65185
1876,6,-1.31541,-0.50688
1876,7,-0.61164,-0.46234
1876,8,-0.19332,-0.84993
1876,9,0.71934,-1.32989
1876,10,1.15416,-1.01921
1876,11,1.17269,-0.94401
1876,12,1.35402,-0.81198
1877,1,1.41754,-0.73095
1877,2,0.99136,-0.57453
1877,3,0.71462,-0.21992
1877,4,2.56039,-1.04251
1877,5,2.49438,-1.15797
1877,6,3.06900,-1.17732
1877,7,3.24268,-0.62222
1877,8,3.27417,0.12574
1877,9,3.48743,0.19958
1877,10,3.63777,0.11245
1877,11,3.90942,0.19890
1877,12,3.97806,0.35266
1878,1,3.55588,0.70203
1878,2,3.25585,0.95425
1878,3,2.25196,-0.47490
1878,4,0.45418,0.43809
1878,5,0.60949,0.32615
1878,6,0.36868,-0.78765
1878,7,0.38959,-1.49706
1878,8,0.87426,-1.52479
1878,9,0.75309,-1.73059
1878,10,0.54388,-1.91901
1878,11,0.76010,-2.23583
1878,12,0.29230,-1.89098
1879,1,0.71471,-1.87429
1879,2,-0.41948,-0.67921
1879,3,0.10117,-1.45436
1879,4,0.07878,-1.56344
1879,5,-0.17009,-1.51997
1879,6,-0.40825,-1.72769
1879,7,-0.08616,-2.12274
1879,8,0.35263,-2.25057
1879,9,0.50682,-2.13163
1879,10,0.01777,-2.18864
1879,11,-0.47686,-2.06351
1879,12,-0.58407,-1.73462
1880,1,-0.71795,-2.00684
1880,2,1.18783,-2.26215
1880,3,0.94927,-1.59781
1880,4,1.08951,-1.96362
1880,5,0.42340,-1.14628
1880,6,-0.02199,-0.90778
1880,7,0.01331,-0.77706
1880,8,0.40359,-1.05909
1880,9,0.64852,-1.03325
1880,10,0.86525,-0.94810
1880,11,0.88856,-0.87923
1880,12,0.41846,-0.65516
1881,1,0.39161,-0.37661
1881,2,0.14070,-0.18511
1881,3,0.00581,0.33251
1881,4,-0.26185,0.22878
1881,5,-0.35160,0.14643
1881,6,-0.22652,-0.23484
1881,7,-0.58586,-0.26339
1881,8,-0.91820,-0.18433
1881,9,-0.71774,-0.37556
1881,10,-0.70727,-0.66223
1881,11,-1.45138,-0.24330
1881,12,-1.73268,0.66848
1882,1,-1.43705,0.63209
1882,2,-1.14098,0.52974
1882,3,-1.15038,0.78999
1882,4,-1.09476,0.61528
1882,5,-1.46353,0.54949
1882,6,-2.13959,0.03666
1882,7,-1.78672,-0.37622
1882,8,-1.54880,-0.33192
1882,9,-1.05855,-0.84760
1882,10,-0.47167,-1.13501
1882,11,-0.79863,-0.98287
1882,12,-0.81182,-0.75421
1883,1,-0.78145,-0.45537
1883,2,-0.46566,-0.16813
1883,3,-0.10943,-0.07323
1883,4,0.40626,-0.15910
1883,5,0.05876,-0.41544
1883,6,-0.31254,-0.54447
1883,7,-0.71693,-0.23707
1883,8,-0.24994,-0.81942
1883,9,-0.11305,-0.85165
1883,10,0.38073,-1.02006
1883,11,0.56742,-0.96953
1883,12,-0.30343,-0.64787
1884,1,-0.56866,0.11337
1884,2,-0.49606,0.28119
1884,3,-0.35367,-0.12132
1884,4,-0.28365,-0.42895
1884,5,-0.04105,-0.04358
1884,6,0.06390,-0.39727
1884,7,-0.20670,-0.32133
1884,8,0.73317,-1.21130
1884,9,1.01996,-0.58765
1884,10,0.71042,-0.54446
1884,11,0.90508,-0.59706
1884,12,0.82974,-0.43895
1885,1,0.42120,-0.26515
1885,2,0.05734,-0.37242
1885,3,-0.50439,0.01379
1885,4,-0.58888,-0.34031
1885,5,-0.59106,-0.29920
1885,6,-0.13367,-0.84681
1885,7,-1.03245,-0.29815
1885,8,-0.17621,-0.28801
1885,9,0.18739,0.19185
1885,10,0.06093,0.72056
1885,11,0.67240,0.17309
1885,12,0.62104,0.03471
1886,1,0.35680,-0.24440
1886,2,-0.87498,-0.08533
1886,3,-1.51570,-0.19723
1886,4,-1.59052,-0.22873
1886,5,-1.39795,-1.14350
1886,6,-1.15559,-2.06745
1886,7,-1.01250,-1.90355
1886,8,-0.91396,-1.81909
1886,9,-0.32776,-1.82692
1886,10,-0.21386,-2.29040
1886,11,-0.09793,-2.81423
1886,12,0.31648,-3.74021
1887,1,0.21151,-3.72738
1887,2,-0.00202,-3.42626
1887,3,0.08751,-3.01752
1887,4,0.49215,-2.72260
1887,5,0.08971,-2.47513
1887,6,-0.12972,-1.90451
1887,7,0.01510,-1.68710
1887,8,0.51121,-1.61746
1887,9,0.49398,-1.37968
1887,10,0.20625,-1.12054
1887,11,-0.24564,-0.39081
1887,12,-0.05629,-0.37922
1888,1,0.14224,-0.12997
1888,2,-0.22045,0.46497
1888,3,0.13883,0.18608
1888,4,0.62431,-0.32986
1888,5,1.30285,-0.72076
1888,6,1.26575,-0.61256
1888,7,1.30597,-0.63314
1888,8,1.75910,-0.81511
1888,9,1.71013,0.37750
1888,10,1.69928,0.69817
1888,11,2.34195,0.03773
1888,12,2.36444,0.37942
1889,1,1.92057,0.98655
1889,2,1.51096,1.10479
1889,3,1.08222,0.47222
1889,4,0.76293,0.00200
1889,5,-0.07998,-0.04386
1889,6,0.06332,-1.10847
1889,7,-0.87031,-1.26645
1889,8,-0.53955,-2.05258
1889,9,-0.73409,-2.08424
1889,10,-0.62841,-2.75126
1889,11,-0.63851,-2.41112
1889,12,-0.32695,-2.49734
1890,1,-0.26968,-2.78055
1890,2,-0.60343,-3.03070
1890,3,-0.88660,-1.89166
1890,4,-0.72470,-1.76074
1890,5,-0.52829,-1.40330
1890,6,-0.66557,-1.23640
1890,7,-1.36031,-1.03941
1890,8,-0.96085,-1.30755
1890,9,-0.72042,-1.62254
1890,10,-0.95204,-1.58926
1890,11,-1.32709,-1.51561
1890,12,-0.61476,-0.84483
1891,1,-0.03422,-0.59265
1891,2,0.12656,-0.75359
1891,3,0.45200,-0.97426
1891,4,1.21176,-0.77630
1891,5,1.00152,-0.74081
1891,6,1.04385,-0.99414
1891,7,0.81578,-1.02933
1891,8,0.27981,-0.97312
1891,9,-0.06029,-0.86122
1891,10,-0.23233,-0.58290
1891,11,-0.16509,-0.43315
1891,12,-0.05758,-0.65696
1892,1,0.24561,-1.08617
1892,2,0.03065,-0.95370
1892,3,-1.01176,-0.81520
1892,4,-1.17610,-0.82074
1892,5,-1.51208,-0.74842
1892,6,-1.39241,-1.35103
1892,7,-1.91394,-0.73483
1892,8,-1.74761,-1.17620
1892,9,-1.95689,-1.29148
1892,10,-1.90708,-1.70617
1892,11,-1.85432,-1.67600
1892,12,-1.78342,-1.46529
1893,1,-1.85473,-1.13978
1893,2,-1.84950,-1.01273
1893,3,-1.69865,-1.21944
1893,4,-1.17193,-1.57370
1893,5,-0.93760,-1.60164
1893,6,-1.15105,-1.53455
1893,7,-0.55272,-2.02657
1893,8,-0.53686,-2.04966
1893,9,-0.37824,-2.07508
1893,10,-0.43057,-2.26383
1893,11,-0.32117,-2.13652
1893,12,-0.23327,-2.06164
1894,1,-0.32469,-1.92980
1894,2,-0.44443,-1.87838
1894,3,-0.47478,-1.88027
1894,4,-0.35971,-1.86507
1894,5,-0.25673,-1.72938
1894,6,-0.11407,-1.59227
1894,7,0.05854,-2.08027
1894,8,-0.07262,-1.79886
1894,9,-0.04853,-1.94668
1894,10,-0.25322,-1.82200
1894,11,-0.58642,-1.41332
1894,12,-0.58068,-1.15339
1895,1,-0.50810,-1.02897
1895,2,0.33403,-1.46556
1895,3,-0.88369,-0.97136
1895,4,-0.25453,-1.10483
1895,5,0.00889,-0.50476
1895,6,-0.02445,-0.70689
1895,7,0.15500,-0.82890
1895,8,0.54544,-1.02697
1895,9,0.55606,-0.65867
1895,10,0.68960,-0.66262
1895,11,0.64944,-0.58601
1895,12,0.58434,-0.49144
1896,1,0.34823,-0.63050
1896,2,0.00132,-0.40288
1896,3,-0.00432,-0.34919
1896,4,0.06587,-0.42155
1896,5,-0.44610,-0.25424
1896,6,0.06006,-0.21523
1896,7,0.49793,0.04918
1896,8,1.40529,-0.19993
1896,9,1.45592,-0.18469
1896,10,1.78903,-0.23279
1896,11,2.12425,0.19131
1896,12,2.32458,0.17587
1897,1,1.94629,0.17967
1897,2,1.35350,-0.13000
1897,3,0.80975,-0.74299
1897,4,0.70020,-1.45083
1897,5,-0.09687,-0.52683
1897,6,-0.19866,-0.28463
1897,7,-0.30626,-0.12961
1897,8,0.06487,-0.62553
1897,9,0.48746,-1.22656
1897,10,0.42915,-1.50090
1897,11,0.09828,-2.08194
1897,12,-0.07906,-1.62696
1898,1,-0.24217,-0.90086
1898,2,-0.38852,-1.26857
1898,3,-0.55532,-1.74109
1898,4,-0.56543,-1.44237
1898,5,-0.59337,-1.07520
1898,6,-0.75754,-1.03927
1898,7,-0.25168,-1.77642
1898,8,-0.45383,-1.84483
1898,9,-0.27430,-1.65160
1898,10,0.06346,-1.75541
1898,11,0.01864,-1.80465
1898,12,-0.17450,-1.69823
1899,1,0.12540,-1.99416
1899,2,0.35425,-2.33564
1899,3,0.96787,-2.24341
1899,4,0.57364,-1.25596
1899,5,0.59542,-1.16866
1899,6,0.61183,-1.19670
1899,7,0.84719,-1.11538
1899,8,1.26030,-0.90525
1899,9,1.90913,-0.85370
1899,10,1.96066,-0.65103
1899,11,1.97082,-0.00358
1899,12,1.33180,0.45694
1900,1,1.62466,0.25294
1900,2,1.01838,0.57765
1900,3,0.47055,0.63370
1900,4,0.25386,0.54458
1900,5,0.19478,0.51071
1900,6,0.36256,-0.06180
1900,7,-0.13578,0.20322
1900,8,-0.22630,-0.10007
1900,9,-0.73186,0.24710
1900,10,-0.51972,0.22494
1900,11,-0.68075,0.16378
1900,12,-0.57530,0.15797
1901,1,-0.46639,0.36697
1901,2,-0.43264,0.29496
1901,3,-0.83696,0.15162
1901,4,-0.59632,-0.10928
1901,5,-0.65577,-0.49538
1901,6,-1.12145,-0.59248
1901,7,-0.87542,-0.84394
1901,8,-0.74345,-0.68350
1901,9,0.08291,-1.10766
1901,10,0.66765,-1.50159
1901,11,1.50553,-1.58603
1901,12,0.90795,-1.30205
1902,1,0.35976,-0.75543
1902,2,-0.19368,-0.76139
1902,3,-0.35554,-0.38439
1902,4,-0.21586,0.26673
1902,5,0.60495,-0.16618
1902,6,1.07583,-0.24930
1902,7,1.69728,-0.55927
1902,8,1.79771,-0.17797
1902,9,2.03346,-0.11948
1902,10,1.09385,1.28723
1902,11,1.27639,0.96363
1902,12,0.70590,1.32173
1903,1,0.47020,1.09954
1903,2,0.02366,1.04504
1903,3,-0.83049,0.86279
1903,4,-1.23644,0.51044
1903,5,-1.68651,0.42487
1903,6,-1.54159,-0.14340
1903,7,-1.18913,-0.93965
1903,8,-1.05111,-1.73427
1903,9,-0.69201,-1.82677
1903,10,-1.02249,-1.67866
1903,11,-1.42749,-1.64242
1903,12,-1.26320,-1.62771
1904,1,-0.99614,-2.26107
1904,2,-0.10932,-2.73466
1904,3,-0.31778,-2.53891
1904,4,-0.67236,-1.30443
1904,5,0.05534,-1.43066
1904,6,0.67177,-1.53881
1904,7,0.93823,-1.43835
1904,8,1.32351,-1.48001
1904,9,1.17181,-1.12456
1904,10,1.02845,-0.73712
1904,11,0.75451,-0.25353
1904,12,0.64780,-0.18868
1905,1,0.51201,-0.02448
1905,2,0.04966,0.29185
1905,3,0.21362,0.23457
1905,4,1.08497,-0.21678
1905,5,1.32104,-0.05534
1905,6,0.72953,0.49602
1905,7,0.90254,0.41216
1905,8,1.14175,0.22357
1905,9,1.03090,0.57875
1905,10,0.95984,0.15360
1905,11,0.70639,0.25367
1905,12,0.61393,0.39818
1906,1,0.98800,-0.18682
1906,2,0.72985,-0.53898
1906,3,0.51019,-0.77063
1906,4,-1.01063,-0.08462
1906,5,-1.49536,-0.26185
1906,6,-1.42205,-0.85851
1906,7,-1.33724,-0.94818
1906,8,-1.01999,-1.33605
1906,9,-1.13407,-0.98522
1906,10,-1.34763,-0.71751
1906,11,-1.37136,-0.88451
1906,12,-0.93113,-1.40890
1907,1,-0.66778,-1.14587
1907,2,-0.62635,-1.43857
1907,3,-0.64714,-1.37460
1907,4,-0.77968,-1.03403
1907,5,-0.61314,-1.02011
1907,6,-0.86463,-0.64056
1907,7,-0.42196,-0.82951
1907,8,-0.33945,-0.29122
1907,9,-0.63977,-0.17486
1907,10,-0.85224,-0.20766
1907,11,-0.74113,-0.48271
1907,12,-1.02433,-0.25646
1908,1,-1.24807,0.35094
1908,2,-0.93112,-0.30630
1908,3,-1.05959,-0.64789
1908,4,-1.35326,-0.91946
1908,5,-1.60620,-0.77488
1908,6,-0.69714,-1.81090
1908,7,-0.44840,-1.98572
1908,8,-0.74728,-1.43178
1908,9,-0.72599,-1.66618
1908,10,-0.65082,-1.93457
1908,11,-0.62184,-2.03117
1908,12,-0.58393,-2.26259
1909,1,-1.07426,-2.03742
1909,2,-1.48183,-1.45095
1909,3,-1.48088,-0.76346
1909,4,-1.14000,-1.42681
1909,5,-0.87189,-1.75082
1909,6,-0.93158,-1.59216
1909,7,-0.77475,-1.78786
1909,8,-0.95298,-1.68680
1909,9,-1.04408,-2.23052
1909,10,-1.01730,-2.42999
1909,11,-1.30858,-2.31352
1909,12,-1.55722,-1.98440
1910,1,-0.99281,-2.38651
1910,2,-0.30979,-2.87832
1910,3,-0.91664,-3.13061
1910,4,-1.95180,-1.68820
1910,5,-1.47273,-1.32905
1910,6,-0.99051,-1.46043
1910,7,-0.06331,-2.57808
1910,8,0.44687,-2.98412
1910,9,0.24498,-2.81551
1910,10,0.20703,-2.69293
1910,11,-0.27420,-2.25130
1910,12,-0.48769,-2.09883
1911,1,-0.47153,-1.85969
1911,2,-1.22022,-1.18501
1911,3,-1.32001,-1.31593
1911,4,-0.98936,-1.12847
1911,5,-0.22969,-1.66463
1911,6,0.77479,-1.70657
1911,7,0.84018,-1.33895
1911,8,1.01319,-1.16006
1911,9,1.16208,-1.27188
1911,10,1.28220,-0.42796
1911,11,1.37524,-0.43258
1911,12,1.66590,-0.42745
1912,1,1.85931,-0.58681
1912,2,1.56322,-0.62132
1912,3,1.05859,-0.31572
1912,4,0.22168,0.03914
1912,5,-0.43579,0.10589
1912,6,-0.50668,-0.45794
1912,7,-0.40378,-0.69094
1912,8,-0.36391,-0.41526
1912,9,0.08584,-1.27850
1912,10,-0.26931,-1.19034
1912,11,-0.73674,-0.93284
1912,12,-0.61472,-0.87739
1913,1,0.03016,-0.94504
1913,2,0.25682,-1.27578
1913,3,-0.56201,-1.15247
1913,4,-0.89109,-0.76713
1913,5,-0.50834,-0.93394
1913,6,0.27757,-1.41425
1913,7,0.50147,-1.37772
1913,8,0.47723,-0.99276
1913,9,0.54954,-0.92768
1913,10,0.52077,-0.84398
1913,11,0.75381,-0.41622
1913,12,1.05945,-0.09742
1914,1,1.16778,-0.07976
1914,2,0.32533,-0.07168
1914,3,-0.05410,0.11270
1914,4,-0.49649,0.07469
1914,5,-0.41391,0.33105
1914,6,-0.18355,-0.42575
1914,7,0.30572,-0.25260
1914,8,0.50142,-0.03956
1914,9,0.78789,0.16207
1914,10,0.80383,0.41491
1914,11,0.87383,0.23941
1914,12,0.56896,0.74655
1915,1,0.51184,0.79381
1915,2,0.04704,0.80266
1915,3,-0.02360,0.37078
1915,4,-0.32677,1.08444
1915,5,-0.14446,0.87916
1915,6,0.86163,-0.72528
1915,7,0.87532,-1.29045
1915,8,0.27944,-1.48115
1915,9,0.05307,-1.61084
1915,10,-0.14041,-1.79128
1915,11,-0.87261,-1.82543
1915,12,-0.68830,-1.97983
1916,1,-0.12258,-1.44110
1916,2,0.09501,-1.96606
1916,3,-0.08868,-1.19262
1916,4,-0.98305,-1.53373
1916,5,-1.39998,-0.62525
1916,6,-1.57211,-1.28857
1916,7,-2.13198,-1.08685
1916,8,-1.97704,-1.32307
1916,9,-1.11400,-2.29441
1916,10,-1.11526,-3.17955
1916,11,-0.53297,-4.21241
1916,12,-0.35423,-4.31603
1917,1,-0.27590,-4.43330
1917,2,-0.19728,-4.29337
1917,3,-0.16552,-3.89696
1917,4,1.70024,-4.18650
1917,5,1.48824,-3.58205
1917,6,1.56010,-3.88575
1917,7,1.79393,-4.13131
1917,8,2.10895,-4.71585
1917,9,0.20686,-2.86879
1917,10,-0.46035,-3.19258
1917,11,-0.80978,-2.60375
1917,12,-1.07378,-1.67336
1918,1,-0.37989,-1.88866
1918,2,-0.19435,-1.79010
1918,3,-0.13991,-1.76872
1918,4,0.50558,-2.13875
1918,5,1.45170,-1.76459
1918,6,1.34519,-1.08162
1918,7,1.19556,-0.95548
1918,8,1.97948,-1.24449
1918,9,1.63028,-0.76424
1918,10,1.40574,0.16783
1918,11,1.38425,0.97369
1918,12,0.91490,1.26511
1919,1,0.90132,0.90256
1919,2,1.34616,-0.29903
1919,3,1.06753,-0.46067
1919,4,0.30297,-1.64118
1919,5,0.74361,-1.92665
1919,6,0.01385,-1.33332
1919,7,0.22727,-1.41017
1919,8,0.71255,-2.42796
1919,9,1.43703,-1.78024
1919,10,1.97034,-1.73560
1919,11,1.11355,-1.64436
1919,12,1.18985,-1.03450
1920,1,0.94114,-0.96611
1920,2,0.76858,-0.54469
1920,3,0.69707,-0.92764
1920,4,0.05747,-0.73504
1920,5,-0.20827,-0.85919
1920,6,-0.79433,-0.37936
1920,7,-0.78128,-0.11371
1920,8,-0.38038,-0.20731
1920,9,-0.48278,-0.13029
1920,10,-1.24382,-0.12232
1920,11,-0.47032,-0.54272
1920,12,-0.19122,-1.11032
1921,1,-0.20597,-1.14600
1921,2,-0.25705,-2.33203
1921,3,-1.20957,-2.59269
1921,4,-1.15065,-2.21150
1921,5,-0.42200,-1.72336
1921,6,-0.38555,-1.98189
1921,7,-0.24562,-1.30241
1921,8,-0.17138,-0.61232
1921,9,-0.28563,-0.45145
1921,10,0.50548,-0.09261
1921,11,0.89478,-0.30627
1921,12,-0.09116,-0.21242
1922,1,-0.32624,-0.40086
1922,2,-1.13487,-0.90351
1922,3,-0.85034,-0.36616
1922,4,-1.10997,-0.76144
1922,5,-1.07351,-0.33836
1922,6,-1.14979,-1.24505
1922,7,-1.03638,-1.61708
1922,8,-1.16422,-1.66070
1922,9,-1.34383,-1.74254
1922,10,-1.22044,-1.51622
1922,11,-0.74256,-1.24033
1922,12,-1.07059,-1.00301
1923,1,-0.39572,-1.50994
1923,2,-0.50092,-1.67684
1923,3,-0.34841,-0.89211
1923,4,-0.12178,-0.89285
1923,5,0.18594,-0.81334
1923,6,0.36423,-0.82586
1923,7,0.62823,-1.06593
1923,8,0.44159,-0.75811
1923,9,0.35132,-0.32299
1923,10,0.14740,-0.15163
1923,11,0.05701,-0.07315
1923,12,-0.49453,0.43248
1924,1,-1.06154,0.92647
1924,2,-0.97312,0.26334
1924,3,-1.24520,0.28698
1924,4,-1.21946,-0.09951
1924,5,-1.34936,-0.38087
1924,6,-1.84373,-0.76428
1924,7,-1.66252,-1.18737
1924,8,-1.29957,-1.71206
1924,9,-0.76128,-2.23699
1924,10,-0.17798,-2.71455
1924,11,-0.44760,-2.56195
1924,12,-1.15369,-1.99055
1925,1,-0.93579,-2.06042
1925,2,-0.44213,-2.38360
1925,3,0.67635,-2.42294
1925,4,0.63109,-2.07248
1925,5,0.05922,-1.43111
1925,6,0.18946,-1.44096
1925,7,0.71203,-1.29569
1925,8,0.86461,-0.94101
1925,9,0.51826,-0.58059
1925,10,0.38776,-0.13769
1925,11,0.50982,0.31393
1925,12,0.57501,0.52309
1926,1,0.69837,0.54564
1926,2,0.34968,0.34208
1926,3,0.65423,0.04216
1926,4,0.59370,-0.06142
1926,5,0.06811,-0.11259
1926,6,-0.51657,-0.11020
1926,7,-0.74871,-0.22349
1926,8,-0.71168,-0.41103
1926,9,-0.57417,-1.05202
1926,10,-0.75716,-1.50858
1926,11,-0.46688,-1.48837
1926,12,0.00556,-1.70589
1927,1,0.49709,-2.01424
1927,2,0.48330,-1.84580
1927,3,0.20352,-1.89104
1927,4,-0.22107,-1.84584
1927,5,-0.36421,-1.37595
1927,6,-0.26101,-1.32366
1927,7,-0.43968,-0.96655
1927,8,-0.24261,-0.85995
1927,9,0.23761,-1.02770
1927,10,0.22947,-0.95948
1927,11,0.18625,-1.00263
1927,12,-0.42283,-0.51064
1928,1,-0.50426,-0.19074
1928,2,-0.33483,-0.55267
1928,3,-0.15276,-1.03987
1928,4,-0.32666,-0.87592
1928,5,-0.56273,-0.51718
1928,6,-0.94419,-0.62089
1928,7,-0.63627,-0.42955
1928,8,-0.38184,-0.80741
1928,9,-0.36535,-0.86127
1928,10,-0.15571,-1.29511
1928,11,-0.49801,-0.76023
1928,12,-0.46993,-0.92024
1929,1,-0.96592,-0.65104
1929,2,-0.51642,-1.00171
1929,3,-0.04964,-1.18231
1929,4,-0.12292,-1.06870
1929,5,-0.04501,-1.11529
1929,6,0.02926,-0.93104
1929,7,0.05599,-0.83757
1929,8,0.15477,-0.93168
1929,9,0.08390,-0.73106
1929,10,-0.23952,-0.46216
1929,11,0.03458,-0.83046
1929,12,-0.50821,-0.22329
1930,1,-0.76499,0.12645
1930,2,-0.73933,0.21328
1930,3,-0.74909,0.38716
1930,4,-0.17937,-0.24603
1930,5,-0.06377,-0.31997
1930,6,0.66495,-0.78243
1930,7,0.75386,-0.35881
1930,8,1.09825,-0.40804
1930,9,1.36166,-0.21207
1930,10,1.21370,0.16986
1930,11,1.71328,0.11749
1930,12,1.81459,-0.06702
1931,1,1.61638,0.13686
1931,2,1.16184,0.10710
1931,3,0.99899,-0.36424
1931,4,0.80676,-0.38723
1931,5,-0.10958,-0.16597
1931,6,-0.26182,-0.43626
1931,7,-0.31510,-0.48575
1931,8,-0.48333,-0.53270
1931,9,-0.67708,-0.91275
1931,10,-0.78991,-1.15505
1931,11,-1.06650,-1.00201
1931,12,-0.43746,-1.32118
1932,1,0.06576,-1.44804
1932,2,0.06090,-0.98863
1932,3,0.27262,-0.75848
1932,4,0.84587,-0.97972
1932,5,1.10399,-1.02108
1932,6,0.87631,-1.10516
1932,7,0.24960,-0.63614
1932,8,0.22511,-0.98397
1932,9,0.66436,-1.69497
1932,10,0.64834,-1.90179
1932,11,0.60574,-1.89510
1932,12,0.15567,-1.68615
1933,1,-0.23083,-1.18812
1933,2,-0.02034,-1.33364
1933,3,0.13058,-1.61946
1933,4,0.18427,-1.75009
1933,5,-0.42015,-1.49518
1933,6,-0.60790,-1.79933
1933,7,-0.28567,-2.24713
1933,8,0.00226,-2.69272
1933,9,-0.00265,-2.73753
1933,10,-0.29185,-2.90136
1933,11,-0.47054,-2.82890
1933,12,0.07987,-3.13225
1934,1,0.15834,-2.92471
1934,2,0.04130,-2.44841
1934,3,0.05335,-2.32377
1934,4,-0.12528,-1.92557
1934,5,-0.44848,-1.16642
1934,6,0.16486,-1.38323
1934,7,0.21820,-1.21975
1934,8,0.60904,-1.49339
1934,9,0.30081,-1.52980
1934,10,-0.29777,-1.05658
1934,11,-0.70490,-0.81513
1934,12,-1.16639,-0.53083
1935,1,-1.26535,-0.59036
1935,2,-1.55485,-0.43081
1935,3,-1.06452,-0.61982
1935,4,0.00102,-1.56826
1935,5,0.12450,-1.59433
1935,6,-0.04669,-1.52741
1935,7,0.17710,-1.38220
1935,8,0.10279,-1.04000
1935,9,-0.01674,-0.78880
1935,10,0.20602,-0.87969
1935,11,0.34333,-1.17615
1935,12,-0.16561,-0.86301
1936,1,-0.62895,-0.66306
1936,2,-0.12965,-0.78709
1936,3,-0.16603,-0.98699
1936,4,-0.03891,-0.69135
1936,5,-0.49021,-0.63273
1936,6,-1.05076,-0.69929
1936,7,-0.86889,-0.83563
1936,8,-0.37970,-0.91944
1936,9,-0.28675,-0.71469
1936,10,-0.38787,-0.83939
1936,11,-0.57311,-1.01080
1936,12,-0.94337,-1.04104
1937,1,-0.79783,-1.00646
1937,2,-0.37234,-0.65992
1937,3,-0.24132,-0.62569
1937,4,0.21195,-1.43205
1937,5,-0.07117,-1.21149
1937,6,-0.30272,-0.94410
1937,7,0.16197,-1.24296
1937,8,0.63181,-1.16948
1937,9,0.11726,-0.83964
1937,10,-0.04839,-0.71014
1937,11,-0.24102,-0.70461
1937,12,-0.29208,-1.06767
1938,1,-0.52013,-1.37078
1938,2,-0.84994,-1.28597
1938,3,-0.80756,-1.33699
1938,4,-1.22478,-1.47767
1938,5,-1.20675,-1.30653
1938,6,-1.25513,-1.79277
1938,7,-0.34556,-3.33821
1938,8,-0.36054,-3.19072
1938,9,-0.10870,-2.64463
1938,10,-0.23845,-1.83628
1938,11,-0.12172,-2.18249
1938,12,-0.52699,-2.00725
1939,1,-0.05255,-2.42051
1939,2,-0.08562,-2.20771
1939,3,-0.19234,-1.37422
1939,4,0.39533,-1.47131
1939,5,0.85008,-1.46878
1939,6,1.26750,-1.61397
1939,7,1.53460,-1.62291
1939,8,1.60835,-1.07015
1939,9,1.51854,-1.41446
1939,10,1.71651,-1.69859
1939,11,1.53785,-1.80086
1939,12,1.30437,-0.89033
1940,1,1.20886,0.25874
1940,2,0.93904,0.32634
1940,3,0.82257,0.65970
1940,4,0.71355,-0.23381
1940,5,0.82442,-0.32928
1940,6,0.59212,-0.15765
1940,7,-0.17335,0.46672
1940,8,-0.13350,1.07455
1940,9,0.07713,0.95075
1940,10,1.22269,-0.36784
1940,11,0.92026,0.81944
1940,12,1.05078,1.21993
1941,1,1.17860,1.23598
1941,2,1.10150,1.50719
1941,3,0.81496,1.02941
1941,4,0.94745,0.53521
1941,5,1.02886,0.56937
1941,6,0.64238,0.57060
1941,7,0.25949,0.63383
1941,8,-0.00340,0.84230
1941,9,0.39670,0.37992
1941,10,0.36869,0.78485
1941,11,0.43256,1.01137
1941,12,0.90766,0.80526
1942,1,0.69131,0.50197
1942,2,-0.09123,0.47844
1942,3,-0.63449,0.54334
1942,4,-1.38804,1.00290
1942,5,-1.46273,0.73070
1942,6,-1.96558,0.35492
1942,7,-1.83014,-0.71828
1942,8,-1.86687,-1.08607
1942,9,-1.69970,-1.59905
1942,10,-1.43556,-1.89070
1942,11,-1.45028,-1.95542
1942,12,-0.91714,-2.37844
1943,1,-0.06139,-2.93546
1943,2,-0.85667,-1.76785
1943,3,-0.46459,-1.95375
1943,4,-0.16484,-1.43322
1943,5,-0.05025,-1.05924
1943,6,0.25359,-0.97060
1943,7,0.32751,-1.11670
1943,8,0.26080,-1.00059
1943,9,-0.27298,-1.04925
1943,10,-0.19503,-1.48255
1943,11,-0.29863,-1.26404
1943,12,-0.76332,-0.88300
1944,1,-0.56964,-0.84554
1944,2,0.00298,-0.73144
1944,3,0.43097,-0.33618
1944,4,0.63404,-0.41452
1944,5,-0.12104,-0.30943
1944,6,-0.21689,-0.41302
1944,7,0.15976,-0.38188
1944,8,0.33234,-0.70898
1944,9,-0.38569,-0.58943
1944,10,-0.84616,-0.89508
1944,11,-1.71532,-0.34885
1944,12,-0.98384,-0.62155
1945,1,-0.30404,-0.99203
1945,2,0.26198,-1.57010
1945,3,0.27865,-2.07734
1945,4,0.22061,-1.84526
1945,5,0.52936,-1.33451
1945,6,0.15231,-1.72086
1945,7,0.12098,-1.38621
1945,8,0.26480,-1.27685
1945,9,0.66889,-1.16830
1945,10,-0.49211,-1.90612
1945,11,0.58923,-0.87302
1945,12,1.01680,-1.15107
1946,1,1.18588,-1.04997
1946,2,0.09206,-1.70096
1946,3,-0.44780,-1.14571
1946,4,-0.64013,-0.60697
1946,5,-1.19375,0.28274
1946,6,-1.48966,-0.28111
1946,7,-1.56096,-0.58251
1946,8,-1.39421,-1.30407
1946,9,-0.51156,-1.51442
1946,10,-0.39004,-1.02677
1946,11,-0.61864,-0.62007
1946,12,-0.78052,0.74130
1947,1,-0.44179,0.00101
1947,2,-0.53101,0.29392
1947,3,-0.58209,0.11579
1947,4,-0.58812,-0.24893
1947,5,-1.06032,0.32223
1947,6,-1.41605,0.37343
1947,7,-1.06911,-0.18558
1947,8,-0.92238,-0.69875
1947,9,-0.86564,-0.81455
1947,10,-0.39255,-1.90120
1947,11,-0.73302,-1.65241
1947,12,-0.62952,-0.24342
1948,1,0.02103,-0.88941
1948,2,0.63466,-1.10929
1948,3,2.57316,-4.35097
1948,4,0.00335,-0.36547
1948,5,-0.23794,0.01728
1948,6,-1.03979,-0.35586
1948,7,-0.88121,-1.20656
1948,8,-0.60510,-1.20345
1948,9,-0.76350,-1.36906
1948,10,-1.26642,-1.13705
1948,11,-1.09283,-1.07848
1948,12,-0.66788,-0.50839
1949,1,-0.37260,-0.62294
1949,2,0.07617,-0.94339
1949,3,0.28350,-1.16217
1949,4,0.42370,-1.18248
1949,5,-0.41357,-1.12355
1949,6,-0.59485,-1.55290
1949,7,-1.23027,-0.94561
1949,8,-0.60891,-1.26650
1949,9,-0.72488,-1.25225
1949,10,-0.93527,-1.86228
1949,11,-1.03806,-1.96446
1949,12,-0.86393,-2.19347
1950,1,-1.33055,-1.78454
1950,2,-0.99382,-1.84567
1950,3,0.04162,-2.31288
1950,4,-0.37140,-2.22178
1950,5,-0.94705,-1.79224
1950,6,-1.18696,-1.11542
1950,7,-0.57787,-1.59201
1950,8,-0.01844,-1.72102
1950,9,-0.02285,-1.92060
1950,10,0.09246,-2.08611
1950,11,-0.59199,-2.05249
1950,12,-0.31666,-2.02710
1951,1,-0.01315,-1.80071
1951,2,-0.05109,-1.62827
1951,3,-0.17337,-0.83080
1951,4,0.07183,-0.73176
1951,5,-0.26863,0.04276
1951,6,0.70634,-0.41044
1951,7,1.31620,-0.19493
1951,8,1.39979,-0.72212
1951,9,0.99562,-0.38394
1951,10,1.22640,-0.49606
1951,11,1.26202,-0.24519
1951,12,0.67896,-0.05147
1952,1,0.24374,-0.06086
1952,2,0.25995,-0.33741
1952,3,0.26170,-0.46828
1952,4,-0.35029,0.02053
1952,5,-0.61693,-0.07987
1952,6,-0.76201,-0.40697
1952,7,-0.56710,-0.82828
1952,8,-0.18427,-0.86853
1952,9,-0.73749,-0.21792
1952,10,-0.26327,-0.78178
1952,11,-0.77719,-0.59974
1952,12,-0.04716,-0.84295
1953,1,0.12711,-0.30635
1953,2,0.46648,-0.26972
1953,3,0.82250,-0.48481
1953,4,0.94837,-0.43017
1953,5,0.69919,-0.20163
1953,6,0.39165,0.19714
1953,7,0.18767,-0.07469
1953,8,0.34200,-0.25189
1953,9,0.92249,-0.60577
1953,10,0.28577,-0.19972
1953,11,0.23582,-0.22514
1953,12,0.11562,0.02873
1954,1,-0.78395,0.47339
1954,2,-0.61886,0.25570
1954,3,-0.67411,-0.31843
1954,4,-2.22755,-0.46487
1954,5,-2.07765,-0.32845
1954,6,-1.85689,-0.54750
1954,7,-1.70280,-0.91265
1954,8,-1.26986,-1.30609
1954,9,-1.29959,-1.45615
1954,10,-1.28406,-1.67574
1954,11,-0.93974,-1.49449
1954,12,-1.05808,-1.62849
1955,1,-0.44772,-1.30020
1955,2,-0.22241,-1.49972
1955,3,-0.37471,-1.61441
1955,4,-0.69313,-1.58182
1955,5,-1.46979,-1.25791
1955,6,-1.48923,-1.06589
1955,7,-1.16937,-1.05622
1955,8,-0.82622,-1.71351
1955,9,-0.97879,-1.84680
1955,10,-1.25787,-2.74617
1955,11,-1.27615,-2.77504
1955,12,-1.49753,-1.99629
1956,1,-0.71334,-1.65172
1956,2,-0.29926,-1.54898
1956,3,0.07992,-1.63209
1956,4,-0.23240,-1.60575
1956,5,-0.60207,-1.24531
1956,6,-0.57601,-1.16053
1956,7,-0.18524,-1.74753
1956,8,0.01911,-2.10185
1956,9,-0.29203,-1.81758
1956,10,-0.67266,-1.48577
1956,11,-0.96286,-1.17376
1956,12,-1.22000,-0.74974
1957,1,-1.03861,-0.47064
1957,2,0.11029,-0.64587
1957,3,0.86721,-0.68551
1957,4,0.70070,-0.23500
1957,5,1.40292,-0.33746
1957,6,1.81140,-0.78825
1957,7,2.27313,-0.86463
1957,8,1.46801,-0.15329
1957,9,1.19491,-0.21099
1957,10,0.92028,-0.02411
1957,11,1.25235,0.00639
1957,12,1.24881,0.44725
1958,1,0.60186,1.34433
1958,2,0.24184,1.48260
1958,3,0.12160,1.04583
1958,4,0.39888,0.40487
1958,5,0.18365,0.26183
1958,6,0.08627,0.24358
1958,7,0.00850,0.02324
1958,8,-0.09014,0.02634
1958,9,-0.37679,-0.01605
1958,10,-0.43755,0.12988
1958,11,-0.25501,0.18470
1958,12,-0.53536,0.29000
1959,1,-0.36636,0.54293
1959,2,-0.03235,0.10811
1959,3,0.28860,-0.26669
1959,4,0.05774,-0.03852
1959,5,-0.40348,-0.04711
1959,6,-0.45933,-0.31775
1959,7,-0.53914,-0.66062
1959,8,-0.81351,-0.39024
1959,9,-0.46226,-0.54880
1959,10,-0.13546,-0.53418
1959,11,0.08108,-0.96703
1959,12,-0.12284,-0.71258
1960,1,0.12536,-0.82669
1960,2,-0.01964,-0.88248
1960,3,0.12564,-0.72545
1960,4,-0.29798,-0.52132
1960,5,-0.52812,-0.36531
1960,6,-0.69224,-0.55561
1960,7,-0.48069,-0.64673
1960,8,-0.20518,-0.57969
1960,9,0.25728,-0.86306
1960,10,-0.58587,-0.63454
1960,11,-0.81666,-0.47879
1960,12,-0.65457,-0.15880
1961,1,-0.29816,-0.39730
1961,2,0.36285,-0.67938
1961,3,-0.13104,-0.68190
1961,4,0.14942,-0.91864
1961,5,-0.13511,-0.64728
1961,6,-0.29272,-0.40890
1961,7,-1.00747,-0.56081
1961,8,-0.70193,-0.96341
1961,9,-1.13948,-0.83675
1961,10,-0.87476,-1.10541
1961,11,-0.46801,-0.87754
1961,12,-0.49740,-0.79802
1962,1,-0.41230,-0.84782
1962,2,-0.22209,-0.80210
1962,3,-1.14765,-0.30910
1962,4,-1.52089,-0.40257
1962,5,-0.88767,-0.97795
1962,6,-0.98599,-0.65525
1962,7,-0.67422,-0.78971
1962,8,-0.19187,-0.90485
1962,9,-0.38923,-1.04423
1962,10,-0.65891,-0.99058
1962,11,-0.66612,-1.04667
1962,12,-0.85594,-1.04808
1963,1,-0.41449,-1.03348
1963,2,-0.48161,-0.66593
1963,3,-0.45319,-0.16455
1963,4,-0.58537,-0.03205
1963,5,-0.20832,-0.50835
1963,6,0.03144,-0.57286
1963,7,0.37744,-0.13987
1963,8,0.49172,0.08433
1963,9,0.19128,0.45156
1963,10,0.20571,0.51512
1963,11,0.40553,0.29579
1963,12,0.47890,0.31772
1964,1,-0.07008,0.48649
1964,2,-0.66125,0.32404
1964,3,-0.60978,-0.45018
1964,4,-1.48914,-0.49872
1964,5,-2.27822,-0.36446
1964,6,-1.44505,-1.04683
1964,7,-0.99000,-1.09559
1964,8,-1.08313,-1.56117
1964,9,-0.18638,-2.20034
1964,10,-0.46218,-1.99205
1964,11,-0.10757,-2.32192
1964,12,-0.69262,-2.01986
1965,1,-0.25056,-1.48674
1965,2,0.05173,-1.05042
1965,3,0.34630,-1.03367
1965,4,1.17634,-1.52189
1965,5,1.31256,-0.92819
1965,6,1.14496,-0.42288
1965,7,1.18508,-0.13447
1965,8,1.53145,-0.02898
1965,9,1.10864,0.27731
1965,10,0.87019,0.87623
1965,11,1.13225,0.73833
1965,12,1.06799,0.65473
1966,1,0.85821,0.66694
1966,2,-0.08599,0.87499
1966,3,-1.24214,1.64265
1966,4,-1.11116,0.90351
1966,5,-1.57097,0.45127
1966,6,-1.27079,0.42653
1966,7,-1.05894,0.49233
1966,8,-0.93031,0.03694
1966,9,-0.99549,-0.04663
1966,10,-0.82029,-0.08244
1966,11,-1.19854,0.07780
1966,12,-0.98704,-0.43843
1967,1,-0.59246,-0.75104
1967,2,-0.12390,-1.00375
1967,3,-0.89740,-0.52719
1967,4,-1.19555,-0.32540
1967,5,-0.85998,-0.11694
1967,6,-0.59542,-0.28261
1967,7,-0.76882,-0.29747
1967,8,-1.21799,-0.30522
1967,9,-1.72287,-0.34268
1967,10,-1.66923,-0.29472
1967,11,-1.54470,-0.16712
1967,12,-1.53798,-0.23625
1968,1,-1.62823,-0.35131
1968,2,-1.68755,-0.38907
1968,3,-1.59543,-0.53946
1968,4,-1.34399,-0.36415
1968,5,-1.49901,-0.46066
1968,6,-1.16848,0.30054
1968,7,-0.14224,-0.25915
1968,8,0.02979,-0.25221
1968,9,0.22438,-0.38426
1968,10,-0.07885,-0.11269
1968,11,-0.31615,0.59630
1968,12,-0.08166,0.81827
1969,1,-0.45531,1.54534
1969,2,-0.85604,1.86050
1969,3,-0.10975,0.86093
1969,4,0.21025,0.39619
1969,5,0.78345,0.10691
1969,6,0.71197,-0.31670
1969,7,0.24399,-0.37451
1969,8,0.07039,0.11160
1969,9,0.04528,0.50004
1969,10,0.39528,0.50248
1969,11,0.46222,0.35228
1969,12,0.60217,0.19082
1970,1,0.39905,0.12943
1970,2,-0.40186,0.41591
1970,3,-0.83500,0.14610
1970,4,-0.70978,0.10858
1970,5,-1.41815,0.19107
1970,6,-1.73175,-0.11244
1970,7,-2.32895,-0.20926
1970,8,-1.68888,-0.94881
1970,9,-0.93809,-1.36494
1970,10,-0.72153,-1.60588
1970,11,-0.98632,-1.55953
1970,12,-0.56802,-2.07617
1971,1,-0.70423,-2.31929
1971,2,-1.01334,-1.89602
1971,3,-0.73767,-1.77302
1971,4,-0.36038,-1.69492
1971,5,-0.74723,-1.40648
1971,6,-0.89311,-1.46839
1971,7,-0.48937,-1.62747
1971,8,-0.79171,-1.62196
1971,9,-0.41688,-1.86466
1971,10,-0.81035,-1.74836
1971,11,-0.78252,-1.46924
1971,12,-1.25086,-1.15207
1972,1,-0.12735,-1.20344
1972,2,0.04606,-0.70632
1972,3,-0.00182,-0.45999
1972,4,0.18354,-0.06545
1972,5,0.42662,-0.02551
1972,6,1.28188,-0.33134
1972,7,1.91386,-0.19970
1972,8,2.61537,-0.44561
1972,9,1.86290,0.01409
1972,10,1.91249,0.45238
1972,11,2.01887,0.63447
1972,12,2.39291,0.75111
1973,1,1.62943,0.93307
1973,2,0.48341,0.78896
1973,3,-0.12699,0.33087
1973,4,-0.81665,-0.22978
1973,5,-1.27663,-0.38315
1973,6,-1.31004,-0.81918
1973,7,-1.17853,-1.26695
1973,8,-1.09380,-1.59975
1973,9,-0.81547,-1.89405
1973,10,-0.64493,-2.30365
1973,11,-0.47932,-2.72612
1973,12,-0.58552,-2.89212
1974,1,-0.65793,-2.72903
1974,2,-0.55280,-2.07267
1974,3,-0.33984,-1.77434
1974,4,0.00625,-1.81343
1974,5,0.08621,-1.90980
1974,6,-0.20264,-1.65880
1974,7,0.06264,-1.69098
1974,8,0.01639,-1.19557
1974,9,0.00176,-1.49266
1974,10,-0.40808,-1.63979
1974,11,-0.47971,-1.52594
1974,12,-0.71229,-1.32576
1975,1,-0.39576,-0.89808
1975,2,-0.73354,-0.74668
1975,3,-0.18945,-1.43629
1975,4,0.23266,-1.63799
1975,5,-0.43765,-1.68449
1975,6,-0.74596,-1.89962
1975,7,-0.34482,-2.18419
1975,8,0.01034,-2.52666
1975,9,-0.22902,-2.78459
1975,10,-0.43792,-2.88884
1975,11,-0.57481,-2.72738
1975,12,-0.73021,-2.84861
1976,1,-0.85311,-2.58205
1976,2,-0.24271,-1.94126
1976,3,-0.16796,-1.39361
1976,4,0.10137,-1.47066
1976,5,0.54784,-1.48392
1976,6,1.44381,-1.49479
1976,7,1.60058,-1.45900
1976,8,1.72729,-1.20854
1976,9,1.51482,-0.83468
1976,10,1.08133,-0.07978
1976,11,0.79334,0.11349
1976,12,0.83754,-0.31847
1977,1,0.90632,-0.01676
1977,2,0.39126,-0.03207
1977,3,0.18082,-0.21754
1977,4,-0.54101,-0.35896
1977,5,-0.35724,-0.30850
1977,6,-0.21602,-0.11374
1977,7,-0.26791,0.02021
1977,8,-0.66173,0.14687
1977,9,-0.69623,0.62571
1977,10,-0.25447,0.64247
1977,11,-0.22034,0.52649
1977,12,-0.25056,0.65627
1978,1,-0.29571,0.68259
1978,2,-0.28925,0.36339
1978,3,-0.76821,0.07810
1978,4,-0.72400,-0.59049
1978,5,-1.25427,-0.27402
1978,6,-1.09478,-0.40879
1978,7,-0.77403,-0.58637
1978,8,-1.15314,-0.50960
1978,9,-0.79170,-0.52544
1978,10,-0.46680,-0.55272
1978,11,-0.06156,-0.55787
1978,12,0.18425,-0.36800
1979,1,-0.16868,-0.14455
1979,2,-0.29966,-0.23626
1979,3,-0.29757,0.02274
1979,4,0.13822,-0.06334
1979,5,0.16607,-0.30962
1979,6,0.17279,-0.41649
1979,7,-0.08043,-0.38655
1979,8,0.44307,-0.59140
1979,9,1.00327,-0.52434
1979,10,0.78938,-0.35941
1979,11,0.35450,0.13987
1979,12,0.11323,0.46793
1980,1,-0.04880,0.72162
1980,2,-0.46206,0.67098
1980,3,-0.40952,0.42685
1980,4,-0.33858,0.25890
1980,5,-0.45920,0.40711
1980,6,-0.12938,0.31713
1980,7,-0.55196,0.21434
1980,8,-0.18039,-0.40460
1980,9,0.07876,-0.40826
1980,10,-0.47496,-0.07060
1980,11,-0.24032,-0.02096
1980,12,-0.16230,-0.07098
1981,1,-1.24608,0.08076
1981,2,-1.18468,-0.11271
1981,3,-0.53377,-0.35491
1981,4,-0.33401,-0.71335
1981,5,-0.39276,-0.82221
1981,6,-0.24918,-0.79570
1981,7,-0.26197,-1.00828
1981,8,-0.55688,-0.83175
1981,9,-0.28028,-0.37423
1981,10,-0.11292,-0.42990
1981,11,-0.31640,-0.40310
1981,12,-0.05908,-0.15170
1982,1,0.10137,0.02832
1982,2,-0.17011,-0.06468
1982,3,-0.73387,0.49805
1982,4,-0.66726,0.81000
1982,5,-0.17172,0.77615
1982,6,0.11997,0.71556
1982,7,0.58108,0.13147
1982,8,1.25607,0.08482
1982,9,2.08238,0.31011
1982,10,2.26232,0.81399
1982,11,3.10745,0.29156
1982,12,3.52396,0.28646
1983,1,3.51132,0.34205
1983,2,2.77778,0.37509
1983,3,2.50686,-0.01311
1983,4,2.93814,-0.68772
1983,5,3.24368,-0.72077
1983,6,3.45708,-1.16388
1983,7,3.06845,-1.50650
1983,8,2.59633,-1.52899
1983,9,1.69175,-1.63948
1983,10,0.99037,-1.69192
1983,11,0.48506,-1.64967
1983,12,0.22991,-1.26045
1984,1,0.00723,-0.99411
1984,2,0.00262,-0.62176
1984,3,0.17610,-0.90063
1984,4,0.28691,-1.22411
1984,5,-0.54762,-0.87434
1984,6,-0.67638,-0.86374
1984,7,-0.42194,-0.70888
1984,8,-0.01123,-0.86701
1984,9,0.09563,-0.75831
1984,10,-0.21930,-0.98724
1984,11,-0.11721,-1.46428
1984,12,-0.40584,-1.52943
1985,1,-0.81888,-0.99400
1985,2,-0.81380,-0.78272
1985,3,-0.31296,-1.31169
1985,4,-0.56455,-1.45575
1985,5,-0.94936,-1.03548
1985,6,-0.75115,-0.98789
1985,7,-1.07277,-0.62493
1985,8,-0.92578,-0.52987
1985,9,-0.94503,-0.44600
1985,10,-0.91861,-0.32134
1985,11,-0.85112,-0.28999
1985,12,-0.77258,-0.28401
1986,1,-0.64466,-0.37535
1986,2,-0.36537,-0.39497
1986,3,-0.61899,-0.11309
1986,4,-0.53119,-0.30310
1986,5,-0.98768,-0.21819
1986,6,-0.83726,0.01259
1986,7,-0.40246,0.07881
1986,8,-0.10522,0.26419
1986,9,0.16155,0.41032
1986,10,0.31541,0.49012
1986,11,0.57510,0.66860
1986,12,0.91555,0.50947
1987,1,1.05928,0.46945
1987,2,0.99049,0.70149
1987,3,1.15387,0.50841
1987,4,1.32200,-0.19003
1987,5,1.34398,-0.02427
1987,6,0.99388,0.44264
1987,7,1.28457,0.59287
1987,8,1.36260,0.79181
1987,9,1.49624,1.07813
1987,10,1.22604,0.92095
1987,11,0.87557,1.01696
1987,12,0.77514,0.91820
1988,1,0.17190,1.07999
1988,2,-0.47605,0.82651
1988,3,-0.62023,0.55226
1988,4,-0.71999,-0.12947
1988,5,-1.33138,-0.48957
1988,6,-1.85478,-0.87033
1988,7,-1.73393,-1.07392
1988,8,-1.38015,-0.87547
1988,9,-0.82059,-1.13962
1988,10,-0.66510,-2.16446
1988,11,-0.51967,-2.36187
1988,12,-0.38726,-2.45427
1989,1,-0.03945,-2.60208
1989,2,0.27349,-2.31980
1989,3,-0.19957,-1.72781
1989,4,-0.08030,-1.50705
1989,5,-0.65224,-0.91343
1989,6,-0.13628,-0.95527
1989,7,-0.25017,-0.92572
1989,8,0.01505,-1.05163
1989,9,-0.26414,-0.59845
1989,10,-0.31521,-0.55431
1989,11,-0.22024,-0.61101
1989,12,-0.48710,-0.02585
1990,1,-0.61837,0.34702
1990,2,-0.26871,0.51488
1990,3,-0.67960,0.48910
1990,4,-0.44836,0.31477
1990,5,-0.03884,0.05851
1990,6,-0.22257,0.06445
1990,7,-0.43411,0.33124
1990,8,-0.32137,0.44875
1990,9,-0.39455,0.54992
1990,10,-0.85281,0.85254
1990,11,-0.85581,0.84125
1990,12,-0.77470,1.03752
1991,1,-0.71266,1.15892
1991,2,-0.69782,0.97009
1991,3,-0.55515,0.64776
1991,4,-0.55929,0.70280
1991,5,-0.31405,0.81472
1991,6,0.34539,0.64168
1991,7,0.57122,0.67928
1991,8,0.17373,0.75075
1991,9,0.30019,0.48682
1991,10,0.32825,0.96052
1991,11,0.58432,1.03325
1991,12,0.80712,1.16626
1992,1,0.94593,1.07371
1992,2,0.67213,1.36406
1992,3,0.96021,0.91116
1992,4,1.54817,0.42622
1992,5,1.64606,0.27461
1992,6,0.60538,0.45973
1992,7,-0.35979,0.67396
1992,8,-0.29049,0.39645
1992,9,-0.20317,0.27020
1992,10,-0.40897,0.14816
1992,11,-0.41168,0.16960
1992,12,-0.37602,0.19674
1993,1,-0.21919,0.57039
1993,2,0.44087,0.38364
1993,3,0.58279,0.15464
1993,4,1.18166,0.00662
1993,5,1.35759,0.13193
1993,6,0.88671,-0.01685
1993,7,0.51138,0.05176
1993,8,0.36605,0.11657
1993,9,0.20921,0.39102
1993,10,0.48114,0.00766
1993,11,0.13113,0.11936
1993,12,-0.10858,0.43542
1994,1,-0.03837,0.37588
1994,2,-0.36202,0.25601
1994,3,-0.90509,0.53647
1994,4,-1.09296,0.69974
1994,5,-0.71386,0.63283
1994,6,-0.67348,0.64835
1994,7,-1.01877,0.92543
1994,8,-1.17995,1.19945
1994,9,-0.46013,0.84843
1994,10,0.34999,0.85497
1994,11,0.54200,1.00629
1994,12,0.49184,1.11310
1995,1,0.47433,0.94609
1995,2,-0.15727,1.06052
1995,3,-0.82635,1.19250
1995,4,-1.44601,1.17803
1995,5,-1.50538,0.84393
1995,6,-1.02372,0.50987
1995,7,-0.72779,0.18964
1995,8,-0.92915,-0.19165
1995,9,-0.79396,-0.49880
1995,10,-0.74644,-0.64299
1995,11,-0.60157,-0.89421
1995,12,-0.92160,-0.63756
1996,1,-0.74412,-0.61376
1996,2,-0.50564,-0.68559
1996,3,-0.28973,-0.57182
1996,4,-1.17916,-0.26283
1996,5,-0.96988,-0.33308
1996,6,-1.08602,-0.28617
1996,7,-0.74289,-0.46239
1996,8,-0.58439,-0.29569
1996,9,-0.51878,-0.38146
1996,10,-0.67129,-0.31223
1996,11,-0.94315,-0.09166
1996,12,-1.38674,-0.10276
1997,1,-1.30183,0.16929
1997,2,-0.95601,0.22468
1997,3,-0.25615,0.14585
1997,4,-0.10639,0.51073
1997,5,1.07574,0.31850
1997,6,2.38780,-0.16668
1997,7,3.08266,-0.00112
1997,8,3.73859,0.03728
1997,9,3.89940,0.26054
1997,10,3.98288,0.29758
1997,11,4.26895,0.31654
1997,12,4.38007,0.08422
1998,1,3.93267,0.38556
1998,2,3.17631,0.42687
1998,3,2.92387,-0.07453
1998,4,2.94026,-0.70917
1998,5,2.93494,-0.99155
1998,6,2.33252,-1.68547
1998,7,1.35472,-1.73825
1998,8,1.13786,-2.02109
1998,9,0.49181,-1.87496
1998,10,0.67697,-2.29427
1998,11,0.60573,-2.21809
1998,12,0.39040,-2.33702
1999,1,0.18742,-2.44510
1999,2,0.44174,-2.34545
1999,3,0.75166,-2.11343
1999,4,-0.12305,-1.69748
1999,5,-0.08435,-1.58205
1999,6,-0.18878,-1.54799
1999,7,0.12685,-1.71449
1999,8,0.14933,-1.76847
1999,9,-0.61502,-1.34495
1999,10,-0.75561,-1.44907
1999,11,-0.70304,-1.81779
1999,12,-0.47524,-2.09549
2000,1,-0.68839,-1.97683
2000,2,-0.12530,-2.10005
2000,3,0.44548,-2.01999
2000,4,0.97217,-2.12256
2000,5,0.58162,-1.86006
2000,6,-0.00814,-1.34020
2000,7,-0.16609,-1.02706
2000,8,-0.31075,-0.82245
2000,9,-0.09257,-0.75578
2000,10,-0.09066,-0.98636
2000,11,-0.53401,-0.92415
2000,12,-0.20885,-1.24427
2001,1,0.03590,-1.20670
2001,2,0.20385,-1.17729
2001,3,0.62745,-1.20880
2001,4,0.52571,-1.13831
2001,5,-0.03637,-0.61986
2001,6,-0.44380,-0.17571
2001,7,-0.49016,0.14714
2001,8,-0.59572,0.28608
2001,9,-1.13840,0.47659
2001,10,-1.05917,0.45000
2001,11,-1.11549,0.22616
2001,12,-0.99198,0.12530
2002,1,-1.00997,0.49162
2002,2,-0.56008,0.43151
2002,3,0.23653,0.06980
2002,4,-0.03769,0.23714
2002,5,-0.07328,0.60904
2002,6,0.09744,0.80735
2002,7,-0.25823,0.91499
2002,8,-0.12743,0.93587
2002,9,0.37267,0.85092
2002,10,0.59014,0.85709
2002,11,0.86764,1.03800
2002,12,0.80691,1.06335
2003,1,0.15769,0.84459
2003,2,-0.26844,1.09686
2003,3,-0.43684,0.99819
2003,4,-0.96567,0.61833
2003,5,-1.55203,0.31217
2003,6,-1.18436,0.42007
2003,7,-0.56194,0.52760
2003,8,-0.01640,0.34791
2003,9,-0.30743,0.53726
2003,10,0.09270,0.55355
2003,11,0.37035,0.44390
2003,12,0.30579,0.49039
2004,1,-0.03937,0.58541
2004,2,-0.11196,0.51873
2004,3,-0.36139,0.28586
2004,4,-0.40843,0.24707
2004,5,-1.22852,0.60696
2004,6,-0.89398,0.60714
2004,7,-0.73936,0.82388
2004,8,-0.65213,1.12642
2004,9,-0.34569,1.18185
2004,10,-0.07408,1.06594
2004,11,0.23338,0.90071
2004,12,0.12996,1.06812
2005,1,-0.45196,1.32012
2005,2,-0.99322,1.12919
2005,3,-1.08063,1.20268
2005,4,-0.54303,0.70973
2005,5,-0.23041,0.43725
2005,6,-0.31971,0.28202
2005,7,0.07917,-0.23190
2005,8,0.01831,-0.05355
2005,9,-0.45293,0.18053
2005,10,-0.98609,0.32915
2005,11,-1.59238,0.07732
2005,12,-1.33536,-0.34084
2006,1,-0.46173,-0.80918
2006,2,0.43232,-1.18122
2006,3,-0.02406,-0.93794
2006,4,-0.69405,-0.20267
2006,5,-0.25888,-0.04141
2006,6,-0.16894,0.00238
2006,7,-0.03016,0.13809
2006,8,0.34364,0.39742
2006,9,0.76379,0.55811
2006,10,0.87505,0.69355
2006,11,0.71448,0.99379
2006,12,0.71753,1.01266
2007,1,0.62177,0.62866
2007,2,-0.13685,0.49539
2007,3,-0.78008,0.46482
2007,4,-1.00303,0.30201
2007,5,-1.40788,0.19666
2007,6,-1.23224,0.16109
2007,7,-0.99805,-0.13272
2007,8,-1.27806,-0.22256
2007,9,-1.06317,-0.78855
2007,10,-1.29097,-0.99194
2007,11,-1.33119,-1.30674
2007,12,-1.24182,-1.49895
2008,1,-0.35856,-2.22462
2008,2,0.27418,-2.52127
2008,3,0.55411,-2.16899
2008,4,0.71943,-1.93591
2008,5,0.91203,-1.77546
2008,6,0.90282,-1.56436
2008,7,1.27374,-1.43087
2008,8,1.64977,-1.39958
2008,9,1.28781,-1.29352
2008,10,0.76984,-1.05001
2008,11,0.31789,-1.03078
2008,12,-0.15548,-1.14871
2009,1,0.16071,-1.36901
2009,2,-0.16846,-1.10399
2009,3,-0.52675,-0.73532
2009,4,0.21687,-0.52360
2009,5,0.37132,-0.11072
2009,6,0.58016,0.19054
2009,7,0.68303,0.31106
2009,8,0.67023,0.53179
2009,9,0.38244,0.84181
2009,10,0.15908,1.32247
2009,11,0.20798,1.71060
2009,12,0.44975,1.82368
2010,1,0.12908,1.79966
2010,2,0.12552,1.43818
2010,3,-0.09741,1.19180
2010,4,-0.17512,0.78538
2010,5,-0.12937,0.00064
2010,6,-0.45772,-0.56312
2010,7,-0.76168,-0.99316
2010,8,-0.62329,-1.58341
2010,9,-0.55988,-1.95556
2010,10,-0.62860,-2.18172
2010,11,-0.66535,-2.19387
2010,12,-0.63672,-2.15981
2011,1,-0.29455,-2.17624
2011,2,0.05647,-1.77267
2011,3,-0.32902,-1.29159
2011,4,0.18979,-1.30026
2011,5,0.17995,-1.02733
2011,6,0.37669,-0.94943
2011,7,0.27846,-0.92132
2011,8,0.10979,-1.08629
2011,9,-0.14648,-1.15963
2011,10,-0.56718,-1.30496
2011,11,-0.50593,-1.39453
2011,12,-0.29946,-1.56638
2012,1,0.26446,-1.61629
2012,2,0.83503,-1.54432
2012,3,0.62779,-1.30263
2012,4,0.94499,-1.18631
2012,5,0.87630,-1.00227
2012,6,1.17601,-0.78473
2012,7,0.95478,-0.49545
2012,8,0.51975,0.04331
2012,9,0.23622,0.23488
2012,10,-0.35210,0.53644
2012,11,-0.43130,0.54695
2012,12,-0.80241,0.24986
2013,1,-0.76897,-0.07673
2013,2,-0.50947,-0.27079
2013,3,-0.05573,-0.44643
2013,4,-0.55782,-0.13391
2013,5,-1.22094,0.07801
2013,6,-1.50853,0.17619
2013,7,-1.21254,0.04519
2013,8,-1.03280,0.01150
2013,9,-0.62542,-0.01339
2013,10,-0.52462,0.09363
2013,11,-0.46614,0.11488
2013,12,-0.32352,-0.08986
2014,1,-0.27611,-0.31218
2014,2,-1.01133,0.18468
2014,3,-0.61896,0.40314
2014,4,-0.28193,0.47933
2014,5,0.29764,0.42005
2014,6,0.73027,0.13875
2014,7,0.56909,-0.01894
2014,8,0.39671,0.11082
2014,9,0.23312,0.43107
2014,10,0.31797,0.61137
2014,11,0.35834,0.92817
2014,12,0.08412,0.98693
2015,1,-0.40122,1.19076
2015,2,-0.96388,1.47580
2015,3,-0.75090,1.36789
2015,4,0.07661,1.23730
2015,5,0.66860,1.07254
2015,6,1.41962,0.95014
2015,7,1.98542,0.91178
2015,8,1.80269,1.34996
2015,9,2.36509,1.36041
2015,10,2.40227,1.52272
2015,11,2.31831,1.96206
2015,12,2.39471,1.82566
2016,1,2.09554,1.81010
2016,2,1.31251,1.83939
2016,3,1.05223,1.49164
2016,4,0.24897,1.18208
2016,5,-0.07327,0.77639
2016,6,-0.05774,0.51612
2016,7,-0.47371,0.18259
2016,8,-0.34129,-0.10791
2016,9,0.15607,-0.47629
2016,10,-0.12942,-0.63096
2016,11,-0.10737,-0.65700
2016,12,-0.12098,-0.33930
2017,1,0.45175,-0.41407
2017,2,0.94248,-0.36999
2017,3,0.90547,-0.29176
2017,4,0.68927,-0.01350
2017,5,0.14285,0.30892
2017,6,-0.34432,0.55911
2017,7,-0.34870,0.49495
2017,8,-0.46772,0.16772
2017,9,-0.89899,0.06222
2017,10,-0.84247,-0.18198
2017,11,-1.16959,-0.29799
2017,12,-1.40814,-0.40430
2018,1,-1.30847,-0.38604
2018,2,-1.06624,-0.28066
2018,3,-1.30743,-0.09402
2018,4,-1.09981,0.23150
2018,5,-0.85466,0.37981
2018,6,-0.67234,0.53721
2018,7,-0.34613,0.44559
2018,8,-0.60464,0.69978
2018,9,-0.30820,0.94219
2018,10,-0.17236,1.37251
2018,11,0.24032,1.21241
2018,12,0.37831,1.07426
2019,1,0.26197,0.91680
2019,2,0.20509,0.95438
2019,3,0.09255,1.04258
2019,4,0.19505,0.85271
2019,5,0.07785,0.85603
2019,6,-0.47744,1.07121
2019,7,-1.02207,1.35327
2019,8,-1.13823,1.19639
2019,9,-1.02748,1.08590
2019,10,-0.94857,1.35577
2019,11,-0.44747,1.22173
2019,12,-0.54361,1.24929
2020,1,-0.64377,1.35918
2020,2,-0.52451,1.10330
2020,3,-0.55846,1.15044
2020,4,-0.17546,0.81977
2020,5,-0.46932,0.27271
2020,6,-1.09952,0.40174
2020,7,-1.21243,0.35144
2020,8,-0.90400,-0.15289
2020,9,-1.14011,-0.45790
2020,10,-0.77764,-1.00664
2020,11,-0.73515,-1.19493
2020,12,-0.36975,-1.35502
2021,1,-0.18553,-1.43992
2021,2,-0.29539,-1.27380
2021,3,-0.44242,-0.84476
2021,4,-0.79473,-0.50990
2021,5,-0.75423,-0.22526
2021,6,-0.35456,-0.18980
2021,7,-0.14587,-0.37382
2021,8,-0.38981,-0.34408
2021,9,-0.30455,-0.60252
2021,10,-0.42483,-0.94558
2021,11,-0.66482,-0.89259
2021,12,-1.28188,-0.81830
2022,1,-1.46176,-0.33104
2022,2,-1.54007,-0.21239
2022,3,-0.49648,-0.97878
2022,4,-0.72751,-1.01689
2022,5,-1.01801,-0.96807
2022,6,-0.96392,-0.78502
2022,7,-0.44838,-1.06315
2022,8,0.01487,-1.51474
2022,9,-0.41892,-1.58186
2022,10,-1.01580,-1.26904
2022,11,-0.73647,-1.19711
2022,12,-0.48473,-1.24585
2023,1,-0.35615,-0.93614
2023,2,0.38781,-1.10911
2023,3,1.02222,-0.84295
2023,4,1.40107,-0.54867
2023,5,1.41176,-0.20236
2023,6,1.64905,0.26108
2023,7,2.07232,0.29222
2023,8,2.52894,0.52773
2023,9,2.20060,1.01112
2023,10,2.03711,1.23204
2023,11,1.75909,1.68333
2023,12,1.44486,1.85113
2024,1,1.02626,1.99544
2024,2,0.81089,1.74974
2024,3,0.21995,1.51728
2024,4,-0.28526,1.46370
2024,6,-1.18940,1.24606
2024,7,-0.87688,0.99681
2024,9,-0.64988,0.31724
2024,10,-0.40158,0.19725
2024,11,-0.32433,0.19997
2024,12,-0.23516,-0.49128
2025,1,-0.13563,-0.78233
2025,2,0.52036,-0.92364
2025,3,1.10709,-0.77652
2025,4,0.38991,-0.46853
2025,5,-0.12862,-0.14836
2025,6,-0.13789,0.05200
2025,7,0.04934,-0.08548
2025,8,-0.06153,-0.31006
2025,9,-0.44051,-0.37255
2025,10,-0.24593,-0.60893
2025,11,-0.39505,-0.72341
2025,12,-0.87624,-0.37049
2026,1,-0.83939,-0.09059
2026,2,-0.16609,-0.03080